{"type":"FeatureCollection","features":[{"type":"Feature","properties":{"id":"110000","名称":"北京市","所属省":"北京"},"geometry":{"type":"MultiPolygon","coordinates":[[[[117.349,40.581],[117.468,40.65],[117.494,40.675],[117.278,40.664],[117.012,40.694],[116.849,40.839],[116.722,40.928],[116.648,41.059],[116.568,40.993],[116.448,40.954],[116.34,40.929],[116.454,40.766],[116.247,40.792],[116.163,40.663],[115.983,40.579],[115.828,40.587],[115.736,40.503],[115.918,40.354],[115.87,40.186],[115.774,40.176],[115.591,40.096],[115.45,39.993],[115.523,39.899],[115.514,39.837],[115.484,39.798],[115.487,39.742],[115.522,39.64],[115.634,39.6],[115.698,39.578],[115.717,39.56],[115.721,39.551],[115.722,39.544],[115.725,39.544],[115.739,39.54],[115.821,39.523],[115.868,39.547],[115.91,39.6],[116.026,39.588],[116.152,39.583],[116.307,39.488],[116.435,39.443],[116.402,39.528],[116.473,39.553],[116.592,39.621],[116.724,39.593],[116.727,39.595],[116.812,39.616],[116.89,39.688],[116.95,39.779],[116.812,39.89],[116.781,40.035],[116.928,40.055],[117.105,40.074],[117.204,40.07],[117.255,40.114],[117.307,40.137],[117.367,40.173],[117.351,40.23],[117.272,40.325],[117.264,40.442],[117.27,40.561],[117.349,40.581]]]]}},{"type":"Feature","properties":{"id":"120000","名称":"天津市","所属省":"天津"},"geometry":{"type":"MultiPolygon","coordinates":[[[[117.766,39.401],[117.9,39.474],[117.934,39.574],[117.754,39.58],[117.707,39.576],[117.663,39.636],[117.596,39.746],[117.529,39.859],[117.513,39.909],[117.515,39.947],[117.595,39.995],[117.756,39.965],[117.795,39.997],[117.769,40.022],[117.753,40.082],[117.656,40.109],[117.652,40.123],[117.61,40.16],[117.549,40.233],[117.39,40.228],[117.367,40.173],[117.274,40.106],[117.224,40.095],[117.198,39.993],[117.228,39.853],[117.156,39.817],[117.165,39.719],[117.109,39.625],[116.983,39.639],[116.945,39.695],[116.906,39.688],[116.808,39.577],[116.785,39.466],[116.841,39.378],[116.89,39.338],[116.856,39.216],[116.912,39.111],[116.813,39.051],[116.754,39.035],[116.708,38.932],[116.738,38.785],[116.859,38.741],[116.951,38.689],[117.039,38.688],[117.11,38.585],[117.213,38.64],[117.238,38.581],[117.479,38.617],[117.729,38.68],[117.647,38.789],[117.847,38.855],[117.838,39.057],[118.033,39.22],[118.037,39.265],[117.982,39.299],[117.973,39.312],[117.92,39.318],[117.855,39.328],[117.811,39.355],[117.671,39.358],[117.521,39.357],[117.669,39.412],[117.766,39.401]]],[[[117.805,39.373],[117.852,39.381],[117.847,39.408],[117.766,39.401],[117.785,39.377],[117.805,39.373]]]]}},{"type":"Feature","properties":{"id":"130100","名称":"石家庄市","所属省":"河北"},"geometry":{"type":"MultiPolygon","coordinates":[[[[113.84,38.758],[113.745,38.702],[113.702,38.652],[113.604,38.616],[113.546,38.493],[113.525,38.383],[113.545,38.27],[113.637,38.233],[113.715,38.194],[113.757,38.172],[113.823,38.15],[113.856,38.066],[113.901,37.985],[113.972,37.869],[114.019,37.795],[113.994,37.707],[114.14,37.676],[114.06,37.516],[114.069,37.447],[114.134,37.499],[114.215,37.511],[114.311,37.5],[114.373,37.53],[114.52,37.575],[114.699,37.589],[114.797,37.628],[114.871,37.702],[114.932,37.729],[115.013,37.752],[115.085,37.779],[115.123,37.812],[115.153,37.76],[115.261,37.688],[115.297,37.63],[115.317,37.695],[115.386,37.727],[115.352,37.784],[115.389,37.853],[115.386,37.917],[115.458,37.951],[115.438,38.001],[115.468,38.095],[115.365,38.138],[115.324,38.221],[115.264,38.261],[115.21,38.236],[115.108,38.265],[115.066,38.265],[114.99,38.272],[114.886,38.265],[114.923,38.316],[114.91,38.394],[114.841,38.461],[114.811,38.492],[114.674,38.474],[114.584,38.596],[114.537,38.632],[114.453,38.699],[114.341,38.69],[114.129,38.67],[114.029,38.688],[113.932,38.714],[113.84,38.758]]]]}},{"type":"Feature","properties":{"id":"130200","名称":"唐山市","所属省":"河北"},"geometry":{"type":"MultiPolygon","coordinates":[[[[119.319,39.43],[119.186,39.459],[119.016,39.482],[118.983,39.539],[118.882,39.567],[118.825,39.649],[118.774,39.764],[118.817,39.826],[118.86,39.934],[118.866,40.024],[118.925,40.15],[118.849,40.179],[118.746,40.208],[118.571,40.27],[118.54,40.361],[118.548,40.423],[118.431,40.412],[118.356,40.435],[118.24,40.465],[118.165,40.4],[118.062,40.319],[117.898,40.27],[117.751,40.23],[117.646,40.205],[117.576,40.179],[117.65,40.128],[117.675,40.082],[117.758,40.066],[117.744,40.018],[117.756,39.965],[117.635,39.969],[117.533,39.953],[117.519,39.891],[117.561,39.8],[117.596,39.735],[117.644,39.689],[117.642,39.628],[117.636,39.604],[117.689,39.569],[117.745,39.549],[117.768,39.599],[117.868,39.597],[117.912,39.516],[117.87,39.455],[117.805,39.373],[117.842,39.337],[117.972,39.314],[118.037,39.265],[118.026,39.202],[118.125,39.183],[118.267,39.022],[118.371,38.984],[118.525,38.905],[118.533,39.091],[118.579,39.131],[118.72,39.137],[118.876,39.15],[118.897,39.14],[119.024,39.187],[119.186,39.342],[119.319,39.43]]],[[[117.785,39.377],[117.702,39.389],[117.614,39.407],[117.558,39.386],[117.595,39.349],[117.671,39.358],[117.785,39.377]]],[[[118.63,39.055],[118.64,39.042],[118.654,39.057],[118.639,39.076],[118.621,39.068],[118.63,39.055]]],[[[118.869,39.143],[118.843,39.118],[118.82,39.109],[118.82,39.094],[118.858,39.099],[118.872,39.115],[118.869,39.143]]],[[[118.839,39.154],[118.815,39.132],[118.826,39.123],[118.841,39.136],[118.839,39.154]]]]}},{"type":"Feature","properties":{"id":"130300","名称":"秦皇岛市","所属省":"河北"},"geometry":{"type":"MultiPolygon","coordinates":[[[[119.319,39.43],[119.335,39.656],[119.397,39.761],[119.538,39.831],[119.588,39.91],[119.674,39.933],[119.817,39.978],[119.872,39.961],[119.817,40.053],[119.772,40.082],[119.746,40.208],[119.625,40.224],[119.621,40.304],[119.6,40.407],[119.555,40.517],[119.52,40.547],[119.442,40.54],[119.256,40.543],[119.178,40.609],[119.086,40.589],[118.983,40.564],[118.887,40.542],[118.792,40.492],[118.657,40.451],[118.64,40.355],[118.569,40.288],[118.709,40.216],[118.794,40.205],[118.907,40.17],[118.866,40.062],[118.875,39.941],[118.838,39.848],[118.8,39.776],[118.822,39.669],[118.861,39.575],[118.945,39.545],[119.008,39.509],[119.064,39.474],[119.28,39.423],[119.319,39.43]]]]}},{"type":"Feature","properties":{"id":"130400","名称":"邯郸市","所属省":"河北"},"geometry":{"type":"MultiPolygon","coordinates":[[[[115.478,36.755],[115.363,36.771],[115.308,36.837],[115.177,36.854],[115.143,36.899],[115.112,36.958],[114.986,36.95],[114.836,36.958],[114.743,36.932],[114.671,36.917],[114.555,36.846],[114.421,36.839],[114.3,36.845],[114.1,36.839],[114.028,36.881],[113.901,36.997],[113.795,36.995],[113.787,36.87],[113.732,36.879],[113.684,36.825],[113.6,36.753],[113.499,36.741],[113.507,36.705],[113.535,36.629],[113.588,36.563],[113.554,36.495],[113.67,36.425],[113.755,36.366],[113.856,36.329],[113.911,36.315],[113.953,36.358],[113.995,36.344],[114.024,36.355],[114.062,36.318],[114.093,36.278],[114.169,36.243],[114.236,36.253],[114.345,36.256],[114.418,36.206],[114.558,36.151],[114.63,36.124],[114.721,36.14],[114.825,36.124],[114.912,36.141],[114.92,36.048],[115.049,36.162],[115.143,36.21],[115.242,36.191],[115.297,36.109],[115.378,36.129],[115.431,36.149],[115.47,36.153],[115.465,36.25],[115.423,36.322],[115.369,36.343],[115.312,36.434],[115.273,36.497],[115.331,36.55],[115.388,36.647],[115.447,36.695],[115.478,36.755]]]]}},{"type":"Feature","properties":{"id":"130500","名称":"邢台市","所属省":"河北"},"geometry":{"type":"MultiPolygon","coordinates":[[[[115.255,37.646],[115.227,37.733],[115.15,37.809],[115.097,37.797],[115.07,37.746],[114.987,37.743],[114.896,37.712],[114.841,37.676],[114.726,37.631],[114.647,37.556],[114.433,37.553],[114.358,37.519],[114.273,37.494],[114.166,37.528],[114.113,37.494],[113.974,37.403],[113.899,37.279],[113.837,37.19],[113.773,37.107],[113.79,37.043],[113.859,37.015],[113.984,36.941],[114.09,36.861],[114.226,36.843],[114.336,36.847],[114.479,36.833],[114.567,36.891],[114.718,36.938],[114.787,36.914],[114.892,36.97],[115.059,36.957],[115.106,36.924],[115.17,36.882],[115.283,36.863],[115.336,36.776],[115.424,36.766],[115.524,36.764],[115.665,36.813],[115.741,36.906],[115.784,36.971],[115.854,37.059],[115.756,37.21],[115.633,37.277],[115.599,37.333],[115.507,37.369],[115.345,37.448],[115.411,37.476],[115.426,37.506],[115.41,37.523],[115.361,37.524],[115.202,37.556],[115.192,37.609],[115.255,37.646]]]]}},{"type":"Feature","properties":{"id":"130600","名称":"保定市","所属省":"河北"},"geometry":{"type":"MultiPolygon","coordinates":[[[[115.325,38.248],[115.394,38.286],[115.421,38.338],[115.495,38.362],[115.551,38.333],[115.645,38.326],[115.731,38.393],[115.77,38.488],[115.869,38.525],[115.934,38.547],[115.973,38.636],[115.966,38.709],[116,38.797],[116.049,38.861],[116.113,38.91],[116.21,38.922],[116.253,38.932],[116.335,38.984],[116.307,39.032],[116.282,39.108],[116.208,39.169],[116.209,39.33],[116.133,39.406],[116.182,39.496],[116.246,39.557],[116.15,39.573],[115.995,39.577],[115.96,39.561],[115.916,39.583],[115.856,39.555],[115.752,39.515],[115.698,39.579],[115.633,39.598],[115.516,39.591],[115.507,39.652],[115.482,39.742],[115.457,39.782],[115.569,39.814],[115.523,39.899],[115.427,39.95],[115.366,39.867],[115.343,39.792],[115.215,39.708],[115.139,39.689],[115.011,39.675],[114.891,39.635],[114.761,39.617],[114.655,39.599],[114.563,39.558],[114.502,39.477],[114.48,39.351],[114.437,39.259],[114.476,39.216],[114.418,39.172],[114.349,39.077],[114.197,39.05],[114.109,39.052],[114.051,39.136],[113.943,39.087],[113.831,39.012],[113.775,38.919],[113.856,38.829],[113.865,38.746],[113.965,38.7],[114.086,38.658],[114.213,38.688],[114.413,38.704],[114.522,38.654],[114.528,38.591],[114.635,38.515],[114.731,38.482],[114.819,38.45],[114.854,38.436],[114.933,38.344],[114.903,38.295],[114.928,38.283],[115.032,38.267],[115.074,38.293],[115.169,38.26],[115.252,38.291],[115.303,38.235],[115.325,38.248]]]]}},{"type":"Feature","properties":{"id":"130700","名称":"张家口市","所属省":"河北"},"geometry":{"type":"MultiPolygon","coordinates":[[[[116.365,40.943],[116.265,41.038],[116.245,41.114],[116.221,41.186],[116.192,41.288],[116.142,41.373],[116.03,41.417],[115.982,41.485],[115.929,41.596],[116.056,41.734],[116.017,41.777],[115.916,41.945],[115.811,41.912],[115.724,41.868],[115.631,41.825],[115.52,41.768],[115.347,41.712],[115.361,41.661],[115.311,41.593],[115.266,41.593],[115.195,41.602],[115.099,41.624],[114.978,41.612],[114.861,41.601],[114.896,41.768],[114.921,41.876],[114.915,41.959],[114.89,42.03],[114.828,42.148],[114.71,42.115],[114.625,42.112],[114.501,42.086],[114.468,42.026],[114.511,41.973],[114.374,41.957],[114.33,41.917],[114.2,41.779],[114.238,41.699],[114.228,41.62],[114.231,41.514],[113.978,41.507],[113.885,41.438],[113.934,41.377],[113.9,41.316],[113.953,41.254],[114.007,41.251],[113.974,41.174],[113.82,41.102],[113.923,41.024],[114.001,40.947],[114.052,40.893],[114.045,40.831],[114.135,40.737],[114.216,40.634],[114.283,40.591],[114.286,40.526],[114.3,40.44],[114.382,40.362],[114.499,40.354],[114.47,40.268],[114.293,40.23],[114.18,40.191],[114.098,40.194],[114.091,40.075],[113.974,40.097],[113.922,40.027],[114.021,39.992],[114.068,39.922],[114.212,39.919],[114.277,39.874],[114.395,39.867],[114.408,39.652],[114.515,39.565],[114.584,39.586],[114.681,39.588],[114.784,39.609],[114.936,39.664],[115.032,39.702],[115.169,39.673],[115.251,39.739],[115.33,39.807],[115.365,39.885],[115.428,39.984],[115.479,40.036],[115.576,40.101],[115.645,40.127],[115.754,40.163],[115.844,40.168],[115.883,40.216],[115.96,40.257],[115.923,40.326],[115.847,40.375],[115.782,40.492],[115.82,40.559],[115.908,40.617],[116.028,40.607],[116.122,40.629],[116.171,40.696],[116.248,40.792],[116.308,40.752],[116.416,40.769],[116.437,40.821],[116.335,40.922],[116.365,40.943]]]]}},{"type":"Feature","properties":{"id":"130800","名称":"承德市","所属省":"河北"},"geometry":{"type":"MultiPolygon","coordinates":[[[[119.159,40.614],[119.176,40.69],[119.082,40.672],[119.011,40.688],[118.912,40.756],[118.862,40.803],[118.873,40.848],[118.947,40.958],[119.013,41.008],[118.965,41.079],[119.074,41.084],[119.159,41.17],[119.17,41.223],[119.248,41.277],[119.155,41.298],[118.975,41.307],[118.868,41.313],[118.763,41.329],[118.63,41.346],[118.501,41.346],[118.38,41.312],[118.344,41.404],[118.27,41.479],[118.313,41.562],[118.231,41.582],[118.207,41.651],[118.131,41.742],[118.236,41.808],[118.32,41.831],[118.287,41.911],[118.306,41.975],[118.238,42.023],[118.252,42.091],[118.204,42.035],[118.115,42.046],[118.098,42.105],[118.089,42.184],[117.971,42.248],[118.016,42.333],[117.998,42.417],[117.85,42.547],[117.802,42.613],[117.644,42.59],[117.525,42.591],[117.444,42.577],[117.408,42.52],[117.33,42.462],[117.222,42.475],[117.079,42.461],[116.965,42.422],[116.897,42.298],[116.858,42.197],[116.865,42.124],[116.88,42.018],[116.796,41.978],[116.669,41.948],[116.534,41.939],[116.454,41.946],[116.409,41.994],[116.298,41.968],[116.211,41.907],[116.135,41.864],[116.099,41.776],[115.973,41.68],[115.959,41.55],[116,41.454],[116.077,41.385],[116.203,41.326],[116.214,41.233],[116.246,41.164],[116.277,41.083],[116.334,40.984],[116.398,40.906],[116.474,40.92],[116.536,40.989],[116.623,41.021],[116.665,41.047],[116.678,40.971],[116.731,40.898],[116.814,40.848],[116.896,40.797],[116.98,40.703],[117.111,40.708],[117.261,40.681],[117.359,40.674],[117.515,40.66],[117.449,40.628],[117.402,40.573],[117.312,40.578],[117.247,40.512],[117.237,40.456],[117.228,40.386],[117.275,40.332],[117.332,40.29],[117.415,40.237],[117.514,40.228],[117.576,40.193],[117.677,40.221],[117.808,40.262],[117.909,40.286],[118.079,40.353],[118.153,40.41],[118.263,40.452],[118.36,40.429],[118.456,40.414],[118.572,40.415],[118.532,40.319],[118.597,40.309],[118.618,40.425],[118.724,40.474],[118.821,40.532],[118.966,40.536],[119.013,40.577],[119.159,40.614]]]]}},{"type":"Feature","properties":{"id":"130900","名称":"沧州市","所属省":"河北"},"geometry":{"type":"MultiPolygon","coordinates":[[[[116.336,37.581],[116.369,37.526],[116.486,37.524],[116.575,37.61],[116.664,37.688],[116.723,37.767],[116.786,37.826],[116.884,37.844],[117.027,37.832],[117.185,37.85],[117.344,37.863],[117.481,37.915],[117.556,38.057],[117.68,38.08],[117.769,38.132],[117.808,38.228],[117.917,38.323],[117.846,38.368],[117.725,38.457],[117.645,38.528],[117.639,38.57],[117.541,38.604],[117.369,38.565],[117.292,38.562],[117.256,38.614],[117.151,38.618],[117.072,38.607],[117.039,38.688],[116.994,38.696],[116.859,38.741],[116.774,38.652],[116.715,38.609],[116.662,38.581],[116.673,38.547],[116.627,38.501],[116.559,38.497],[116.453,38.535],[116.455,38.58],[116.367,38.673],[116.423,38.77],[116.279,38.837],[116.212,38.87],[116.152,38.948],[116.085,38.911],[116.035,38.83],[115.995,38.778],[115.955,38.703],[115.951,38.628],[115.941,38.531],[115.875,38.51],[115.746,38.481],[115.705,38.367],[115.805,38.346],[115.837,38.273],[115.9,38.203],[115.939,38.144],[116.055,38.131],[116.055,38.072],[116.043,38.027],[116.121,37.949],[116.171,37.934],[116.226,37.951],[116.278,37.962],[116.371,38.019],[116.496,38.014],[116.515,37.893],[116.467,37.806],[116.438,37.759],[116.379,37.66],[116.328,37.605],[116.336,37.581]]]]}},{"type":"Feature","properties":{"id":"131000","名称":"廊坊市","所属省":"河北"},"geometry":{"type":"MultiPolygon","coordinates":[[[[116.245,39.517],[116.18,39.487],[116.117,39.376],[116.201,39.252],[116.222,39.148],[116.305,39.098],[116.294,39.007],[116.316,38.963],[116.244,38.949],[116.2,38.916],[116.249,38.86],[116.338,38.807],[116.406,38.704],[116.419,38.599],[116.432,38.553],[116.466,38.494],[116.59,38.484],[116.647,38.507],[116.643,38.565],[116.681,38.606],[116.738,38.631],[116.766,38.742],[116.739,38.807],[116.722,38.897],[116.729,38.975],[116.787,39.062],[116.882,39.072],[116.87,39.154],[116.875,39.23],[116.884,39.305],[116.849,39.34],[116.834,39.403],[116.816,39.452],[116.814,39.51],[116.788,39.555],[116.79,39.611],[116.703,39.61],[116.647,39.599],[116.567,39.604],[116.508,39.551],[116.438,39.526],[116.403,39.527],[116.444,39.482],[116.35,39.453],[116.258,39.501],[116.245,39.517]]],[[[117.21,40.082],[117.12,40.072],[117.028,40.034],[116.928,40.055],[116.82,40.028],[116.757,39.962],[116.827,39.877],[116.903,39.848],[116.95,39.779],[116.917,39.731],[116.917,39.706],[116.975,39.637],[117.127,39.617],[117.16,39.667],[117.162,39.747],[117.157,39.797],[117.252,39.835],[117.167,39.869],[117.157,39.938],[117.198,39.993],[117.21,40.082]]]]}},{"type":"Feature","properties":{"id":"131100","名称":"衡水市","所属省":"河北"},"geometry":{"type":"MultiPolygon","coordinates":[[[[115.854,37.059],[115.912,37.176],[115.953,37.224],[115.968,37.287],[116.025,37.36],[116.106,37.369],[116.285,37.403],[116.23,37.46],[116.272,37.478],[116.288,37.549],[116.375,37.639],[116.425,37.736],[116.461,37.779],[116.473,37.865],[116.565,37.98],[116.479,38.011],[116.329,38.008],[116.266,37.961],[116.188,37.968],[116.091,37.911],[116.072,37.98],[116.071,38.041],[116.032,38.101],[115.987,38.126],[115.901,38.158],[115.856,38.241],[115.85,38.309],[115.739,38.37],[115.65,38.341],[115.576,38.326],[115.517,38.357],[115.462,38.327],[115.383,38.299],[115.35,38.248],[115.342,38.196],[115.421,38.09],[115.467,38.064],[115.445,37.989],[115.413,37.943],[115.36,37.88],[115.36,37.82],[115.344,37.748],[115.381,37.707],[115.317,37.66],[115.255,37.646],[115.173,37.6],[115.237,37.575],[115.359,37.559],[115.431,37.507],[115.402,37.51],[115.431,37.47],[115.391,37.428],[115.52,37.354],[115.591,37.313],[115.673,37.276],[115.77,37.142],[115.854,37.059]]]]}},{"type":"Feature","properties":{"id":"140100","名称":"太原市","所属省":"山西"},"geometry":{"type":"MultiPolygon","coordinates":[[[[113.067,38.056],[112.961,38.14],[112.936,38.179],[113.026,38.255],[113.109,38.307],[113.152,38.376],[113.086,38.416],[113.031,38.368],[112.945,38.334],[112.796,38.251],[112.64,38.246],[112.558,38.223],[112.5,38.237],[112.406,38.267],[112.305,38.307],[112.234,38.262],[112.251,38.15],[112.16,38.15],[112.012,38.184],[111.873,38.193],[111.818,38.214],[111.744,38.184],[111.643,38.116],[111.546,38.075],[111.517,38.02],[111.58,37.903],[111.642,37.861],[111.747,37.87],[111.808,37.817],[111.935,37.741],[112.035,37.711],[112.176,37.675],[112.256,37.562],[112.296,37.522],[112.33,37.459],[112.395,37.463],[112.508,37.479],[112.594,37.521],[112.598,37.599],[112.605,37.667],[112.654,37.731],[112.675,37.812],[112.758,37.882],[112.768,37.939],[112.863,37.99],[112.939,37.99],[113.009,38.04],[113.067,38.056]]]]}},{"type":"Feature","properties":{"id":"140200","名称":"大同市","所属省":"山西"},"geometry":{"type":"MultiPolygon","coordinates":[[[[113.577,39.438],[113.698,39.419],[113.791,39.378],[113.942,39.309],[113.94,39.207],[114.001,39.101],[114.097,39.084],[114.181,39.049],[114.321,39.071],[114.388,39.177],[114.466,39.188],[114.438,39.26],[114.48,39.351],[114.502,39.477],[114.557,39.551],[114.496,39.608],[114.407,39.69],[114.407,39.833],[114.246,39.862],[114.228,39.896],[114.09,39.91],[114.029,39.985],[113.915,40.006],[113.981,40.073],[114.044,40.057],[114.068,40.18],[114.145,40.177],[114.255,40.236],[114.406,40.246],[114.531,40.345],[114.404,40.354],[114.287,40.423],[114.296,40.536],[114.258,40.611],[114.2,40.662],[114.093,40.732],[114.07,40.66],[114.08,40.548],[113.948,40.517],[113.851,40.461],[113.763,40.474],[113.584,40.371],[113.388,40.319],[113.274,40.39],[113.115,40.381],[112.891,40.305],[112.73,40.168],[112.626,40.223],[112.622,40.164],[112.596,40.115],[112.643,40.035],[112.591,39.836],[112.648,39.741],[112.752,39.758],[112.831,39.798],[112.934,39.842],[112.947,39.887],[113.123,39.908],[113.305,39.934],[113.44,39.852],[113.329,39.802],[113.386,39.682],[113.432,39.582],[113.511,39.52],[113.577,39.438]]]]}},{"type":"Feature","properties":{"id":"140300","名称":"阳泉市","所属省":"山西"},"geometry":{"type":"MultiPolygon","coordinates":[[[[113.555,38.521],[113.435,38.521],[113.294,38.468],[113.146,38.412],[113.157,38.345],[113.052,38.276],[112.958,38.217],[112.92,38.157],[113.012,38.085],[113.1,38.065],[113.212,38.082],[113.255,38.058],[113.335,37.981],[113.37,37.867],[113.442,37.765],[113.533,37.679],[113.671,37.663],[113.772,37.663],[113.905,37.706],[114.001,37.735],[114.007,37.813],[113.959,37.906],[113.878,38.032],[113.824,38.107],[113.826,38.169],[113.721,38.175],[113.679,38.205],[113.57,38.237],[113.557,38.343],[113.573,38.449],[113.555,38.521]]]]}},{"type":"Feature","properties":{"id":"140400","名称":"长治市","所属省":"山西"},"geometry":{"type":"MultiPolygon","coordinates":[[[[111.996,36.687],[112.042,36.602],[112.162,36.513],[112.257,36.41],[112.395,36.346],[112.471,36.287],[112.566,36.273],[112.561,36.163],[112.49,36.069],[112.63,36.062],[112.739,35.994],[112.88,35.927],[113.066,35.891],[113.204,35.889],[113.322,35.886],[113.418,35.834],[113.526,35.853],[113.624,35.831],[113.644,35.855],[113.637,35.976],[113.681,36.015],[113.686,36.056],[113.714,36.133],[113.652,36.172],[113.698,36.214],[113.716,36.263],[113.729,36.341],[113.629,36.455],[113.559,36.531],[113.57,36.586],[113.487,36.635],[113.478,36.697],[113.536,36.732],[113.495,36.807],[113.378,36.879],[113.312,36.977],[113.228,36.931],[113.176,36.95],[113.09,36.919],[112.968,36.906],[112.882,36.937],[112.853,36.987],[112.739,37.05],[112.651,37.121],[112.541,37.091],[112.446,37.117],[112.505,37.034],[112.543,36.96],[112.422,36.938],[112.319,36.95],[112.176,37.012],[112.063,36.962],[112.077,36.884],[111.988,36.811],[111.996,36.687]]]]}},{"type":"Feature","properties":{"id":"140500","名称":"晋城市","所属省":"山西"},"geometry":{"type":"MultiPolygon","coordinates":[[[[112.059,35.28],[112.243,35.235],[112.367,35.22],[112.49,35.23],[112.575,35.221],[112.637,35.264],[112.683,35.234],[112.72,35.206],[112.822,35.258],[112.936,35.284],[112.985,35.338],[113.067,35.354],[113.149,35.351],[113.185,35.409],[113.304,35.427],[113.312,35.481],[113.392,35.507],[113.507,35.517],[113.557,35.62],[113.625,35.632],[113.602,35.706],[113.605,35.8],[113.526,35.853],[113.418,35.834],[113.322,35.886],[113.204,35.889],[113.066,35.891],[112.88,35.927],[112.739,35.994],[112.63,36.062],[112.517,35.963],[112.382,35.896],[112.24,35.897],[112.159,35.87],[112.187,35.817],[112.036,35.856],[112.025,35.752],[111.964,35.665],[111.967,35.567],[111.974,35.431],[112.053,35.341],[112.059,35.28]]]]}},{"type":"Feature","properties":{"id":"140600","名称":"朔州市","所属省":"山西"},"geometry":{"type":"MultiPolygon","coordinates":[[[[112.624,40.237],[112.418,40.295],[112.3,40.212],[112.21,40.108],[112.134,40.002],[112.035,39.854],[111.971,39.766],[111.924,39.666],[111.972,39.567],[111.906,39.518],[111.971,39.447],[112.007,39.383],[112.049,39.297],[112.108,39.27],[112.192,39.23],[112.25,39.183],[112.305,39.119],[112.313,39.115],[112.438,39.104],[112.558,39.119],[112.65,39.09],[112.726,39.14],[112.808,39.173],[112.886,39.239],[113.036,39.321],[113.136,39.344],[113.225,39.296],[113.423,39.332],[113.534,39.385],[113.57,39.453],[113.485,39.55],[113.429,39.606],[113.411,39.715],[113.344,39.806],[113.381,39.906],[113.286,39.949],[113.052,39.916],[112.967,39.868],[112.912,39.829],[112.817,39.789],[112.734,39.753],[112.621,39.76],[112.604,39.881],[112.611,40.079],[112.582,40.128],[112.622,40.183],[112.624,40.237]]]]}},{"type":"Feature","properties":{"id":"140700","名称":"晋中市","所属省":"山西"},"geometry":{"type":"MultiPolygon","coordinates":[[[[113.543,36.744],[113.681,36.79],[113.697,36.882],[113.742,36.851],[113.762,36.956],[113.79,37.043],[113.773,37.107],[113.837,37.19],[113.899,37.279],[113.974,37.403],[114.028,37.475],[114.115,37.62],[114.088,37.709],[113.993,37.684],[113.837,37.676],[113.706,37.685],[113.614,37.681],[113.481,37.7],[113.394,37.823],[113.326,37.903],[113.285,38.029],[113.254,38.09],[113.164,38.055],[113.067,38.056],[113.023,38.026],[112.921,37.997],[112.826,38.004],[112.778,37.924],[112.738,37.875],[112.684,37.799],[112.65,37.71],[112.62,37.643],[112.609,37.573],[112.591,37.507],[112.464,37.469],[112.39,37.484],[112.327,37.448],[112.217,37.338],[112.118,37.296],[112.05,37.299],[111.972,37.254],[111.946,37.209],[111.906,37.099],[111.792,37.023],[111.679,36.97],[111.553,36.982],[111.512,36.974],[111.585,36.919],[111.465,36.865],[111.415,36.804],[111.499,36.804],[111.552,36.779],[111.623,36.688],[111.672,36.695],[111.819,36.713],[111.936,36.705],[112.008,36.747],[112.029,36.887],[112.068,36.908],[112.101,36.977],[112.249,36.984],[112.355,36.956],[112.482,36.962],[112.539,36.992],[112.486,37.095],[112.498,37.125],[112.614,37.103],[112.717,37.095],[112.794,37.007],[112.88,36.97],[112.898,36.875],[113.04,36.926],[113.156,36.922],[113.211,36.928],[113.28,36.956],[113.373,36.907],[113.418,36.859],[113.522,36.754],[113.543,36.744]]]]}},{"type":"Feature","properties":{"id":"140800","名称":"运城市","所属省":"山西"},"geometry":{"type":"MultiPolygon","coordinates":[[[[110.577,35.737],[110.604,35.657],[110.567,35.539],[110.478,35.414],[110.378,35.211],[110.347,35.084],[110.302,34.989],[110.231,34.881],[110.243,34.726],[110.296,34.611],[110.533,34.584],[110.706,34.604],[110.853,34.635],[110.936,34.73],[111.066,34.752],[111.178,34.804],[111.255,34.82],[111.396,34.815],[111.528,34.85],[111.592,34.882],[111.681,34.952],[111.739,35.004],[111.809,35.037],[111.886,35.07],[111.963,35.079],[112.062,35.056],[112.041,35.19],[112.059,35.28],[112.033,35.39],[111.949,35.394],[111.838,35.435],[111.845,35.482],[111.844,35.553],[111.765,35.611],[111.653,35.643],[111.587,35.581],[111.507,35.575],[111.362,35.551],[111.266,35.598],[111.292,35.669],[111.322,35.713],[111.236,35.704],[111.166,35.776],[111.062,35.756],[110.952,35.786],[110.899,35.691],[110.76,35.733],[110.697,35.765],[110.617,35.763],[110.577,35.737]]]]}},{"type":"Feature","properties":{"id":"140900","名称":"忻州市","所属省":"山西"},"geometry":{"type":"MultiPolygon","coordinates":[[[[111.93,39.611],[111.788,39.59],[111.617,39.633],[111.502,39.663],[111.463,39.624],[111.439,39.602],[111.427,39.503],[111.352,39.427],[111.199,39.421],[111.126,39.367],[111.184,39.351],[111.214,39.301],[111.219,39.246],[111.147,39.1],[110.998,38.998],[111.012,38.878],[110.979,38.788],[110.955,38.709],[111.025,38.659],[111.202,38.729],[111.25,38.636],[111.374,38.573],[111.468,38.51],[111.552,38.507],[111.706,38.598],[111.725,38.514],[111.783,38.421],[111.822,38.337],[111.779,38.248],[111.848,38.23],[111.915,38.181],[112.101,38.167],[112.212,38.144],[112.251,38.22],[112.248,38.292],[112.341,38.303],[112.447,38.276],[112.525,38.268],[112.621,38.206],[112.694,38.242],[112.851,38.306],[112.978,38.342],[113.069,38.388],[113.146,38.412],[113.294,38.468],[113.435,38.521],[113.555,38.521],[113.613,38.646],[113.714,38.664],[113.776,38.71],[113.837,38.796],[113.801,38.855],[113.777,38.987],[113.898,39.068],[113.953,39.127],[113.947,39.296],[113.841,39.371],[113.739,39.421],[113.586,39.441],[113.534,39.385],[113.423,39.332],[113.225,39.296],[113.136,39.344],[113.036,39.321],[112.886,39.239],[112.808,39.173],[112.726,39.14],[112.65,39.09],[112.558,39.119],[112.438,39.104],[112.313,39.115],[112.305,39.119],[112.25,39.183],[112.192,39.23],[112.108,39.27],[112.049,39.297],[112.007,39.383],[111.971,39.447],[111.906,39.518],[111.972,39.567],[111.93,39.611]]]]}},{"type":"Feature","properties":{"id":"141000","名称":"临汾市","所属省":"山西"},"geometry":{"type":"MultiPolygon","coordinates":[[[[110.41,36.9],[110.414,36.866],[110.423,36.819],[110.413,36.763],[110.44,36.737],[110.42,36.684],[110.447,36.621],[110.501,36.536],[110.487,36.394],[110.474,36.248],[110.451,36.132],[110.5,36.008],[110.503,35.943],[110.551,35.838],[110.574,35.77],[110.656,35.788],[110.685,35.729],[110.846,35.719],[110.954,35.719],[111.003,35.734],[111.127,35.82],[111.189,35.73],[111.265,35.68],[111.348,35.671],[111.29,35.63],[111.271,35.559],[111.423,35.559],[111.571,35.554],[111.604,35.633],[111.683,35.64],[111.861,35.6],[111.903,35.523],[111.839,35.458],[111.851,35.399],[111.974,35.431],[111.967,35.567],[111.964,35.665],[112.025,35.752],[112.036,35.856],[112.187,35.817],[112.159,35.87],[112.24,35.897],[112.382,35.896],[112.517,35.963],[112.49,36.069],[112.561,36.163],[112.566,36.273],[112.471,36.287],[112.395,36.346],[112.257,36.41],[112.162,36.513],[112.042,36.602],[111.996,36.687],[111.837,36.697],[111.76,36.717],[111.677,36.651],[111.546,36.745],[111.519,36.789],[111.462,36.772],[111.357,36.755],[111.277,36.759],[111.201,36.806],[111.115,36.836],[111.095,36.913],[111.014,36.9],[110.994,36.908],[110.897,36.886],[110.776,36.877],[110.662,36.934],[110.605,36.875],[110.535,36.87],[110.433,36.885],[110.41,36.9]]]]}},{"type":"Feature","properties":{"id":"141100","名称":"吕梁市","所属省":"山西"},"geometry":{"type":"MultiPolygon","coordinates":[[[[112.33,37.459],[112.296,37.522],[112.256,37.562],[112.176,37.675],[112.035,37.711],[111.935,37.741],[111.808,37.817],[111.747,37.87],[111.642,37.861],[111.58,37.903],[111.517,38.02],[111.546,38.075],[111.643,38.116],[111.744,38.184],[111.818,38.214],[111.842,38.304],[111.789,38.388],[111.793,38.451],[111.75,38.582],[111.61,38.542],[111.506,38.519],[111.446,38.564],[111.347,38.603],[111.228,38.667],[111.124,38.706],[110.986,38.684],[110.915,38.704],[110.897,38.588],[110.871,38.51],[110.797,38.453],[110.702,38.353],[110.578,38.297],[110.524,38.211],[110.502,38.098],[110.527,37.988],[110.588,37.927],[110.68,37.79],[110.717,37.729],[110.775,37.681],[110.772,37.593],[110.76,37.504],[110.63,37.384],[110.679,37.318],[110.585,37.181],[110.46,37.045],[110.441,37.006],[110.406,36.992],[110.462,36.887],[110.539,36.86],[110.63,36.872],[110.718,36.933],[110.791,36.864],[110.927,36.895],[110.99,36.928],[111.02,36.917],[111.084,36.908],[111.135,36.846],[111.212,36.749],[111.275,36.739],[111.366,36.778],[111.455,36.848],[111.543,36.892],[111.54,36.954],[111.541,36.978],[111.647,36.965],[111.76,37.016],[111.88,37.057],[111.951,37.179],[111.942,37.255],[112.046,37.28],[112.103,37.299],[112.177,37.308],[112.287,37.438],[112.33,37.459]]]]}},{"type":"Feature","properties":{"id":"150100","名称":"呼和浩特市","所属省":"内蒙古"},"geometry":{"type":"MultiPolygon","coordinates":[[[[111.034,40.288],[111.237,40.169],[111.428,39.947],[111.371,39.789],[111.502,39.663],[111.788,39.59],[111.925,39.667],[112.043,39.886],[112.223,40.129],[112.293,40.307],[112.264,40.388],[112.135,40.511],[112.099,40.584],[112.115,40.659],[112.182,40.811],[112.095,40.948],[111.93,41.095],[111.841,41.252],[111.582,41.307],[111.279,41.29],[111.094,41.287],[110.951,41.319],[110.829,41.383],[110.634,41.317],[110.565,41.262],[110.655,41.167],[110.629,40.989],[110.713,40.81],[110.788,40.689],[110.843,40.535],[110.966,40.472],[111.107,40.381],[111.034,40.288]]]]}},{"type":"Feature","properties":{"id":"150200","名称":"包头市","所属省":"内蒙古"},"geometry":{"type":"MultiPolygon","coordinates":[[[[111.426,41.319],[111.443,41.462],[111.244,41.67],[111.022,41.854],[110.79,42.218],[110.704,42.471],[110.34,42.739],[109.684,42.559],[109.434,42.428],[109.539,42.147],[109.338,41.903],[109.365,41.766],[109.442,41.564],[109.664,41.499],[109.699,41.38],[109.686,41.174],[109.692,41.041],[109.836,40.945],[109.781,40.755],[109.413,40.705],[109.436,40.509],[109.603,40.552],[109.862,40.507],[110.027,40.532],[110.179,40.551],[110.314,40.445],[110.496,40.367],[110.643,40.301],[110.769,40.273],[110.966,40.277],[111.115,40.331],[111.02,40.459],[110.889,40.512],[110.808,40.615],[110.735,40.786],[110.646,40.92],[110.645,41.102],[110.558,41.234],[110.582,41.332],[110.762,41.374],[110.887,41.335],[111.035,41.3],[111.236,41.24],[111.426,41.319]]]]}},{"type":"Feature","properties":{"id":"150300","名称":"乌海市","所属省":"内蒙古"},"geometry":{"type":"MultiPolygon","coordinates":[[[[106.75,39.858],[106.794,39.69],[106.611,39.541],[106.751,39.382],[106.826,39.194],[106.994,39.037],[107.136,39.28],[106.959,39.34],[106.888,39.678],[106.878,39.806],[106.933,39.915],[106.769,39.866],[106.75,39.858]]]]}},{"type":"Feature","properties":{"id":"150400","名称":"赤峰市","所属省":"内蒙古"},"geometry":{"type":"MultiPolygon","coordinates":[[[[120.883,42.27],[120.653,42.465],[120.48,42.727],[120.397,42.886],[120.387,42.985],[120.469,43.175],[120.768,43.411],[120.48,43.412],[120.682,43.499],[120.934,43.612],[120.836,43.789],[120.693,44.037],[120.689,44.183],[120.561,44.262],[120.378,44.386],[120.286,44.518],[120.126,44.648],[119.994,44.785],[119.758,44.923],[119.657,45.102],[119.308,45.191],[119.294,45.087],[119.157,45.075],[119.171,45.016],[119.224,44.91],[119.067,44.872],[119.174,44.761],[119.001,44.714],[118.967,44.542],[118.75,44.468],[118.552,44.403],[118.403,44.308],[118.251,44.281],[118.143,44.208],[117.878,44.103],[117.7,44.017],[117.635,44.149],[117.206,44.22],[116.962,44.025],[117,43.913],[117.054,43.753],[116.814,43.613],[116.735,43.509],[116.536,43.375],[116.357,43.157],[116.501,43.015],[116.666,42.817],[116.635,42.615],[116.801,42.583],[116.909,42.438],[117.079,42.461],[117.332,42.462],[117.433,42.556],[117.54,42.605],[117.78,42.619],[118.016,42.333],[118.034,42.199],[118.125,42.033],[118.272,42.083],[118.306,41.94],[118.247,41.774],[118.131,41.742],[118.23,41.582],[118.327,41.451],[118.412,41.332],[118.742,41.324],[118.891,41.301],[119.198,41.283],[119.31,41.406],[119.404,41.511],[119.343,41.618],[119.293,41.792],[119.325,41.969],[119.305,42.129],[119.337,42.294],[119.572,42.359],[119.72,42.23],[119.84,42.149],[119.954,41.968],[120.042,41.819],[120.096,41.697],[120.3,41.888],[120.457,42.016],[120.584,42.167],[120.821,42.228],[120.883,42.27]]]]}},{"type":"Feature","properties":{"id":"150500","名称":"通辽市","所属省":"内蒙古"},"geometry":{"type":"MultiPolygon","coordinates":[[[[120.883,42.27],[121.087,42.278],[121.305,42.436],[121.605,42.494],[121.747,42.484],[121.921,42.606],[122.019,42.699],[122.204,42.732],[122.398,42.687],[122.35,42.822],[122.581,42.79],[122.887,42.77],[123.058,42.769],[123.189,42.896],[123.472,43.043],[123.636,43.142],[123.667,43.268],[123.545,43.415],[123.42,43.41],[123.305,43.551],[123.421,43.598],[123.517,43.714],[123.468,43.853],[123.401,43.979],[123.386,44.162],[123.197,44.345],[123.124,44.458],[122.761,44.37],[122.483,44.237],[122.164,44.255],[121.883,44.402],[121.698,44.535],[121.549,44.668],[121.402,44.851],[120.974,45.118],[120.882,45.218],[120.66,45.298],[120.497,45.463],[120.328,45.55],[119.995,45.579],[119.999,45.482],[119.82,45.573],[119.559,45.616],[119.313,45.386],[119.492,45.224],[119.713,45],[119.865,44.872],[120.081,44.71],[120.159,44.609],[120.312,44.418],[120.454,44.263],[120.646,44.235],[120.745,44.114],[120.796,43.886],[120.94,43.698],[120.802,43.559],[120.603,43.426],[120.66,43.401],[120.631,43.293],[120.382,43.1],[120.404,42.939],[120.446,42.82],[120.565,42.599],[120.769,42.394],[120.883,42.27]]]]}},{"type":"Feature","properties":{"id":"150600","名称":"鄂尔多斯市","所属省":"内蒙古"},"geometry":{"type":"MultiPolygon","coordinates":[[[[106.967,39.055],[106.756,38.748],[106.602,38.392],[106.728,38.204],[107.069,38.139],[107.242,38.111],[107.412,37.949],[107.65,37.865],[107.885,37.808],[108.013,37.666],[108.301,37.641],[108.778,37.684],[108.798,37.934],[108.883,38.014],[108.983,37.964],[109.051,38.055],[108.976,38.245],[109.052,38.428],[109.331,38.598],[109.402,38.716],[109.624,38.855],[109.757,39.053],[109.961,39.192],[110.011,39.209],[110.183,39.356],[110.243,39.424],[110.43,39.379],[110.567,39.32],[110.738,39.349],[111.017,39.552],[111.149,39.532],[111.064,39.401],[111.172,39.423],[111.427,39.503],[111.371,39.789],[111.428,39.947],[111.237,40.169],[111.034,40.288],[110.855,40.263],[110.719,40.301],[110.557,40.335],[110.434,40.397],[110.252,40.486],[110.091,40.528],[109.974,40.522],[109.73,40.496],[109.512,40.513],[109.403,40.476],[109.228,40.486],[109.084,40.53],[108.88,40.559],[108.776,40.613],[108.605,40.656],[108.486,40.754],[108.235,40.82],[108.032,40.855],[107.855,40.874],[107.736,40.815],[107.613,40.778],[107.454,40.68],[107.227,40.559],[107.155,40.452],[107.023,40.258],[106.823,40.109],[106.769,39.866],[106.933,39.915],[106.878,39.806],[106.888,39.678],[106.959,39.34],[107.136,39.28],[106.994,39.037],[106.967,39.055]]]]}},{"type":"Feature","properties":{"id":"150700","名称":"呼伦贝尔市","所属省":"内蒙古"},"geometry":{"type":"Polygon","coordinates":[[[122.418,47.35],[122.126,47.214],[121.856,47.257],[121.64,47.205],[121.436,47.184],[121.099,47.152],[120.876,47.15],[120.626,47.242],[120.736,47.379],[120.603,47.533],[120.378,47.594],[120.205,47.635],[120.013,47.555],[119.854,47.526],[119.812,47.49],[119.672,47.412],[119.483,47.338],[119.322,47.427],[119.134,47.664],[118.424,48.015],[118.108,48.031],[117.813,48.016],[117.095,47.824],[116.453,47.837],[115.939,47.683],[115.799,48.515],[116.351,49.318],[117.278,49.636],[117.85,49.551],[118.083,49.617],[118.206,49.685],[118.388,49.786],[118.496,49.846],[118.618,49.928],[118.825,49.964],[119.124,50.018],[119.29,50.122],[119.319,50.22],[119.277,50.366],[119.156,50.365],[119.207,50.41],[119.263,50.511],[119.361,50.633],[119.497,50.745],[119.57,50.934],[119.726,51.05],[119.76,51.213],[119.828,51.264],[119.922,51.345],[119.971,51.4],[120.047,51.545],[120.094,51.682],[120.311,51.782],[120.459,51.845],[120.661,51.929],[120.686,52.035],[120.747,52.204],[120.629,52.323],[120.688,52.428],[120.734,52.537],[120.484,52.63],[120.186,52.579],[120.071,52.708],[120.188,52.808],[120.345,52.901],[120.529,53.046],[120.66,53.137],[120.814,53.24],[120.955,53.299],[121.154,53.285],[121.416,53.319],[121.615,53.259],[121.665,53.171],[121.776,53.09],[121.677,52.948],[121.591,52.825],[121.321,52.679],[121.277,52.588],[121.416,52.499],[121.59,52.443],[121.716,52.343],[121.901,52.281],[122.04,52.413],[122.31,52.475],[122.44,52.394],[122.586,52.266],[122.787,52.253],[122.691,52.14],[122.651,52.059],[122.73,51.919],[122.772,51.779],[122.821,51.633],[122.88,51.511],[122.966,51.387],[123.059,51.322],[123.34,51.273],[123.582,51.307],[123.795,51.361],[123.995,51.323],[124.192,51.339],[124.406,51.272],[124.49,51.38],[124.693,51.333],[124.885,51.408],[124.984,51.508],[125.06,51.597],[125.176,51.639],[125.38,51.587],[125.622,51.4],[125.711,51.303],[125.852,51.213],[125.99,51.119],[126.034,51.011],[126.021,50.928],[125.945,50.855],[125.889,50.805],[125.758,50.747],[125.787,50.678],[125.753,50.507],[125.591,50.452],[125.513,50.409],[125.466,50.297],[125.389,50.178],[125.278,50.126],[125.338,50.06],[125.287,50.035],[125.19,49.96],[125.224,49.836],[125.205,49.734],[125.165,49.669],[125.205,49.594],[125.228,49.487],[125.257,49.359],[125.219,49.189],[125.039,49.152],[124.861,49.167],[124.808,49.02],[124.715,48.887],[124.614,48.751],[124.519,48.554],[124.509,48.448],[124.541,48.335],[124.547,48.201],[124.464,48.098],[124.477,48.164],[124.365,48.285],[124.307,48.4],[124.259,48.536],[123.866,48.275],[123.538,48.022],[123.215,47.825],[122.858,47.678],[122.506,47.401],[122.418,47.35]],[[124.343,50.188],[124.374,50.311],[124.44,50.386],[124.393,50.547],[124.143,50.566],[124.023,50.519],[123.97,50.399],[123.841,50.411],[123.778,50.344],[124.008,50.219],[124.189,50.217],[124.343,50.188]]]}},{"type":"Feature","properties":{"id":"150800","名称":"巴彦淖尔市","所属省":"内蒙古"},"geometry":{"type":"MultiPolygon","coordinates":[[[[106.867,40.168],[107.089,40.36],[107.161,40.525],[107.286,40.649],[107.53,40.702],[107.696,40.769],[107.758,40.862],[107.969,40.868],[108.172,40.867],[108.344,40.805],[108.562,40.728],[108.69,40.641],[108.775,40.55],[109.001,40.542],[109.172,40.516],[109.319,40.501],[109.436,40.509],[109.413,40.705],[109.781,40.755],[109.836,40.945],[109.692,41.041],[109.686,41.174],[109.699,41.38],[109.664,41.499],[109.442,41.564],[109.365,41.766],[109.338,41.903],[109.539,42.147],[109.434,42.428],[108.983,42.449],[108.533,42.443],[108.022,42.433],[107.502,42.457],[107.051,42.319],[106.013,42.032],[105.292,41.75],[105.223,41.397],[105.318,41.113],[105.559,40.89],[105.836,40.782],[106.183,40.705],[106.3,40.592],[106.481,40.494],[106.279,40.509],[106.433,40.349],[106.674,40.385],[106.706,40.262],[106.867,40.168]]]]}},{"type":"Feature","properties":{"id":"150900","名称":"乌兰察布市","所属省":"内蒙古"},"geometry":{"type":"MultiPolygon","coordinates":[[[[112.31,40.256],[112.509,40.27],[112.849,40.207],[113.251,40.413],[113.68,40.444],[113.89,40.467],[114.077,40.576],[114.093,40.732],[114.055,40.868],[113.976,40.977],[113.92,41.172],[113.992,41.27],[113.927,41.326],[113.93,41.484],[114.222,41.582],[114.237,41.699],[114.353,41.954],[114.502,42.067],[114.676,42.12],[114.809,42.2],[114.667,42.248],[114.526,42.235],[114.466,42.171],[114.376,42.15],[114.132,42.117],[114.106,41.983],[113.955,41.951],[113.743,42.083],[113.372,42.144],[113.172,41.95],[112.965,41.998],[112.738,42.145],[112.59,42.347],[112.181,42.535],[111.858,42.818],[111.619,43.054],[111.151,43.38],[110.77,43.099],[110.632,42.936],[110.435,42.692],[110.73,42.443],[110.796,42.174],[111.062,41.798],[111.304,41.646],[111.431,41.417],[111.541,41.328],[111.792,41.264],[111.884,41.129],[112.042,40.969],[112.188,40.85],[112.13,40.698],[112.087,40.62],[112.112,40.51],[112.218,40.429],[112.266,40.33],[112.31,40.256]]]]}},{"type":"Feature","properties":{"id":"152200","名称":"兴安盟","所属省":"内蒙古"},"geometry":{"type":"MultiPolygon","coordinates":[[[[122.271,44.256],[122.228,44.48],[122.103,44.674],[122.103,44.736],[122.115,44.777],[122.075,45.007],[122.143,45.183],[122.147,45.296],[122.023,45.49],[121.996,45.599],[121.867,45.72],[121.644,45.752],[121.785,45.86],[121.762,45.999],[122.04,45.959],[122.263,45.795],[122.362,45.917],[122.555,45.821],[122.742,45.705],[122.8,45.857],[123.07,46.124],[123.129,46.211],[123.012,46.435],[123.078,46.622],[123.279,46.617],[123.605,46.69],[123.626,46.848],[123.563,46.826],[123.528,46.958],[123.302,47],[123.407,46.906],[123.231,46.86],[123.077,46.745],[122.894,46.895],[122.775,46.974],[122.822,47.066],[122.6,47.152],[122.46,47.298],[122.246,47.254],[122.049,47.201],[121.76,47.281],[121.588,47.17],[121.255,47.113],[120.977,47.096],[120.774,47.177],[120.633,47.308],[120.65,47.441],[120.535,47.544],[120.265,47.658],[120.119,47.603],[119.908,47.57],[119.854,47.526],[119.815,47.499],[119.812,47.49],[119.764,47.436],[119.662,47.409],[119.616,47.361],[119.622,47.248],[119.795,47.013],[119.92,46.853],[119.912,46.67],[119.949,46.494],[119.901,46.404],[119.836,46.235],[119.855,46.108],[119.808,45.821],[119.682,45.67],[119.791,45.564],[119.907,45.506],[119.995,45.552],[120.269,45.552],[120.435,45.465],[120.581,45.353],[120.835,45.216],[120.947,45.121],[121.24,44.934],[121.53,44.72],[121.651,44.563],[121.829,44.411],[122.019,44.304],[122.271,44.256]]]]}},{"type":"Feature","properties":{"id":"152500","名称":"锡林郭勒盟","所属省":"内蒙古"},"geometry":{"type":"MultiPolygon","coordinates":[[[[114.807,42.15],[114.917,41.981],[114.867,41.803],[114.861,41.601],[115.195,41.602],[115.29,41.623],[115.362,41.668],[115.52,41.768],[115.725,41.868],[115.947,41.886],[116.129,41.806],[116.234,41.941],[116.414,41.987],[116.514,41.97],[116.652,41.944],[116.832,42.005],[116.825,42.156],[116.885,42.353],[116.886,42.535],[116.67,42.556],[116.619,42.672],[116.64,42.953],[116.436,43.078],[116.414,43.257],[116.622,43.505],[116.831,43.507],[116.859,43.657],[116.986,43.84],[117.022,43.97],[117.121,44.179],[117.523,44.227],[117.686,44.096],[117.833,44.066],[118.064,44.103],[118.212,44.257],[118.246,44.326],[118.479,44.347],[118.61,44.464],[118.841,44.502],[118.929,44.717],[119.148,44.732],[119.149,44.826],[119.108,44.921],[119.174,44.966],[119.23,45.023],[119.216,45.153],[119.37,45.101],[119.322,45.246],[119.397,45.513],[119.596,45.67],[119.751,45.763],[119.834,46.005],[119.889,46.21],[119.838,46.376],[119.91,46.429],[119.91,46.653],[119.74,46.615],[119.558,46.634],[119.358,46.619],[119.123,46.643],[118.912,46.733],[118.788,46.687],[118.447,46.705],[118.193,46.683],[117.982,46.615],[117.813,46.531],[117.63,46.592],[117.448,46.528],[117.248,46.367],[116.746,46.328],[116.536,46.233],[116.243,45.876],[116.223,45.747],[116.035,45.685],[115.7,45.459],[114.974,45.377],[114.54,45.326],[114.347,45.119],[114.065,44.931],[113.712,44.788],[113.129,44.797],[112.712,44.879],[112.397,45.065],[111.903,45.052],[111.561,44.647],[111.478,44.489],[111.507,44.294],[111.663,44.061],[111.96,43.823],[111.794,43.672],[111.4,43.473],[111.216,43.277],[111.658,43.024],[111.935,42.708],[112.178,42.511],[112.655,42.316],[112.788,42.139],[113.042,41.986],[113.15,41.976],[113.573,42.132],[113.795,42.065],[114.007,41.978],[114.065,42.044],[114.227,42.135],[114.377,42.11],[114.438,42.171],[114.575,42.298],[114.687,42.221],[114.79,42.188],[114.807,42.15]]]]}},{"type":"Feature","properties":{"id":"152900","名称":"阿拉善盟","所属省":"内蒙古"},"geometry":{"type":"MultiPolygon","coordinates":[[[[105.234,41.751],[104.689,41.645],[103.869,41.803],[102.712,42.153],[102.07,42.232],[101.155,42.614],[100.273,42.636],[98.546,42.638],[97.173,42.795],[97.614,41.477],[98.185,40.988],[98.628,40.678],[98.716,40.662],[98.985,40.783],[99.173,40.747],[99.986,40.91],[100.243,40.619],[99.956,40.151],[99.751,40.007],[99.441,39.886],[99.904,39.786],[100.314,39.607],[100.501,39.481],[100.842,39.406],[100.835,39.026],[100.969,38.947],[101.238,38.907],[101.306,38.802],[101.602,38.655],[101.942,38.809],[101.926,39.001],[102.06,39.144],[102.583,39.181],[103.188,39.215],[103.729,39.43],[104.073,39.352],[104.191,39.042],[104.011,38.859],[103.508,38.281],[103.385,37.947],[103.841,37.648],[104.183,37.407],[104.42,37.512],[105.028,37.581],[105.404,37.71],[105.622,37.778],[105.8,37.94],[105.775,38.187],[105.822,38.368],[105.857,38.572],[105.906,38.731],[105.973,38.911],[106.078,39.027],[106.296,39.168],[106.525,39.308],[106.751,39.382],[106.611,39.541],[106.794,39.69],[106.75,39.858],[106.839,40.148],[106.74,40.196],[106.814,40.37],[106.468,40.326],[106.209,40.516],[106.374,40.492],[106.319,40.599],[106.211,40.673],[105.944,40.739],[105.637,40.855],[105.379,41.06],[105.248,41.32],[105.234,41.751]]]]}},{"type":"Feature","properties":{"id":"210100","名称":"沈阳市","所属省":"辽宁"},"geometry":{"type":"MultiPolygon","coordinates":[[[[123.562,43.005],[123.494,43.026],[123.448,43.038],[123.383,43.017],[123.273,42.997],[123.219,42.953],[123.187,42.886],[123.182,42.846],[123.187,42.825],[123.096,42.79],[123.031,42.768],[122.979,42.777],[122.946,42.754],[122.878,42.751],[122.851,42.714],[122.84,42.718],[122.778,42.711],[122.756,42.68],[122.825,42.653],[122.863,42.621],[122.903,42.614],[122.97,42.571],[122.949,42.545],[122.918,42.522],[122.882,42.504],[122.826,42.49],[122.827,42.446],[122.818,42.417],[122.846,42.4],[122.874,42.389],[122.895,42.369],[122.858,42.346],[122.806,42.312],[122.735,42.281],[122.645,42.238],[122.62,42.23],[122.52,42.175],[122.437,42.141],[122.447,42.124],[122.428,42.092],[122.439,42.075],[122.463,42.042],[122.484,42.022],[122.501,41.957],[122.521,41.917],[122.474,41.906],[122.46,41.87],[122.499,41.825],[122.54,41.801],[122.569,41.773],[122.57,41.741],[122.556,41.708],[122.527,41.676],[122.51,41.628],[122.493,41.591],[122.498,41.57],[122.507,41.537],[122.572,41.54],[122.599,41.515],[122.631,41.507],[122.633,41.474],[122.63,41.43],[122.634,41.405],[122.656,41.359],[122.604,41.318],[122.595,41.294],[122.552,41.25],[122.615,41.208],[122.66,41.213],[122.674,41.252],[122.706,41.285],[122.718,41.323],[122.749,41.352],[122.798,41.367],[122.85,41.416],[122.887,41.418],[122.929,41.449],[122.94,41.456],[122.934,41.479],[122.982,41.496],[122.969,41.51],[123.027,41.514],[123.082,41.561],[123.109,41.606],[123.114,41.585],[123.127,41.547],[123.169,41.549],[123.188,41.556],[123.236,41.552],[123.284,41.524],[123.334,41.507],[123.363,41.505],[123.408,41.501],[123.439,41.469],[123.49,41.479],[123.547,41.481],[123.606,41.502],[123.626,41.517],[123.678,41.529],[123.703,41.516],[123.748,41.527],[123.726,41.556],[123.792,41.599],[123.76,41.619],[123.769,41.657],[123.809,41.697],[123.79,41.739],[123.787,41.785],[123.762,41.789],[123.714,41.778],[123.665,41.796],[123.681,41.825],[123.72,41.849],[123.716,41.892],[123.742,41.92],[123.733,41.955],[123.774,41.969],[123.763,41.999],[123.797,42.014],[123.813,42.05],[123.79,42.053],[123.752,42.053],[123.727,42.076],[123.662,42.094],[123.621,42.116],[123.556,42.145],[123.535,42.182],[123.47,42.181],[123.477,42.233],[123.498,42.276],[123.523,42.34],[123.488,42.363],[123.472,42.398],[123.473,42.456],[123.522,42.487],[123.559,42.5],[123.584,42.513],[123.622,42.534],[123.664,42.552],[123.679,42.516],[123.753,42.543],[123.726,42.555],[123.71,42.58],[123.695,42.603],[123.665,42.624],[123.619,42.655],[123.603,42.671],[123.583,42.688],[123.559,42.725],[123.586,42.752],[123.599,42.772],[123.595,42.808],[123.593,42.847],[123.584,42.875],[123.585,42.91],[123.584,42.944],[123.547,42.977],[123.562,43.005]]]]}},{"type":"Feature","properties":{"id":"210200","名称":"大连市","所属省":"辽宁"},"geometry":{"type":"MultiPolygon","coordinates":[[[[123.519,39.77],[123.501,39.828],[123.477,39.868],[123.471,39.925],[123.407,39.935],[123.393,39.954],[123.401,39.993],[123.38,40.005],[123.3,40.025],[123.242,40.037],[123.173,40.071],[123.127,40.076],[123.073,40.04],[123.029,40.07],[122.989,40.117],[122.939,40.159],[122.891,40.187],[122.87,40.179],[122.851,40.125],[122.814,40.103],[122.767,40.11],[122.713,40.076],[122.65,40.066],[122.578,40.056],[122.54,40.062],[122.545,40.013],[122.541,39.993],[122.556,39.968],[122.53,39.942],[122.497,39.936],[122.418,39.972],[122.358,39.97],[122.286,39.968],[122.26,39.989],[122.231,40.009],[122.185,40.01],[122.125,40.042],[122.073,40.056],[122.044,40.063],[121.983,40.062],[121.971,40.116],[121.91,40.073],[121.843,40.042],[121.796,39.999],[121.764,39.934],[121.688,39.931],[121.633,39.89],[121.552,39.872],[121.519,39.845],[121.472,39.807],[121.46,39.748],[121.495,39.688],[121.452,39.658],[121.457,39.634],[121.376,39.608],[121.279,39.599],[121.224,39.535],[121.257,39.485],[121.295,39.495],[121.258,39.436],[121.247,39.42],[121.257,39.384],[121.319,39.389],[121.383,39.371],[121.433,39.357],[121.467,39.32],[121.498,39.281],[121.556,39.312],[121.636,39.337],[121.704,39.358],[121.711,39.343],[121.669,39.313],[121.686,39.282],[121.626,39.286],[121.594,39.249],[121.635,39.236],[121.591,39.229],[121.587,39.194],[121.652,39.148],[121.683,39.122],[121.636,39.08],[121.643,39.111],[121.563,39.131],[121.586,39.078],[121.508,39.034],[121.417,39.029],[121.374,39.062],[121.345,39.032],[121.321,39.002],[121.313,38.97],[121.239,38.957],[121.18,38.96],[121.093,38.929],[121.128,38.877],[121.129,38.799],[121.127,38.756],[121.199,38.721],[121.238,38.764],[121.33,38.814],[121.429,38.811],[121.496,38.814],[121.543,38.847],[121.595,38.873],[121.677,38.862],[121.712,38.888],[121.678,38.934],[121.621,38.939],[121.65,38.959],[121.658,39.002],[121.711,39],[121.757,39.026],[121.805,38.987],[121.871,38.945],[121.904,38.975],[121.883,39.01],[121.904,39.029],[121.918,39.045],[121.963,39.03],[122.02,39.073],[122.054,39.092],[122.081,39.11],[122.147,39.149],[122.124,39.172],[122.145,39.219],[122.252,39.275],[122.309,39.346],[122.371,39.381],[122.451,39.412],[122.533,39.42],[122.604,39.478],[122.649,39.517],[122.731,39.531],[122.811,39.58],[122.843,39.592],[122.905,39.602],[122.973,39.595],[123.019,39.639],[123.026,39.66],[123.035,39.661],[123.078,39.669],[123.099,39.675],[123.149,39.65],[123.188,39.67],[123.224,39.686],[123.249,39.694],[123.287,39.704],[123.244,39.744],[123.274,39.738],[123.299,39.753],[123.37,39.747],[123.419,39.731],[123.474,39.745],[123.502,39.763],[123.519,39.77]]],[[[122.567,39.274],[122.592,39.263],[122.648,39.266],[122.672,39.27],[122.628,39.282],[122.555,39.288],[122.525,39.298],[122.509,39.291],[122.567,39.274]]],[[[122.384,39.198],[122.379,39.211],[122.347,39.195],[122.32,39.161],[122.364,39.155],[122.384,39.168],[122.391,39.187],[122.384,39.198]]],[[[122.641,39.226],[122.686,39.235],[122.696,39.206],[122.739,39.224],[122.701,39.246],[122.636,39.242],[122.641,39.226]]],[[[122.763,39.019],[122.741,39.038],[122.705,39.044],[122.737,39.015],[122.763,39.019]]],[[[122.425,39.174],[122.412,39.182],[122.403,39.179],[122.425,39.172],[122.425,39.174]]],[[[121.826,38.874],[121.84,38.894],[121.823,38.881],[121.826,38.874]]],[[[122.418,39.226],[122.433,39.224],[122.45,39.227],[122.445,39.234],[122.435,39.237],[122.418,39.226]]],[[[122.424,39.27],[122.446,39.255],[122.456,39.259],[122.437,39.269],[122.424,39.27]]],[[[123.023,39.546],[122.979,39.562],[122.953,39.522],[123.024,39.516],[123.023,39.546]]],[[[122.308,39.2],[122.313,39.206],[122.3,39.202],[122.308,39.2]]],[[[122.296,39.277],[122.284,39.28],[122.285,39.275],[122.295,39.267],[122.304,39.275],[122.296,39.277]]],[[[123.065,39.486],[123.069,39.509],[123.058,39.51],[123.059,39.493],[123.065,39.486]]],[[[122.597,39.206],[122.612,39.215],[122.61,39.225],[122.6,39.225],[122.596,39.214],[122.588,39.212],[122.597,39.206]]],[[[122.513,39.223],[122.534,39.235],[122.502,39.224],[122.513,39.223]]],[[[122.826,39.059],[122.826,39.052],[122.819,39.054],[122.815,39.045],[122.824,39.041],[122.84,39.047],[122.837,39.055],[122.826,39.059]]],[[[122.809,39.082],[122.802,39.081],[122.806,39.073],[122.817,39.069],[122.819,39.076],[122.809,39.082]]],[[[121.832,38.918],[121.837,38.913],[121.841,38.918],[121.832,38.918]]],[[[122.873,39.055],[122.878,39.067],[122.865,39.069],[122.862,39.066],[122.851,39.071],[122.863,39.051],[122.871,39.049],[122.873,39.055]]],[[[121.477,39.187],[121.478,39.195],[121.467,39.199],[121.462,39.206],[121.445,39.204],[121.46,39.201],[121.477,39.187]]],[[[123.087,39.427],[123.075,39.452],[123.076,39.435],[123.087,39.427]]],[[[121.493,39.194],[121.503,39.203],[121.501,39.208],[121.487,39.204],[121.493,39.194]]],[[[122.778,39.232],[122.77,39.229],[122.782,39.219],[122.799,39.225],[122.805,39.223],[122.809,39.231],[122.791,39.229],[122.778,39.232]]],[[[122.782,39.08],[122.79,39.07],[122.799,39.072],[122.791,39.079],[122.782,39.08]]],[[[123.16,39.026],[123.206,39.057],[123.188,39.097],[123.17,39.086],[123.143,39.048],[123.16,39.026]]],[[[123.005,39.249],[123.016,39.257],[123.013,39.263],[123.001,39.264],[122.988,39.258],[122.992,39.252],[123.005,39.249]]],[[[121.163,39.085],[121.178,39.089],[121.17,39.097],[121.159,39.092],[121.163,39.085]]],[[[122.343,39.346],[122.323,39.344],[122.32,39.328],[122.332,39.325],[122.341,39.331],[122.349,39.33],[122.355,39.338],[122.349,39.348],[122.343,39.346]]],[[[120.976,38.96],[120.978,38.951],[120.987,38.947],[120.992,38.951],[120.986,38.958],[120.976,38.96]]]]}},{"type":"Feature","properties":{"id":"210300","名称":"鞍山市","所属省":"辽宁"},"geometry":{"type":"MultiPolygon","coordinates":[[[[123.534,40.827],[123.442,40.803],[123.394,40.786],[123.315,40.773],[123.258,40.745],[123.177,40.713],[123.101,40.741],[123.075,40.792],[123.085,40.836],[123.056,40.858],[123.074,40.907],[123.097,40.942],[123.127,40.989],[123.192,40.988],[123.2,41.031],[123.227,41.059],[123.214,41.091],[123.184,41.106],[123.145,41.102],[123.14,41.137],[123.119,41.177],[123.076,41.185],[123.038,41.208],[122.988,41.2],[122.91,41.194],[122.876,41.171],[122.858,41.145],[122.831,41.092],[122.8,41.1],[122.761,41.101],[122.69,41.128],[122.598,41.179],[122.623,41.2],[122.56,41.244],[122.576,41.28],[122.607,41.303],[122.659,41.355],[122.649,41.396],[122.643,41.432],[122.625,41.471],[122.637,41.502],[122.605,41.513],[122.583,41.535],[122.521,41.543],[122.5,41.562],[122.453,41.549],[122.33,41.526],[122.194,41.46],[122.199,41.429],[122.278,41.349],[122.267,41.307],[122.25,41.243],[122.215,41.217],[122.275,41.184],[122.343,41.204],[122.389,41.232],[122.458,41.248],[122.464,41.233],[122.412,41.204],[122.366,41.177],[122.397,41.12],[122.415,41.057],[122.411,40.993],[122.39,40.988],[122.343,40.989],[122.359,40.975],[122.35,40.955],[122.331,40.924],[122.335,40.906],[122.378,40.919],[122.433,40.931],[122.489,40.936],[122.493,40.883],[122.484,40.852],[122.523,40.834],[122.542,40.799],[122.582,40.748],[122.651,40.711],[122.637,40.664],[122.669,40.663],[122.645,40.637],[122.626,40.608],[122.663,40.595],[122.721,40.586],[122.798,40.579],[122.829,40.538],[122.897,40.539],[122.969,40.509],[122.993,40.435],[122.937,40.409],[122.932,40.345],[122.882,40.29],[122.885,40.236],[122.891,40.187],[122.939,40.159],[122.989,40.117],[123.029,40.07],[123.073,40.04],[123.127,40.076],[123.173,40.071],[123.242,40.037],[123.3,40.025],[123.38,40.005],[123.423,40.031],[123.473,40.037],[123.471,40.047],[123.513,40.094],[123.563,40.102],[123.607,40.159],[123.572,40.173],[123.59,40.226],[123.636,40.265],[123.711,40.3],[123.718,40.342],[123.748,40.418],[123.769,40.492],[123.738,40.525],[123.738,40.576],[123.749,40.611],[123.695,40.666],[123.593,40.686],[123.57,40.712],[123.556,40.728],[123.585,40.778],[123.534,40.827]]]]}},{"type":"Feature","properties":{"id":"210400","名称":"抚顺市","所属省":"辽宁"},"geometry":{"type":"MultiPolygon","coordinates":[[[[123.748,41.527],[123.782,41.513],[123.849,41.519],[123.868,41.562],[123.947,41.55],[124.026,41.546],[124.105,41.528],[124.147,41.517],[124.209,41.536],[124.283,41.543],[124.31,41.505],[124.341,41.474],[124.358,41.442],[124.361,41.384],[124.394,41.344],[124.439,41.304],[124.464,41.329],[124.517,41.319],[124.633,41.264],[124.671,41.255],[124.763,41.275],[124.835,41.31],[124.868,41.334],[124.856,41.373],[124.854,41.42],[124.882,41.445],[124.906,41.484],[124.957,41.52],[124.999,41.497],[125.092,41.493],[125.155,41.488],[125.209,41.483],[125.259,41.505],[125.328,41.511],[125.374,41.553],[125.426,41.55],[125.453,41.591],[125.471,41.64],[125.432,41.675],[125.348,41.678],[125.317,41.678],[125.331,41.729],[125.335,41.77],[125.295,41.823],[125.296,41.876],[125.308,41.925],[125.317,41.945],[125.317,41.977],[125.352,41.997],[125.402,42.05],[125.422,42.09],[125.445,42.099],[125.467,42.118],[125.462,42.159],[125.407,42.159],[125.369,42.183],[125.36,42.152],[125.331,42.142],[125.314,42.164],[125.313,42.198],[125.291,42.183],[125.297,42.209],[125.284,42.235],[125.299,42.289],[125.263,42.313],[125.174,42.311],[125.176,42.347],[125.203,42.366],[125.193,42.397],[125.181,42.433],[125.15,42.459],[125.078,42.465],[125.036,42.438],[125.024,42.402],[124.991,42.373],[124.961,42.384],[124.925,42.397],[124.853,42.412],[124.786,42.409],[124.786,42.382],[124.775,42.337],[124.726,42.325],[124.661,42.316],[124.635,42.346],[124.575,42.352],[124.561,42.282],[124.528,42.203],[124.56,42.155],[124.52,42.088],[124.414,42.05],[124.369,42.022],[124.313,42.015],[124.281,42.021],[124.269,42.046],[124.208,42.055],[124.141,42.068],[124.04,42.045],[123.986,42.006],[123.94,42.024],[123.876,42.029],[123.79,41.989],[123.727,41.958],[123.731,41.923],[123.729,41.897],[123.74,41.864],[123.674,41.832],[123.669,41.804],[123.691,41.779],[123.76,41.779],[123.78,41.797],[123.782,41.752],[123.812,41.709],[123.779,41.657],[123.75,41.637],[123.782,41.607],[123.722,41.568],[123.74,41.54],[123.748,41.527]]]]}},{"type":"Feature","properties":{"id":"210500","名称":"本溪市","所属省":"辽宁"},"geometry":{"type":"MultiPolygon","coordinates":[[[[123.591,41.494],[123.653,41.449],[123.643,41.393],[123.653,41.353],[123.663,41.316],[123.665,41.269],[123.616,41.255],[123.599,41.207],[123.639,41.169],[123.655,41.129],[123.671,41.072],[123.671,41.043],[123.647,41.007],[123.658,40.953],[123.625,40.907],[123.582,40.858],[123.664,40.827],[123.714,40.821],[123.743,40.852],[123.802,40.857],[123.852,40.852],[123.898,40.831],[123.956,40.846],[123.997,40.862],[124.084,40.861],[124.116,40.854],[124.149,40.887],[124.136,40.935],[124.127,40.985],[124.123,41.04],[124.151,41.053],[124.209,41.046],[124.236,41.065],[124.257,41.099],[124.297,41.089],[124.339,41.072],[124.406,41.072],[124.504,41.05],[124.541,41.089],[124.614,41.091],[124.671,41.096],[124.719,41.134],[124.765,41.138],[124.856,41.139],[124.949,41.115],[125.006,41.099],[125.084,41.098],[125.169,41.107],[125.264,41.097],[125.309,41.065],[125.334,41.037],[125.342,41.01],[125.388,41.015],[125.434,41.026],[125.461,41.007],[125.466,40.962],[125.49,40.975],[125.53,40.986],[125.501,40.938],[125.555,40.927],[125.589,40.931],[125.648,40.967],[125.679,40.998],[125.716,41.047],[125.731,41.094],[125.735,41.126],[125.791,41.166],[125.735,41.194],[125.719,41.244],[125.683,41.275],[125.639,41.284],[125.639,41.331],[125.59,41.359],[125.558,41.398],[125.54,41.42],[125.541,41.459],[125.518,41.489],[125.504,41.525],[125.477,41.56],[125.417,41.544],[125.367,41.539],[125.323,41.497],[125.252,41.498],[125.202,41.501],[125.133,41.501],[125.068,41.494],[124.989,41.496],[124.94,41.505],[124.899,41.474],[124.864,41.443],[124.862,41.4],[124.869,41.369],[124.873,41.327],[124.803,41.298],[124.733,41.269],[124.654,41.24],[124.602,41.265],[124.5,41.332],[124.459,41.319],[124.424,41.312],[124.389,41.355],[124.349,41.4],[124.379,41.455],[124.331,41.479],[124.318,41.507],[124.257,41.541],[124.202,41.534],[124.141,41.518],[124.098,41.535],[123.987,41.559],[123.934,41.549],[123.86,41.551],[123.825,41.513],[123.787,41.523],[123.746,41.521],[123.703,41.521],[123.665,41.527],[123.616,41.514],[123.591,41.494]]]]}},{"type":"Feature","properties":{"id":"210600","名称":"丹东市","所属省":"辽宁"},"geometry":{"type":"MultiPolygon","coordinates":[[[[123.519,39.77],[123.548,39.775],[123.57,39.774],[123.642,39.796],[123.662,39.826],[123.736,39.818],[123.829,39.831],[123.944,39.819],[124.053,39.81],[124.096,39.792],[124.164,39.778],[124.213,39.863],[124.241,39.928],[124.289,39.948],[124.328,39.98],[124.372,40.021],[124.337,40.061],[124.406,40.135],[124.446,40.169],[124.507,40.205],[124.548,40.238],[124.621,40.291],[124.735,40.344],[124.834,40.423],[124.907,40.485],[124.941,40.456],[124.996,40.477],[125.044,40.467],[125.017,40.491],[125.035,40.543],[125.114,40.569],[125.19,40.615],[125.27,40.63],[125.311,40.659],[125.376,40.658],[125.422,40.649],[125.454,40.677],[125.496,40.729],[125.551,40.746],[125.597,40.789],[125.657,40.769],[125.641,40.798],[125.69,40.851],[125.706,40.874],[125.656,40.916],[125.588,40.892],[125.555,40.927],[125.501,40.938],[125.53,40.986],[125.49,40.975],[125.466,40.962],[125.461,41.007],[125.434,41.026],[125.388,41.015],[125.342,41.01],[125.334,41.037],[125.309,41.065],[125.264,41.097],[125.169,41.107],[125.084,41.098],[125.006,41.099],[124.949,41.115],[124.856,41.139],[124.765,41.138],[124.719,41.134],[124.671,41.096],[124.614,41.091],[124.541,41.089],[124.504,41.05],[124.406,41.072],[124.339,41.072],[124.297,41.089],[124.257,41.099],[124.236,41.065],[124.209,41.046],[124.151,41.053],[124.123,41.04],[124.127,40.985],[124.136,40.935],[124.149,40.887],[124.116,40.854],[124.084,40.861],[123.997,40.862],[123.956,40.846],[123.898,40.831],[123.852,40.852],[123.802,40.857],[123.743,40.852],[123.714,40.821],[123.664,40.827],[123.582,40.858],[123.54,40.837],[123.581,40.787],[123.557,40.748],[123.559,40.713],[123.583,40.687],[123.664,40.676],[123.731,40.649],[123.721,40.587],[123.741,40.532],[123.767,40.5],[123.769,40.444],[123.739,40.364],[123.706,40.314],[123.648,40.26],[123.596,40.243],[123.561,40.187],[123.606,40.169],[123.568,40.115],[123.529,40.103],[123.483,40.051],[123.464,40.038],[123.448,40.037],[123.408,39.999],[123.385,39.955],[123.398,39.926],[123.457,39.929],[123.474,39.881],[123.504,39.844],[123.519,39.799],[123.519,39.77]]],[[[123.826,39.786],[123.825,39.796],[123.809,39.791],[123.826,39.786]]],[[[123.716,39.745],[123.748,39.763],[123.711,39.749],[123.716,39.745]]],[[[124.812,40.404],[124.829,40.416],[124.796,40.4],[124.812,40.404]]]]}},{"type":"Feature","properties":{"id":"210700","名称":"锦州市","所属省":"辽宁"},"geometry":{"type":"MultiPolygon","coordinates":[[[[121.555,40.85],[121.597,40.897],[121.651,40.953],[121.673,40.992],[121.663,41.05],[121.68,41.085],[121.715,41.092],[121.763,41.101],[121.717,41.104],[121.611,41.103],[121.602,41.181],[121.603,41.212],[121.58,41.25],[121.701,41.316],[121.759,41.331],[121.827,41.352],[121.885,41.322],[121.92,41.364],[122.011,41.386],[122.07,41.388],[122.099,41.4],[122.169,41.443],[122.216,41.485],[122.357,41.541],[122.471,41.557],[122.493,41.591],[122.51,41.628],[122.527,41.676],[122.556,41.708],[122.57,41.741],[122.569,41.773],[122.54,41.801],[122.499,41.825],[122.46,41.87],[122.474,41.906],[122.521,41.917],[122.501,41.957],[122.484,42.022],[122.463,42.042],[122.439,42.075],[122.428,42.092],[122.447,42.124],[122.367,42.108],[122.236,42.052],[122.184,42.032],[122.154,42.018],[122.095,41.986],[122.063,41.969],[122.034,41.931],[121.991,41.92],[121.962,41.889],[121.924,41.869],[121.895,41.846],[121.832,41.821],[121.835,41.787],[121.754,41.796],[121.675,41.774],[121.605,41.787],[121.526,41.77],[121.507,41.744],[121.493,41.722],[121.458,41.708],[121.394,41.736],[121.333,41.742],[121.312,41.771],[121.261,41.775],[121.222,41.731],[121.225,41.678],[121.178,41.665],[121.147,41.659],[121.124,41.633],[121.067,41.618],[121.056,41.626],[121.005,41.605],[120.974,41.584],[120.94,41.538],[120.915,41.528],[120.897,41.485],[120.877,41.477],[120.871,41.421],[120.843,41.405],[120.812,41.426],[120.791,41.396],[120.775,41.368],[120.757,41.337],[120.749,41.292],[120.753,41.268],[120.764,41.249],[120.721,41.228],[120.753,41.213],[120.772,41.194],[120.784,41.17],[120.825,41.141],[120.876,41.156],[120.91,41.135],[120.931,41.117],[120.943,41.061],[120.983,41.045],[121.035,41.05],[121.016,40.973],[121.025,40.95],[121.024,40.928],[121.031,40.884],[121.009,40.843],[121.074,40.798],[121.095,40.829],[121.145,40.876],[121.291,40.852],[121.482,40.882],[121.555,40.85]]]]}},{"type":"Feature","properties":{"id":"210800","名称":"营口市","所属省":"辽宁"},"geometry":{"type":"MultiPolygon","coordinates":[[[[121.953,40.129],[121.98,40.078],[122.021,40.058],[122.069,40.068],[122.096,40.042],[122.175,40.027],[122.219,40],[122.26,40.006],[122.281,39.967],[122.344,39.983],[122.401,39.967],[122.477,39.94],[122.511,39.929],[122.549,39.955],[122.544,39.989],[122.527,40.016],[122.53,40.047],[122.57,40.05],[122.629,40.062],[122.709,40.068],[122.747,40.098],[122.801,40.103],[122.835,40.119],[122.854,40.155],[122.894,40.205],[122.882,40.249],[122.881,40.307],[122.93,40.358],[122.946,40.416],[122.987,40.464],[122.95,40.516],[122.879,40.529],[122.817,40.558],[122.771,40.578],[122.704,40.599],[122.659,40.584],[122.644,40.611],[122.653,40.639],[122.671,40.671],[122.623,40.672],[122.65,40.74],[122.568,40.758],[122.538,40.801],[122.515,40.839],[122.488,40.861],[122.493,40.9],[122.465,40.936],[122.412,40.928],[122.378,40.909],[122.332,40.894],[122.309,40.905],[122.254,40.87],[122.189,40.876],[122.187,40.841],[122.101,40.804],[122.16,40.76],[122.21,40.725],[122.266,40.71],[122.234,40.683],[122.188,40.696],[122.152,40.697],[122.151,40.653],[122.246,40.52],[122.245,40.485],[122.265,40.48],[122.25,40.453],[122.191,40.429],[122.192,40.382],[122.163,40.359],[122.111,40.368],[122.121,40.327],[122.08,40.333],[122.027,40.245],[121.959,40.193],[122.01,40.149],[121.953,40.129]]]]}},{"type":"Feature","properties":{"id":"210900","名称":"阜新市","所属省":"辽宁"},"geometry":{"type":"MultiPolygon","coordinates":[[[[122.84,42.718],[122.795,42.748],[122.75,42.767],[122.7,42.782],[122.618,42.779],[122.563,42.826],[122.432,42.843],[122.35,42.82],[122.373,42.775],[122.445,42.749],[122.397,42.708],[122.335,42.673],[122.308,42.69],[122.238,42.719],[122.207,42.707],[122.191,42.692],[122.14,42.69],[122.096,42.703],[122.061,42.723],[122.022,42.699],[121.98,42.697],[121.939,42.688],[121.929,42.667],[121.902,42.631],[121.921,42.606],[121.904,42.594],[121.887,42.555],[121.852,42.526],[121.823,42.525],[121.803,42.515],[121.76,42.486],[121.691,42.437],[121.647,42.459],[121.602,42.502],[121.591,42.502],[121.552,42.491],[121.497,42.492],[121.451,42.477],[121.417,42.478],[121.385,42.452],[121.311,42.44],[121.307,42.413],[121.252,42.383],[121.214,42.362],[121.17,42.323],[121.134,42.3],[121.086,42.278],[121.039,42.248],[121.056,42.219],[121.055,42.175],[121.085,42.111],[121.044,42.051],[121.039,41.988],[121.079,41.974],[121.192,41.966],[121.263,41.898],[121.291,41.856],[121.264,41.794],[121.343,41.769],[121.36,41.726],[121.436,41.733],[121.475,41.695],[121.515,41.72],[121.512,41.763],[121.539,41.783],[121.637,41.774],[121.707,41.804],[121.798,41.802],[121.863,41.813],[121.844,41.836],[121.909,41.864],[121.942,41.873],[121.972,41.893],[122.004,41.931],[122.042,41.945],[122.082,41.967],[122.131,41.999],[122.153,42.032],[122.213,42.05],[122.294,42.08],[122.426,42.129],[122.439,42.151],[122.615,42.213],[122.633,42.231],[122.692,42.25],[122.769,42.297],[122.826,42.33],[122.901,42.349],[122.875,42.375],[122.862,42.407],[122.828,42.41],[122.833,42.432],[122.825,42.461],[122.834,42.498],[122.908,42.501],[122.922,42.535],[122.967,42.562],[122.923,42.597],[122.886,42.611],[122.839,42.645],[122.792,42.663],[122.751,42.698],[122.816,42.719],[122.84,42.718]]]]}},{"type":"Feature","properties":{"id":"211000","名称":"辽阳市","所属省":"辽宁"},"geometry":{"type":"MultiPolygon","coordinates":[[[[122.623,41.2],[122.598,41.179],[122.69,41.128],[122.761,41.101],[122.8,41.1],[122.831,41.092],[122.858,41.145],[122.876,41.171],[122.91,41.194],[122.988,41.2],[123.038,41.208],[123.076,41.185],[123.119,41.177],[123.14,41.137],[123.145,41.102],[123.184,41.106],[123.214,41.091],[123.227,41.059],[123.2,41.031],[123.192,40.988],[123.127,40.989],[123.097,40.942],[123.074,40.907],[123.056,40.858],[123.085,40.836],[123.075,40.792],[123.101,40.741],[123.177,40.713],[123.258,40.745],[123.315,40.773],[123.394,40.786],[123.442,40.803],[123.534,40.827],[123.575,40.857],[123.619,40.897],[123.647,40.931],[123.652,40.975],[123.66,41.042],[123.68,41.07],[123.651,41.113],[123.638,41.159],[123.619,41.203],[123.6,41.242],[123.67,41.261],[123.656,41.299],[123.658,41.346],[123.653,41.387],[123.653,41.439],[123.601,41.487],[123.547,41.481],[123.49,41.479],[123.439,41.469],[123.408,41.501],[123.363,41.505],[123.334,41.507],[123.284,41.524],[123.236,41.552],[123.188,41.556],[123.169,41.549],[123.127,41.547],[123.114,41.585],[123.109,41.606],[123.082,41.561],[123.027,41.514],[122.969,41.51],[122.982,41.496],[122.934,41.479],[122.94,41.456],[122.929,41.449],[122.887,41.418],[122.85,41.416],[122.798,41.367],[122.749,41.352],[122.718,41.323],[122.706,41.285],[122.674,41.252],[122.66,41.213],[122.623,41.2]]]]}},{"type":"Feature","properties":{"id":"211100","名称":"盘锦市","所属省":"辽宁"},"geometry":{"type":"MultiPolygon","coordinates":[[[[121.555,40.85],[121.571,40.828],[121.635,40.833],[121.7,40.841],[121.747,40.853],[121.816,40.895],[121.842,40.839],[121.934,40.798],[121.936,40.711],[122.05,40.654],[122.133,40.666],[122.155,40.706],[122.195,40.702],[122.245,40.683],[122.247,40.711],[122.206,40.74],[122.128,40.78],[122.129,40.818],[122.179,40.85],[122.209,40.856],[122.264,40.871],[122.319,40.909],[122.335,40.906],[122.331,40.924],[122.35,40.955],[122.359,40.975],[122.343,40.989],[122.39,40.988],[122.411,40.993],[122.415,41.057],[122.397,41.12],[122.366,41.177],[122.412,41.204],[122.464,41.233],[122.458,41.248],[122.389,41.232],[122.343,41.204],[122.275,41.184],[122.215,41.217],[122.25,41.243],[122.267,41.307],[122.278,41.349],[122.199,41.429],[122.194,41.46],[122.137,41.429],[122.094,41.394],[122.041,41.371],[121.975,41.384],[121.911,41.356],[121.869,41.33],[121.801,41.349],[121.747,41.337],[121.686,41.305],[121.577,41.226],[121.62,41.207],[121.568,41.146],[121.666,41.099],[121.722,41.108],[121.759,41.089],[121.692,41.093],[121.667,41.06],[121.661,41.034],[121.667,40.986],[121.648,40.938],[121.585,40.886],[121.555,40.85]]]]}},{"type":"Feature","properties":{"id":"211200","名称":"铁岭市","所属省":"辽宁"},"geometry":{"type":"MultiPolygon","coordinates":[[[[123.79,41.989],[123.876,42.029],[123.94,42.024],[123.986,42.006],[124.04,42.045],[124.141,42.068],[124.208,42.055],[124.269,42.046],[124.281,42.021],[124.313,42.015],[124.369,42.022],[124.414,42.05],[124.52,42.088],[124.56,42.155],[124.528,42.203],[124.561,42.282],[124.575,42.352],[124.635,42.346],[124.661,42.316],[124.726,42.325],[124.775,42.337],[124.786,42.382],[124.786,42.409],[124.853,42.412],[124.925,42.397],[124.961,42.384],[124.991,42.373],[125.024,42.402],[125.036,42.438],[125.078,42.465],[125.085,42.501],[125.081,42.513],[125.077,42.542],[125.096,42.6],[125.086,42.626],[125.038,42.615],[125.019,42.653],[124.99,42.677],[124.989,42.695],[124.98,42.729],[124.983,42.761],[124.98,42.781],[124.931,42.819],[124.898,42.788],[124.867,42.808],[124.857,42.863],[124.852,42.899],[124.865,42.927],[124.868,42.962],[124.862,42.99],[124.844,43.026],[124.858,43.051],[124.884,43.094],[124.895,43.131],[124.842,43.127],[124.802,43.122],[124.759,43.086],[124.695,43.057],[124.678,43.003],[124.653,42.976],[124.623,42.949],[124.604,42.924],[124.538,42.867],[124.48,42.858],[124.452,42.826],[124.441,42.876],[124.372,42.881],[124.388,42.91],[124.415,42.926],[124.43,42.966],[124.361,42.976],[124.37,43.026],[124.382,43.108],[124.309,43.155],[124.284,43.166],[124.288,43.207],[124.268,43.231],[124.227,43.242],[124.19,43.246],[124.155,43.254],[124.114,43.247],[124.111,43.281],[124.066,43.293],[123.987,43.316],[123.923,43.36],[123.892,43.39],[123.85,43.416],[123.858,43.459],[123.834,43.474],[123.787,43.48],[123.753,43.465],[123.734,43.427],[123.706,43.397],[123.705,43.377],[123.711,43.355],[123.714,43.332],[123.717,43.312],[123.696,43.281],[123.678,43.271],[123.668,43.236],[123.656,43.194],[123.65,43.175],[123.635,43.138],[123.628,43.101],[123.605,43.064],[123.595,43.04],[123.581,43.019],[123.573,43.004],[123.547,42.977],[123.584,42.944],[123.585,42.91],[123.584,42.875],[123.593,42.847],[123.595,42.808],[123.599,42.772],[123.586,42.752],[123.559,42.725],[123.583,42.688],[123.603,42.671],[123.619,42.655],[123.665,42.624],[123.695,42.603],[123.71,42.58],[123.726,42.555],[123.753,42.543],[123.679,42.516],[123.664,42.552],[123.622,42.534],[123.584,42.513],[123.559,42.5],[123.522,42.487],[123.473,42.456],[123.472,42.398],[123.488,42.363],[123.523,42.34],[123.498,42.276],[123.477,42.233],[123.47,42.181],[123.535,42.182],[123.556,42.145],[123.621,42.116],[123.662,42.094],[123.727,42.076],[123.752,42.053],[123.79,42.053],[123.813,42.05],[123.797,42.014],[123.763,41.999],[123.79,41.989]]]]}},{"type":"Feature","properties":{"id":"211300","名称":"朝阳市","所属省":"辽宁"},"geometry":{"type":"MultiPolygon","coordinates":[[[[121.028,42.243],[120.985,42.262],[120.933,42.279],[120.89,42.272],[120.867,42.252],[120.828,42.235],[120.745,42.224],[120.689,42.188],[120.568,42.152],[120.481,42.116],[120.488,42.096],[120.493,42.073],[120.452,42.023],[120.423,42.002],[120.374,41.995],[120.332,41.964],[120.308,41.927],[120.29,41.919],[120.27,41.909],[120.3,41.888],[120.228,41.866],[120.183,41.827],[120.124,41.762],[120.114,41.713],[120.044,41.709],[120.036,41.748],[120.043,41.774],[120.042,41.819],[120.006,41.862],[119.978,41.909],[119.957,41.962],[119.921,42.014],[119.9,42.046],[119.846,42.097],[119.84,42.149],[119.847,42.215],[119.766,42.214],[119.72,42.23],[119.635,42.251],[119.585,42.279],[119.554,42.289],[119.557,42.319],[119.572,42.359],[119.499,42.372],[119.439,42.328],[119.393,42.308],[119.337,42.294],[119.279,42.257],[119.248,42.206],[119.276,42.186],[119.307,42.148],[119.362,42.109],[119.384,42.077],[119.377,42.037],[119.325,41.969],[119.326,41.934],[119.336,41.905],[119.326,41.858],[119.313,41.806],[119.318,41.764],[119.319,41.728],[119.314,41.682],[119.32,41.644],[119.379,41.605],[119.42,41.581],[119.403,41.566],[119.362,41.566],[119.383,41.532],[119.406,41.503],[119.378,41.46],[119.349,41.411],[119.331,41.385],[119.326,41.329],[119.296,41.325],[119.241,41.299],[119.219,41.257],[119.198,41.222],[119.189,41.198],[119.136,41.145],[119.079,41.109],[119.051,41.08],[119.03,41.07],[118.964,41.079],[118.941,41.028],[119.014,41.008],[118.993,40.967],[118.903,40.962],[118.894,40.925],[118.881,40.863],[118.852,40.826],[118.866,40.794],[118.901,40.781],[118.922,40.752],[118.982,40.707],[119.027,40.693],[119.07,40.67],[119.138,40.679],[119.186,40.676],[119.158,40.605],[119.207,40.604],[119.251,40.617],[119.296,40.614],[119.346,40.669],[119.405,40.685],[119.432,40.731],[119.479,40.76],[119.527,40.808],[119.549,40.833],[119.638,40.83],[119.661,40.793],[119.691,40.799],[119.695,40.824],[119.715,40.861],[119.764,40.858],[119.802,40.87],[119.819,40.93],[119.859,40.924],[119.917,40.932],[119.96,40.934],[120.006,40.965],[120.024,40.993],[120.018,41.04],[119.999,41.076],[120.057,41.092],[120.099,41.088],[120.109,41.063],[120.154,41.011],[120.199,41.001],[120.19,40.957],[120.169,40.927],[120.208,40.947],[120.257,40.945],[120.29,40.973],[120.32,41],[120.349,41.001],[120.4,40.956],[120.445,40.978],[120.456,41.015],[120.477,41.078],[120.536,41.067],[120.603,41.118],[120.615,41.161],[120.664,41.178],[120.698,41.184],[120.764,41.19],[120.764,41.21],[120.72,41.22],[120.747,41.241],[120.756,41.262],[120.737,41.288],[120.748,41.324],[120.77,41.358],[120.779,41.379],[120.805,41.421],[120.833,41.398],[120.865,41.416],[120.879,41.45],[120.905,41.481],[120.906,41.523],[120.936,41.531],[120.982,41.567],[120.997,41.596],[121.049,41.616],[121.072,41.625],[121.111,41.619],[121.147,41.649],[121.174,41.674],[121.21,41.678],[121.234,41.721],[121.227,41.763],[121.273,41.804],[121.302,41.866],[121.239,41.904],[121.163,41.977],[121.075,41.979],[121.051,42.005],[121.046,42.059],[121.078,42.136],[121.055,42.188],[121.047,42.23],[121.028,42.243]]]]}},{"type":"Feature","properties":{"id":"211400","名称":"葫芦岛市","所属省":"辽宁"},"geometry":{"type":"MultiPolygon","coordinates":[[[[121.03,40.791],[121.02,40.868],[121.036,40.922],[121.025,40.942],[121.016,40.957],[121.032,41.034],[120.98,41.041],[120.945,41.052],[120.938,41.124],[120.899,41.131],[120.889,41.151],[120.835,41.132],[120.788,41.162],[120.781,41.203],[120.736,41.194],[120.69,41.196],[120.64,41.184],[120.613,41.144],[120.561,41.099],[120.508,41.068],[120.455,41.051],[120.452,40.998],[120.419,40.956],[120.382,40.974],[120.335,40.996],[120.305,40.985],[120.279,40.946],[120.239,40.951],[120.197,40.923],[120.176,40.949],[120.204,40.974],[120.179,41.028],[120.128,41.048],[120.119,41.076],[120.079,41.101],[120.023,41.08],[120.005,41.062],[120.023,41.008],[120.016,40.984],[119.98,40.933],[119.939,40.947],[119.895,40.913],[119.835,40.928],[119.826,40.886],[119.786,40.856],[119.741,40.868],[119.706,40.841],[119.711,40.819],[119.684,40.781],[119.658,40.809],[119.586,40.822],[119.528,40.835],[119.505,40.771],[119.454,40.755],[119.426,40.709],[119.375,40.681],[119.324,40.643],[119.266,40.609],[119.236,40.597],[119.256,40.543],[119.362,40.537],[119.46,40.535],[119.52,40.547],[119.572,40.524],[119.572,40.488],[119.602,40.445],[119.587,40.376],[119.623,40.301],[119.644,40.26],[119.648,40.229],[119.696,40.209],[119.734,40.2],[119.758,40.158],[119.737,40.105],[119.768,40.059],[119.808,40.044],[119.845,40.037],[119.854,39.989],[119.935,40.002],[119.956,40.047],[120.092,40.078],[120.22,40.109],[120.398,40.18],[120.497,40.21],[120.521,40.293],[120.57,40.337],[120.596,40.391],[120.616,40.445],[120.667,40.468],[120.722,40.516],[120.799,40.576],[120.837,40.652],[120.859,40.685],[120.954,40.697],[121.032,40.709],[121.029,40.746],[120.981,40.766],[120.978,40.798],[120.993,40.809],[121.03,40.791]]],[[[120.787,40.474],[120.832,40.513],[120.807,40.527],[120.793,40.5],[120.787,40.474]]],[[[120.615,40.397],[120.621,40.396],[120.621,40.406],[120.615,40.397]]]]}},{"type":"Feature","properties":{"id":"220100","名称":"长春市","所属省":"吉林"},"geometry":{"type":"MultiPolygon","coordinates":[[[[125.698,43.263],[125.782,43.293],[125.832,43.3],[125.901,43.307],[125.95,43.324],[125.979,43.336],[126.014,43.371],[125.975,43.405],[125.939,43.431],[125.901,43.451],[125.868,43.492],[125.867,43.524],[125.868,43.544],[125.886,43.592],[125.887,43.635],[125.867,43.683],[125.849,43.707],[125.833,43.748],[125.811,43.768],[125.807,43.799],[125.806,43.818],[125.822,43.852],[125.861,43.861],[125.893,43.856],[125.95,43.85],[125.995,43.877],[126.037,43.898],[126.023,43.933],[126.029,43.965],[126.018,44.041],[126.052,44.068],[126.078,44.096],[126.12,44.123],[126.15,44.137],[126.177,44.164],[126.25,44.181],[126.279,44.159],[126.332,44.187],[126.376,44.174],[126.414,44.18],[126.462,44.178],[126.501,44.222],[126.463,44.258],[126.494,44.298],[126.472,44.336],[126.474,44.366],[126.48,44.393],[126.434,44.418],[126.422,44.465],[126.446,44.503],[126.424,44.534],[126.465,44.546],[126.528,44.544],[126.56,44.557],[126.594,44.569],[126.628,44.575],[126.642,44.554],[126.709,44.532],[126.73,44.534],[126.739,44.522],[126.812,44.531],[126.879,44.512],[126.92,44.533],[126.999,44.532],[127.046,44.572],[127.041,44.612],[127.031,44.676],[127.036,44.722],[126.997,44.775],[126.995,44.848],[127.022,44.899],[127.077,44.919],[127.094,44.945],[127.071,44.968],[127.05,45.004],[127.009,45.044],[126.967,45.084],[126.957,45.121],[126.932,45.13],[126.888,45.142],[126.833,45.136],[126.802,45.139],[126.772,45.166],[126.732,45.187],[126.678,45.197],[126.645,45.225],[126.6,45.244],[126.54,45.239],[126.495,45.239],[126.44,45.224],[126.399,45.22],[126.36,45.188],[126.316,45.181],[126.293,45.18],[126.265,45.168],[126.252,45.145],[126.207,45.153],[126.171,45.146],[126.185,45.115],[126.181,45.072],[126.188,45.001],[126.157,44.954],[126.187,44.933],[126.164,44.902],[126.108,44.924],[126.057,44.882],[126.038,44.848],[126.05,44.827],[126.026,44.782],[125.978,44.774],[125.911,44.789],[125.876,44.82],[125.826,44.841],[125.811,44.849],[125.787,44.876],[125.749,44.906],[125.697,44.937],[125.641,44.93],[125.591,44.885],[125.531,44.884],[125.481,44.873],[125.421,44.891],[125.391,44.881],[125.33,44.867],[125.267,44.858],[125.232,44.845],[125.292,44.827],[125.263,44.796],[125.223,44.806],[125.156,44.79],[125.125,44.77],[125.07,44.777],[125.026,44.788],[124.963,44.75],[124.878,44.727],[124.826,44.676],[124.781,44.68],[124.722,44.66],[124.634,44.641],[124.595,44.603],[124.57,44.553],[124.561,44.529],[124.565,44.507],[124.595,44.467],[124.635,44.434],[124.604,44.431],[124.569,44.436],[124.563,44.413],[124.6,44.39],[124.612,44.37],[124.607,44.338],[124.628,44.297],[124.6,44.253],[124.625,44.208],[124.669,44.209],[124.698,44.207],[124.734,44.201],[124.763,44.214],[124.725,44.178],[124.722,44.151],[124.627,44.125],[124.516,44.117],[124.471,44.079],[124.436,44.061],[124.403,44.03],[124.352,44.015],[124.308,43.991],[124.266,44],[124.229,43.995],[124.191,43.988],[124.158,44.014],[124.111,44.013],[124.017,43.993],[124.04,43.927],[124.077,43.872],[124.061,43.85],[124.073,43.812],[124.039,43.794],[124.04,43.77],[124.071,43.752],[124.077,43.718],[124.127,43.709],[124.173,43.707],[124.199,43.73],[124.212,43.755],[124.362,43.771],[124.47,43.757],[124.551,43.741],[124.599,43.691],[124.678,43.617],[124.69,43.545],[124.703,43.456],[124.743,43.39],[124.762,43.349],[124.768,43.307],[124.784,43.258],[124.779,43.211],[124.854,43.169],[124.835,43.222],[124.865,43.266],[124.892,43.293],[124.918,43.333],[124.88,43.375],[124.86,43.407],[124.911,43.431],[124.898,43.471],[124.954,43.506],[124.996,43.552],[125.034,43.58],[125.131,43.614],[125.235,43.642],[125.297,43.636],[125.29,43.599],[125.284,43.568],[125.276,43.533],[125.264,43.515],[125.248,43.487],[125.248,43.452],[125.275,43.448],[125.306,43.454],[125.335,43.469],[125.378,43.489],[125.371,43.526],[125.379,43.54],[125.387,43.58],[125.446,43.601],[125.456,43.557],[125.463,43.504],[125.48,43.483],[125.502,43.453],[125.499,43.428],[125.53,43.412],[125.577,43.41],[125.542,43.361],[125.6,43.313],[125.674,43.281],[125.698,43.263]]],[[[126.717,44.533],[126.719,44.532],[126.72,44.534],[126.715,44.533],[126.716,44.533],[126.717,44.533]]],[[[126.716,44.533],[126.715,44.533],[126.713,44.532],[126.719,44.532],[126.717,44.533],[126.716,44.533]]]]}},{"type":"Feature","properties":{"id":"220200","名称":"吉林市","所属省":"吉林"},"geometry":{"type":"MultiPolygon","coordinates":[[[[126.75,42.672],[126.797,42.702],[126.8,42.733],[126.819,42.768],[126.869,42.784],[126.908,42.809],[126.972,42.808],[127.017,42.789],[127.095,42.8],[127.136,42.802],[127.169,42.813],[127.202,42.836],[127.201,42.765],[127.235,42.72],[127.247,42.678],[127.212,42.622],[127.24,42.599],[127.305,42.632],[127.352,42.588],[127.404,42.57],[127.47,42.585],[127.498,42.602],[127.51,42.634],[127.558,42.657],[127.598,42.681],[127.653,42.727],[127.657,42.761],[127.697,42.776],[127.727,42.799],[127.718,42.817],[127.778,42.815],[127.82,42.793],[127.853,42.811],[127.816,42.841],[127.807,42.879],[127.759,42.902],[127.712,42.891],[127.641,42.922],[127.597,42.957],[127.548,42.978],[127.497,43.023],[127.483,43.053],[127.493,43.092],[127.511,43.141],[127.561,43.169],[127.586,43.195],[127.636,43.237],[127.654,43.283],[127.63,43.313],[127.64,43.34],[127.679,43.364],[127.704,43.395],[127.702,43.43],[127.704,43.481],[127.734,43.505],[127.77,43.532],[127.792,43.563],[127.819,43.583],[127.854,43.611],[127.897,43.625],[127.913,43.666],[127.913,43.695],[127.921,43.721],[127.877,43.735],[127.841,43.795],[127.813,43.812],[127.811,43.841],[127.861,43.882],[127.836,43.901],[127.776,43.937],[127.792,43.973],[127.789,44.003],[127.836,44.032],[127.861,44.049],[127.846,44.082],[127.784,44.072],[127.736,44.114],[127.722,44.154],[127.712,44.199],[127.668,44.172],[127.627,44.188],[127.591,44.228],[127.615,44.271],[127.591,44.306],[127.534,44.36],[127.507,44.393],[127.502,44.43],[127.473,44.468],[127.466,44.516],[127.509,44.53],[127.547,44.538],[127.537,44.577],[127.483,44.601],[127.435,44.614],[127.393,44.632],[127.272,44.627],[127.219,44.636],[127.182,44.644],[127.127,44.61],[127.089,44.594],[127.036,44.558],[126.959,44.53],[126.903,44.524],[126.856,44.536],[126.77,44.526],[126.727,44.521],[126.72,44.534],[126.709,44.532],[126.655,44.545],[126.63,44.561],[126.621,44.558],[126.58,44.568],[126.547,44.546],[126.508,44.543],[126.439,44.541],[126.415,44.52],[126.424,44.488],[126.441,44.437],[126.485,44.416],[126.494,44.38],[126.455,44.354],[126.475,44.31],[126.475,44.282],[126.495,44.24],[126.468,44.203],[126.433,44.175],[126.403,44.182],[126.35,44.175],[126.297,44.176],[126.273,44.182],[126.225,44.176],[126.158,44.15],[126.141,44.12],[126.093,44.115],[126.065,44.081],[126.037,44.05],[126.001,43.996],[126.035,43.949],[126.045,43.921],[126.042,43.882],[125.985,43.856],[125.917,43.862],[125.879,43.862],[125.844,43.863],[125.802,43.828],[125.806,43.812],[125.816,43.783],[125.816,43.76],[125.834,43.728],[125.863,43.691],[125.878,43.651],[125.886,43.619],[125.871,43.562],[125.858,43.533],[125.853,43.502],[125.873,43.485],[125.912,43.447],[125.958,43.399],[125.996,43.392],[126.019,43.353],[125.958,43.337],[125.914,43.317],[125.857,43.295],[125.801,43.31],[125.718,43.275],[125.66,43.227],[125.666,43.2],[125.689,43.16],[125.725,43.123],[125.776,43.109],[125.75,43.083],[125.733,43.065],[125.665,43.076],[125.708,43.033],[125.742,43.012],[125.822,42.998],[125.861,42.961],[125.858,42.944],[125.892,42.914],[125.912,42.876],[125.981,42.813],[126.029,42.789],[126.078,42.786],[126.138,42.792],[126.195,42.791],[126.243,42.776],[126.287,42.796],[126.345,42.806],[126.395,42.805],[126.398,42.761],[126.389,42.719],[126.405,42.689],[126.485,42.685],[126.528,42.679],[126.567,42.686],[126.619,42.713],[126.673,42.718],[126.72,42.697],[126.75,42.672]]],[[[126.72,44.534],[126.721,44.535],[126.71,44.537],[126.712,44.533],[126.713,44.532],[126.715,44.533],[126.72,44.534]]],[[[126.704,44.535],[126.704,44.533],[126.707,44.53],[126.709,44.532],[126.704,44.535]]]]}},{"type":"Feature","properties":{"id":"220300","名称":"四平市","所属省":"吉林"},"geometry":{"type":"MultiPolygon","coordinates":[[[[124.016,44.005],[123.858,44],[123.774,44.023],[123.721,44.051],[123.688,44.099],[123.652,44.09],[123.59,44.088],[123.503,44.08],[123.425,44.075],[123.359,44.075],[123.321,44.052],[123.37,44.005],[123.382,43.952],[123.415,43.929],[123.438,43.895],[123.462,43.859],[123.462,43.823],[123.482,43.795],[123.49,43.77],[123.49,43.73],[123.519,43.701],[123.529,43.66],[123.512,43.626],[123.51,43.592],[123.459,43.594],[123.421,43.598],[123.456,43.548],[123.341,43.561],[123.326,43.506],[123.376,43.477],[123.414,43.426],[123.487,43.446],[123.532,43.401],[123.609,43.366],[123.709,43.384],[123.71,43.417],[123.752,43.455],[123.774,43.48],[123.826,43.471],[123.861,43.462],[123.855,43.424],[123.866,43.396],[123.912,43.358],[123.969,43.333],[124.044,43.288],[124.099,43.281],[124.117,43.264],[124.151,43.249],[124.178,43.242],[124.216,43.256],[124.243,43.233],[124.283,43.221],[124.282,43.189],[124.293,43.154],[124.341,43.129],[124.426,43.076],[124.348,42.988],[124.415,42.977],[124.442,42.941],[124.398,42.92],[124.372,42.881],[124.441,42.876],[124.452,42.827],[124.48,42.859],[124.538,42.867],[124.578,42.9],[124.623,42.942],[124.634,42.958],[124.661,42.984],[124.674,43.026],[124.739,43.068],[124.785,43.106],[124.82,43.12],[124.873,43.126],[124.912,43.145],[124.965,43.187],[125.019,43.204],[125.061,43.214],[125.156,43.227],[125.21,43.213],[125.27,43.155],[125.382,43.105],[125.4,43.148],[125.361,43.175],[125.367,43.219],[125.412,43.227],[125.449,43.224],[125.48,43.163],[125.49,43.125],[125.555,43.094],[125.66,43.058],[125.704,43.056],[125.733,43.091],[125.776,43.103],[125.754,43.131],[125.692,43.147],[125.674,43.186],[125.648,43.223],[125.685,43.269],[125.629,43.297],[125.57,43.339],[125.578,43.379],[125.551,43.404],[125.507,43.418],[125.513,43.444],[125.49,43.466],[125.467,43.494],[125.448,43.53],[125.453,43.576],[125.405,43.587],[125.394,43.555],[125.392,43.538],[125.368,43.505],[125.38,43.474],[125.324,43.462],[125.292,43.452],[125.262,43.449],[125.242,43.468],[125.268,43.51],[125.259,43.534],[125.282,43.543],[125.277,43.578],[125.309,43.611],[125.29,43.65],[125.2,43.633],[125.082,43.603],[125.01,43.549],[124.99,43.524],[124.917,43.497],[124.912,43.45],[124.885,43.424],[124.871,43.394],[124.884,43.359],[124.932,43.324],[124.863,43.285],[124.847,43.237],[124.844,43.188],[124.799,43.196],[124.776,43.229],[124.76,43.281],[124.775,43.326],[124.757,43.367],[124.731,43.423],[124.678,43.516],[124.694,43.576],[124.666,43.66],[124.559,43.727],[124.517,43.751],[124.43,43.756],[124.251,43.759],[124.204,43.741],[124.188,43.711],[124.147,43.704],[124.105,43.705],[124.083,43.741],[124.051,43.768],[124.043,43.784],[124.051,43.8],[124.066,43.834],[124.078,43.844],[124.064,43.892],[124.019,43.982],[124.016,44.005]]]]}},{"type":"Feature","properties":{"id":"220400","名称":"辽源市","所属省":"吉林"},"geometry":{"type":"MultiPolygon","coordinates":[[[[124.891,43.133],[124.879,43.1],[124.869,43.055],[124.844,43.035],[124.861,42.992],[124.868,42.962],[124.867,42.919],[124.856,42.886],[124.855,42.86],[124.874,42.79],[124.915,42.804],[124.956,42.807],[124.993,42.766],[124.996,42.745],[124.977,42.717],[124.965,42.678],[124.996,42.67],[125.011,42.632],[125.055,42.624],[125.097,42.622],[125.082,42.589],[125.076,42.548],[125.081,42.513],[125.108,42.48],[125.14,42.446],[125.187,42.415],[125.186,42.382],[125.186,42.361],[125.182,42.328],[125.213,42.3],[125.286,42.315],[125.343,42.359],[125.439,42.382],[125.518,42.421],[125.577,42.471],[125.617,42.519],[125.635,42.547],[125.675,42.557],[125.728,42.605],[125.68,42.611],[125.665,42.641],[125.659,42.676],[125.675,42.706],[125.648,42.739],[125.707,42.742],[125.769,42.748],[125.811,42.753],[125.836,42.769],[125.759,42.82],[125.742,42.855],[125.738,42.897],[125.755,42.936],[125.749,42.967],[125.727,43.011],[125.675,43.044],[125.582,43.073],[125.496,43.1],[125.48,43.149],[125.466,43.204],[125.423,43.234],[125.375,43.225],[125.37,43.183],[125.378,43.151],[125.388,43.108],[125.315,43.135],[125.219,43.205],[125.178,43.227],[125.125,43.221],[125.025,43.214],[124.978,43.196],[124.933,43.157],[124.891,43.133]]]]}},{"type":"Feature","properties":{"id":"220500","名称":"通化市","所属省":"吉林"},"geometry":{"type":"MultiPolygon","coordinates":[[[[125.263,42.313],[125.299,42.289],[125.289,42.247],[125.297,42.209],[125.284,42.176],[125.312,42.185],[125.306,42.146],[125.345,42.143],[125.354,42.179],[125.398,42.166],[125.462,42.159],[125.478,42.121],[125.455,42.103],[125.416,42.091],[125.409,42.062],[125.37,42.003],[125.323,41.983],[125.309,41.955],[125.352,41.928],[125.304,41.896],[125.299,41.857],[125.318,41.793],[125.335,41.756],[125.335,41.717],[125.325,41.67],[125.363,41.678],[125.446,41.676],[125.471,41.639],[125.454,41.589],[125.477,41.548],[125.496,41.522],[125.516,41.479],[125.535,41.447],[125.547,41.419],[125.578,41.398],[125.59,41.359],[125.639,41.331],[125.639,41.284],[125.685,41.274],[125.719,41.244],[125.735,41.193],[125.791,41.166],[125.735,41.126],[125.731,41.094],[125.716,41.047],[125.679,40.998],[125.65,40.971],[125.615,40.942],[125.588,40.892],[125.655,40.916],[125.706,40.874],[125.757,40.883],[125.813,40.866],[125.878,40.909],[125.92,40.909],[125.94,40.879],[125.973,40.904],[126.02,40.912],[125.978,40.917],[126.031,40.927],[126.052,40.962],[126.068,40.99],[126.108,41.007],[126.127,41.046],[126.114,41.077],[126.164,41.093],[126.229,41.131],[126.287,41.163],[126.315,41.218],[126.36,41.252],[126.394,41.302],[126.432,41.332],[126.462,41.361],[126.515,41.361],[126.518,41.348],[126.506,41.387],[126.53,41.477],[126.549,41.516],[126.505,41.502],[126.468,41.518],[126.428,41.51],[126.4,41.541],[126.408,41.6],[126.417,41.653],[126.392,41.666],[126.335,41.664],[126.305,41.676],[126.289,41.713],[126.288,41.743],[126.313,41.761],[126.317,41.794],[126.3,41.821],[126.278,41.832],[126.23,41.843],[126.243,41.882],[126.208,41.906],[126.141,41.936],[126.133,41.966],[126.198,41.971],[126.249,41.997],[126.305,42.039],[126.369,42.064],[126.394,42.086],[126.428,42.121],[126.456,42.151],[126.49,42.191],[126.547,42.185],[126.58,42.228],[126.532,42.25],[126.523,42.294],[126.534,42.328],[126.516,42.383],[126.526,42.424],[126.578,42.466],[126.629,42.471],[126.635,42.522],[126.623,42.576],[126.671,42.593],[126.705,42.606],[126.741,42.656],[126.72,42.697],[126.673,42.718],[126.619,42.713],[126.567,42.686],[126.528,42.679],[126.485,42.685],[126.405,42.689],[126.389,42.719],[126.398,42.761],[126.395,42.805],[126.345,42.806],[126.287,42.796],[126.243,42.776],[126.195,42.791],[126.138,42.792],[126.078,42.786],[126.029,42.789],[125.981,42.813],[125.912,42.876],[125.892,42.914],[125.858,42.944],[125.861,42.961],[125.822,42.998],[125.742,43.012],[125.749,42.967],[125.755,42.936],[125.738,42.897],[125.742,42.855],[125.759,42.82],[125.836,42.769],[125.811,42.753],[125.769,42.748],[125.707,42.742],[125.648,42.739],[125.675,42.706],[125.659,42.676],[125.665,42.641],[125.68,42.611],[125.728,42.605],[125.675,42.557],[125.635,42.547],[125.617,42.519],[125.577,42.471],[125.518,42.421],[125.439,42.382],[125.343,42.359],[125.286,42.315],[125.263,42.313]]]]}},{"type":"Feature","properties":{"id":"220600","名称":"白山市","所属省":"吉林"},"geometry":{"type":"MultiPolygon","coordinates":[[[[126.552,41.534],[126.582,41.561],[126.564,41.609],[126.596,41.635],[126.608,41.669],[126.66,41.662],[126.703,41.691],[126.691,41.728],[126.739,41.744],[126.781,41.698],[126.796,41.731],[126.827,41.732],[126.875,41.782],[126.947,41.81],[126.934,41.778],[127.011,41.761],[127.055,41.738],[127.077,41.706],[127.056,41.695],[127.041,41.671],[127.104,41.648],[127.104,41.622],[127.127,41.603],[127.185,41.592],[127.147,41.574],[127.104,41.554],[127.145,41.54],[127.18,41.529],[127.212,41.523],[127.234,41.509],[127.289,41.505],[127.267,41.48],[127.352,41.465],[127.406,41.478],[127.458,41.462],[127.48,41.482],[127.513,41.471],[127.546,41.466],[127.593,41.427],[127.654,41.407],[127.667,41.424],[127.707,41.421],[127.77,41.422],[127.796,41.41],[127.827,41.408],[127.854,41.421],[127.879,41.447],[127.901,41.437],[127.932,41.454],[127.947,41.44],[127.992,41.422],[128.015,41.438],[128.029,41.414],[128.041,41.393],[128.086,41.383],[128.111,41.393],[128.104,41.372],[128.144,41.382],[128.208,41.412],[128.244,41.455],[128.244,41.49],[128.284,41.526],[128.3,41.559],[128.317,41.593],[128.307,41.612],[128.29,41.626],[128.279,41.658],[128.26,41.674],[128.223,41.683],[128.202,41.702],[128.147,41.754],[128.141,41.785],[128.113,41.813],[128.112,41.888],[128.107,41.95],[128.034,42],[128.024,42.071],[127.964,42.14],[127.953,42.172],[127.91,42.221],[127.885,42.243],[127.862,42.274],[127.808,42.307],[127.859,42.328],[127.903,42.367],[127.96,42.393],[128.016,42.428],[128.044,42.48],[128.024,42.53],[128.021,42.566],[127.996,42.582],[127.981,42.611],[127.96,42.631],[127.96,42.658],[127.886,42.675],[127.899,42.69],[127.85,42.725],[127.874,42.735],[127.852,42.758],[127.82,42.793],[127.778,42.815],[127.718,42.817],[127.727,42.799],[127.697,42.776],[127.657,42.761],[127.653,42.727],[127.598,42.681],[127.558,42.657],[127.51,42.634],[127.498,42.602],[127.47,42.585],[127.404,42.57],[127.352,42.588],[127.305,42.632],[127.24,42.599],[127.212,42.622],[127.247,42.678],[127.235,42.72],[127.201,42.765],[127.202,42.836],[127.169,42.813],[127.136,42.802],[127.095,42.8],[127.017,42.789],[126.972,42.808],[126.908,42.809],[126.869,42.784],[126.819,42.768],[126.8,42.733],[126.797,42.702],[126.75,42.672],[126.717,42.627],[126.683,42.596],[126.639,42.584],[126.633,42.541],[126.63,42.489],[126.604,42.464],[126.554,42.444],[126.513,42.402],[126.534,42.358],[126.526,42.315],[126.526,42.269],[126.546,42.243],[126.576,42.206],[126.523,42.191],[126.47,42.177],[126.448,42.141],[126.404,42.106],[126.397,42.064],[126.33,42.045],[126.258,42.013],[126.221,41.983],[126.159,41.974],[126.123,41.949],[126.178,41.916],[126.226,41.894],[126.223,41.865],[126.26,41.844],[126.29,41.835],[126.308,41.807],[126.309,41.776],[126.305,41.747],[126.294,41.729],[126.296,41.694],[126.317,41.666],[126.36,41.661],[126.416,41.667],[126.408,41.627],[126.384,41.574],[126.399,41.517],[126.441,41.52],[126.476,41.504],[126.552,41.534]]]]}},{"type":"Feature","properties":{"id":"220700","名称":"松原市","所属省":"吉林"},"geometry":{"type":"MultiPolygon","coordinates":[[[[123.126,44.509],[123.137,44.462],[123.115,44.403],[123.169,44.35],[123.277,44.253],[123.317,44.19],[123.385,44.142],[123.351,44.093],[123.399,44.067],[123.437,44.078],[123.548,44.078],[123.611,44.081],[123.66,44.093],[123.699,44.09],[123.733,44.039],[123.766,44.017],[123.873,43.998],[124.062,44.009],[124.134,44.007],[124.165,43.998],[124.213,43.998],[124.251,43.992],[124.287,43.992],[124.314,44.008],[124.398,44.028],[124.424,44.037],[124.462,44.073],[124.506,44.101],[124.562,44.116],[124.654,44.128],[124.736,44.159],[124.749,44.2],[124.752,44.221],[124.717,44.192],[124.68,44.204],[124.656,44.207],[124.617,44.212],[124.62,44.283],[124.618,44.322],[124.622,44.349],[124.601,44.376],[124.585,44.397],[124.551,44.424],[124.586,44.428],[124.618,44.434],[124.621,44.459],[124.581,44.484],[124.546,44.514],[124.571,44.54],[124.575,44.584],[124.628,44.62],[124.689,44.653],[124.767,44.66],[124.819,44.672],[124.807,44.704],[124.897,44.726],[124.995,44.76],[125.038,44.778],[125.088,44.773],[125.133,44.783],[125.19,44.794],[125.24,44.809],[125.313,44.814],[125.275,44.832],[125.247,44.86],[125.296,44.853],[125.354,44.88],[125.391,44.872],[125.45,44.885],[125.496,44.881],[125.57,44.891],[125.613,44.901],[125.666,44.936],[125.738,44.924],[125.761,44.888],[125.792,44.858],[125.809,44.83],[125.858,44.84],[125.907,44.808],[125.921,44.771],[125.997,44.776],[126.044,44.801],[126.051,44.834],[126.05,44.862],[126.087,44.898],[126.145,44.903],[126.179,44.908],[126.172,44.938],[126.145,44.982],[126.177,45.038],[126.174,45.089],[126.175,45.124],[126.134,45.148],[126.095,45.147],[126.051,45.17],[125.996,45.164],[125.993,45.19],[125.92,45.196],[125.888,45.221],[125.85,45.239],[125.805,45.27],[125.76,45.291],[125.749,45.307],[125.726,45.337],[125.696,45.365],[125.716,45.422],[125.697,45.454],[125.7,45.472],[125.702,45.502],[125.637,45.52],[125.57,45.489],[125.48,45.486],[125.424,45.475],[125.37,45.395],[125.328,45.417],[125.302,45.402],[125.225,45.412],[125.157,45.411],[125.07,45.385],[125.084,45.423],[125.036,45.459],[124.961,45.495],[124.931,45.538],[124.899,45.506],[124.886,45.443],[124.829,45.455],[124.777,45.45],[124.73,45.444],[124.657,45.438],[124.585,45.454],[124.58,45.424],[124.496,45.435],[124.427,45.45],[124.374,45.459],[124.262,45.403],[124.115,45.333],[124.065,45.286],[124.054,45.232],[123.942,45.219],[123.879,45.172],[123.747,45.064],[123.612,44.995],[123.541,44.953],[123.49,44.953],[123.43,44.849],[123.515,44.734],[123.456,44.696],[123.348,44.653],[123.29,44.636],[123.248,44.606],[123.201,44.577],[123.139,44.523],[123.126,44.509]]]]}},{"type":"Feature","properties":{"id":"220800","名称":"白城市","所属省":"吉林"},"geometry":{"type":"MultiPolygon","coordinates":[[[[124.374,45.459],[124.365,45.506],[124.349,45.547],[124.261,45.569],[124.246,45.591],[124.237,45.623],[124.168,45.615],[124.143,45.648],[124.122,45.669],[124.112,45.697],[124.082,45.736],[124.015,45.75],[124.05,45.795],[124.035,45.826],[124.071,45.845],[124.002,45.904],[123.966,45.961],[124.02,45.989],[124.005,46.021],[124.031,46.049],[124.018,46.084],[124.017,46.119],[124.009,46.155],[123.974,46.166],[123.957,46.207],[123.956,46.245],[123.958,46.29],[123.918,46.257],[123.903,46.291],[123.85,46.302],[123.792,46.273],[123.726,46.256],[123.668,46.258],[123.597,46.234],[123.545,46.235],[123.478,46.25],[123.451,46.237],[123.405,46.24],[123.356,46.228],[123.321,46.255],[123.276,46.261],[123.212,46.262],[123.128,46.175],[123.046,46.1],[122.827,45.898],[122.766,45.845],[122.79,45.775],[122.751,45.736],[122.742,45.705],[122.665,45.73],[122.612,45.775],[122.556,45.822],[122.518,45.785],[122.496,45.858],[122.362,45.917],[122.373,45.856],[122.321,45.844],[122.299,45.818],[122.275,45.805],[122.244,45.825],[122.205,45.85],[122.156,45.867],[122.102,45.881],[122.085,45.91],[122.043,45.943],[122.005,45.985],[121.962,45.986],[121.924,46.005],[121.859,46.01],[121.813,46.026],[121.785,46.003],[121.784,45.987],[121.804,45.942],[121.821,45.918],[121.804,45.873],[121.764,45.831],[121.751,45.805],[121.722,45.785],[121.644,45.752],[121.671,45.723],[121.757,45.691],[121.812,45.705],[121.899,45.718],[121.994,45.638],[121.996,45.599],[121.993,45.553],[122.023,45.49],[122.121,45.453],[122.18,45.41],[122.147,45.296],[122.242,45.248],[122.143,45.183],[122.12,45.069],[122.087,44.953],[122.045,44.9],[122.075,44.861],[122.098,44.819],[122.115,44.777],[122.143,44.754],[122.103,44.736],[122.149,44.716],[122.103,44.674],[122.132,44.578],[122.208,44.541],[122.215,44.494],[122.273,44.474],[122.274,44.274],[122.319,44.233],[122.559,44.26],[122.69,44.297],[122.761,44.37],[122.941,44.445],[123.067,44.506],[123.139,44.523],[123.201,44.577],[123.248,44.606],[123.29,44.636],[123.348,44.653],[123.456,44.696],[123.515,44.734],[123.43,44.849],[123.49,44.953],[123.541,44.953],[123.612,44.995],[123.747,45.064],[123.879,45.172],[123.942,45.219],[124.054,45.232],[124.065,45.286],[124.115,45.333],[124.262,45.403],[124.374,45.459]]]]}},{"type":"Feature","properties":{"id":"222400","名称":"延边朝鲜族自治州","所属省":"吉林"},"geometry":{"type":"MultiPolygon","coordinates":[[[[128.065,42.011],[128.291,42.026],[128.466,42.021],[128.523,42.003],[128.598,42.007],[128.638,42.035],[128.702,42.02],[128.767,42.037],[128.83,42.032],[128.891,42.026],[128.956,42.031],[128.971,42.097],[129.015,42.102],[129.046,42.12],[129.058,42.141],[129.085,42.157],[129.133,42.156],[129.167,42.173],[129.192,42.199],[129.204,42.22],[129.19,42.239],[129.216,42.265],[129.207,42.288],[129.242,42.312],[129.218,42.324],[129.26,42.336],[129.262,42.374],[129.303,42.388],[129.318,42.41],[129.341,42.41],[129.355,42.43],[129.377,42.451],[129.382,42.425],[129.426,42.436],[129.479,42.417],[129.531,42.383],[129.556,42.375],[129.585,42.41],[129.611,42.445],[129.606,42.455],[129.647,42.438],[129.721,42.437],[129.744,42.515],[129.74,42.574],[129.786,42.607],[129.773,42.634],[129.77,42.658],[129.784,42.653],[129.765,42.722],[129.806,42.786],[129.813,42.842],[129.847,42.919],[129.859,42.945],[129.884,42.973],[129.89,42.982],[129.954,43.011],[130.002,42.981],[130.083,42.976],[130.144,42.971],[130.105,42.928],[130.146,42.903],[130.229,42.902],[130.273,42.873],[130.245,42.799],[130.251,42.767],[130.255,42.715],[130.319,42.663],[130.383,42.609],[130.444,42.601],[130.442,42.55],[130.46,42.588],[130.513,42.627],[130.521,42.583],[130.556,42.524],[130.589,42.48],[130.611,42.434],[130.602,42.449],[130.566,42.507],[130.57,42.554],[130.612,42.565],[130.635,42.6],[130.603,42.642],[130.57,42.687],[130.494,42.691],[130.455,42.704],[130.414,42.717],[130.426,42.741],[130.494,42.775],[130.553,42.808],[130.593,42.818],[130.652,42.841],[130.709,42.846],[130.74,42.844],[130.782,42.852],[130.826,42.883],[130.876,42.864],[130.913,42.871],[130.964,42.866],[131.004,42.859],[131.046,42.867],[131.025,42.906],[131.049,42.926],[131.103,42.919],[131.147,42.947],[131.115,42.975],[131.114,43.015],[131.125,43.052],[131.172,43.07],[131.195,43.118],[131.221,43.182],[131.2,43.211],[131.228,43.249],[131.257,43.289],[131.265,43.332],[131.289,43.383],[131.313,43.405],[131.296,43.442],[131.321,43.49],[131.307,43.486],[131.27,43.469],[131.227,43.457],[131.178,43.446],[131.126,43.434],[131.075,43.473],[131.001,43.508],[130.955,43.476],[130.892,43.434],[130.836,43.473],[130.796,43.516],[130.736,43.545],[130.681,43.569],[130.648,43.587],[130.624,43.624],[130.585,43.614],[130.534,43.631],[130.456,43.648],[130.413,43.653],[130.394,43.703],[130.413,43.756],[130.38,43.826],[130.386,43.854],[130.366,43.891],[130.369,43.915],[130.341,43.954],[130.363,43.991],[130.366,44.033],[130.327,44.04],[130.272,43.981],[130.239,43.941],[130.205,43.943],[130.165,43.919],[130.145,43.887],[130.111,43.852],[130.067,43.834],[130.027,43.852],[130.024,43.917],[130.018,43.962],[130.003,43.989],[129.981,44.014],[129.924,44.015],[129.893,44.012],[129.853,43.997],[129.803,43.965],[129.791,43.933],[129.78,43.893],[129.739,43.883],[129.668,43.877],[129.642,43.878],[129.568,43.871],[129.498,43.88],[129.451,43.852],[129.407,43.819],[129.371,43.802],[129.311,43.802],[129.255,43.819],[129.213,43.769],[129.216,43.724],[129.22,43.682],[129.232,43.636],[129.206,43.575],[129.167,43.571],[129.111,43.559],[129.038,43.541],[128.95,43.554],[128.878,43.54],[128.835,43.587],[128.809,43.654],[128.783,43.704],[128.753,43.728],[128.729,43.746],[128.759,43.761],[128.732,43.812],[128.761,43.858],[128.693,43.895],[128.648,43.895],[128.634,43.911],[128.624,43.95],[128.585,44.002],[128.566,44.051],[128.538,44.1],[128.503,44.123],[128.472,44.158],[128.46,44.202],[128.471,44.236],[128.456,44.267],[128.472,44.32],[128.47,44.344],[128.471,44.392],[128.463,44.433],[128.388,44.49],[128.339,44.506],[128.272,44.46],[128.212,44.432],[128.189,44.374],[128.154,44.356],[128.097,44.354],[128.05,44.35],[128.063,44.324],[128.098,44.296],[128.064,44.261],[128.094,44.242],[128.092,44.216],[128.076,44.159],[128.101,44.135],[128.025,44.108],[127.963,44.088],[127.913,44.065],[127.861,44.049],[127.836,44.032],[127.789,44.003],[127.792,43.973],[127.776,43.937],[127.836,43.901],[127.861,43.882],[127.811,43.841],[127.813,43.812],[127.841,43.795],[127.877,43.735],[127.921,43.721],[127.913,43.695],[127.913,43.666],[127.897,43.625],[127.854,43.611],[127.819,43.583],[127.792,43.563],[127.77,43.532],[127.734,43.505],[127.704,43.481],[127.702,43.43],[127.704,43.395],[127.679,43.364],[127.64,43.34],[127.63,43.313],[127.654,43.283],[127.636,43.237],[127.586,43.195],[127.561,43.169],[127.511,43.141],[127.493,43.092],[127.483,43.053],[127.497,43.023],[127.548,42.978],[127.597,42.957],[127.641,42.922],[127.712,42.891],[127.759,42.902],[127.807,42.879],[127.816,42.841],[127.853,42.811],[127.833,42.776],[127.869,42.751],[127.858,42.736],[127.875,42.696],[127.886,42.689],[127.923,42.673],[127.965,42.644],[127.973,42.622],[127.987,42.599],[128.016,42.57],[128.02,42.542],[128.034,42.501],[128.019,42.451],[127.998,42.414],[127.944,42.368],[127.89,42.338],[127.841,42.327],[127.829,42.281],[127.878,42.267],[127.908,42.244],[127.928,42.189],[127.968,42.165],[127.991,42.115],[128.039,42.03],[128.065,42.011]]]]}},{"type":"Feature","properties":{"id":"230100","名称":"哈尔滨市","所属省":"黑龙江"},"geometry":{"type":"MultiPolygon","coordinates":[[[[125.761,45.531],[125.692,45.488],[125.707,45.424],[125.696,45.351],[125.753,45.298],[125.815,45.268],[125.872,45.221],[125.967,45.193],[126.029,45.164],[126.114,45.143],[126.192,45.155],[126.263,45.152],[126.297,45.192],[126.389,45.214],[126.513,45.24],[126.624,45.236],[126.732,45.187],[126.793,45.135],[126.856,45.146],[126.944,45.139],[126.971,45.071],[127.05,45.004],[127.088,44.957],[127.022,44.899],[126.998,44.765],[127.041,44.612],[127.089,44.594],[127.21,44.648],[127.276,44.64],[127.451,44.615],[127.57,44.551],[127.486,44.529],[127.481,44.457],[127.488,44.398],[127.557,44.34],[127.623,44.258],[127.682,44.167],[127.735,44.13],[127.846,44.082],[127.95,44.088],[128.101,44.136],[128.071,44.182],[128.104,44.229],[128.064,44.262],[128.065,44.307],[128.067,44.371],[128.165,44.343],[128.253,44.447],[128.272,44.531],[128.372,44.608],[128.438,44.68],[128.579,44.675],[128.729,44.695],[128.749,44.74],[128.858,44.8],[128.876,44.845],[128.951,44.885],[129.041,44.901],[129.046,44.952],[129.052,44.999],[128.997,45.065],[129.08,45.085],[129.125,45.119],[129.133,45.182],[129.21,45.223],[129.19,45.277],[129.097,45.309],[129.137,45.372],[129.147,45.445],[129.131,45.525],[129.093,45.605],[129.18,45.604],[129.311,45.625],[129.342,45.679],[129.344,45.736],[129.432,45.78],[129.509,45.789],[129.565,45.828],[129.586,45.887],[129.723,45.897],[129.798,45.933],[129.857,45.97],[129.921,45.921],[130.028,45.924],[130.103,45.928],[130.115,46.023],[130.116,46.07],[130.24,46.122],[130.159,46.188],[130.096,46.243],[130.015,46.335],[129.949,46.358],[130.015,46.381],[130.083,46.39],[130.162,46.433],[130.153,46.539],[130.163,46.614],[130.13,46.549],[130.075,46.517],[130.058,46.548],[130.071,46.602],[129.989,46.565],[129.904,46.61],[129.713,46.538],[129.593,46.609],[129.501,46.619],[129.426,46.621],[129.259,46.62],[129.207,46.559],[129.108,46.535],[129.043,46.521],[128.914,46.526],[128.787,46.501],[128.709,46.538],[128.622,46.573],[128.508,46.607],[128.401,46.581],[128.291,46.571],[128.191,46.539],[128.137,46.526],[128.081,46.519],[127.966,46.549],[127.86,46.584],[127.777,46.583],[127.59,46.515],[127.51,46.54],[127.447,46.647],[127.322,46.671],[127.187,46.643],[127.125,46.595],[127.037,46.563],[126.973,46.528],[126.878,46.487],[126.838,46.438],[126.743,46.417],[126.662,46.355],[126.617,46.257],[126.457,46.14],[126.383,46.092],[126.258,46.078],[126.224,46.049],[126.221,46.012],[126.262,45.973],[126.328,45.902],[126.343,45.831],[126.36,45.775],[126.329,45.726],[126.284,45.695],[126.184,45.686],[126.075,45.693],[126.01,45.684],[125.969,45.626],[125.934,45.586],[125.848,45.51],[125.761,45.531]]]]}},{"type":"Feature","properties":{"id":"230200","名称":"齐齐哈尔市","所属省":"黑龙江"},"geometry":{"type":"MultiPolygon","coordinates":[[[[124.75,48.924],[124.715,48.887],[124.681,48.843],[124.614,48.751],[124.602,48.632],[124.568,48.575],[124.534,48.515],[124.525,48.427],[124.559,48.324],[124.58,48.254],[124.547,48.201],[124.53,48.16],[124.464,48.098],[124.424,48.106],[124.465,48.159],[124.428,48.223],[124.356,48.313],[124.314,48.372],[124.326,48.417],[124.314,48.504],[124.179,48.488],[123.907,48.307],[123.746,48.198],[123.571,48.041],[123.316,47.959],[123.181,47.794],[122.981,47.717],[122.689,47.583],[122.544,47.496],[122.469,47.382],[122.457,47.303],[122.531,47.199],[122.651,47.113],[122.739,47.089],[122.852,47.072],[122.778,47.003],[122.791,46.942],[122.895,46.96],[122.9,46.863],[122.926,46.783],[122.993,46.748],[123.067,46.737],[123.164,46.74],[123.223,46.822],[123.263,46.862],[123.375,46.838],[123.387,46.952],[123.344,46.985],[123.454,46.942],[123.521,46.92],[123.563,46.826],[123.606,46.891],[123.58,46.828],[123.631,46.764],[123.604,46.69],[123.277,46.662],[123.228,46.588],[123.102,46.593],[123.053,46.58],[123.095,46.342],[123.248,46.273],[123.32,46.251],[123.431,46.244],[123.526,46.249],[123.597,46.234],[123.725,46.256],[123.85,46.302],[123.844,46.376],[123.849,46.438],[123.824,46.498],[123.825,46.557],[123.792,46.605],[123.758,46.695],[123.819,46.737],[123.914,46.705],[124.004,46.737],[123.953,46.821],[123.94,46.87],[124.008,46.95],[124.089,47.039],[124.196,47.131],[124.423,47.224],[124.426,47.319],[124.465,47.348],[124.588,47.34],[124.686,47.334],[124.879,47.419],[125.047,47.479],[125.315,47.381],[125.407,47.285],[125.716,47.311],[126.446,47.38],[126.501,47.467],[126.543,47.571],[126.524,47.693],[126.56,47.778],[126.588,47.843],[126.606,47.935],[126.617,48.054],[126.6,48.087],[126.666,48.131],[126.573,48.216],[126.392,48.197],[126.318,48.202],[126.29,48.272],[126.155,48.291],[125.947,48.319],[125.843,48.358],[125.806,48.493],[125.737,48.557],[125.73,48.611],[125.816,48.6],[125.867,48.637],[125.973,48.706],[125.922,48.795],[125.817,48.869],[125.722,48.804],[125.623,48.891],[125.494,48.835],[125.414,48.793],[125.23,48.716],[125.067,48.739],[125.016,48.825],[124.991,48.885],[124.834,48.921],[124.75,48.924]]]]}},{"type":"Feature","properties":{"id":"230300","名称":"鸡西市","所属省":"黑龙江"},"geometry":{"type":"MultiPolygon","coordinates":[[[[131.789,45.904],[131.718,45.917],[131.624,45.913],[131.567,45.889],[131.5,45.841],[131.479,45.725],[131.357,45.706],[131.338,45.634],[131.283,45.628],[131.165,45.628],[131.04,45.652],[130.947,45.667],[130.865,45.633],[130.801,45.62],[130.758,45.532],[130.661,45.479],[130.61,45.411],[130.51,45.339],[130.478,45.249],[130.465,45.182],[130.403,45.134],[130.433,45.091],[130.501,45.075],[130.63,45.055],[130.677,44.988],[130.768,44.99],[130.867,44.991],[130.928,44.888],[131.061,44.874],[131.127,44.932],[131.203,44.933],[131.275,44.92],[131.339,44.973],[131.434,44.969],[131.486,44.996],[131.605,45.059],[131.685,45.116],[131.651,45.16],[131.759,45.214],[131.825,45.291],[131.888,45.342],[131.951,45.278],[132.174,45.217],[132.862,45.061],[132.978,45.033],[133.069,45.096],[133.138,45.154],[133.107,45.235],[133.111,45.268],[133.129,45.337],[133.144,45.431],[133.21,45.512],[133.335,45.561],[133.423,45.584],[133.446,45.63],[133.455,45.656],[133.448,45.706],[133.485,45.748],[133.505,45.786],[133.492,45.867],[133.559,45.889],[133.617,45.901],[133.653,45.948],[133.699,46.013],[133.706,46.11],[133.764,46.173],[133.831,46.222],[133.879,46.234],[133.906,46.303],[133.874,46.36],[133.931,46.425],[133.87,46.498],[133.825,46.53],[133.71,46.534],[133.576,46.542],[133.493,46.545],[133.404,46.556],[133.347,46.599],[133.232,46.577],[133.215,46.52],[133.15,46.463],[133.078,46.433],[133.054,46.372],[133.021,46.323],[132.969,46.212],[132.898,46.156],[132.852,46.138],[132.789,46.15],[132.679,46.165],[132.626,46.12],[132.545,46.047],[132.39,46.027],[132.268,45.989],[132.28,45.915],[132.213,45.846],[132.086,45.841],[131.972,45.829],[131.894,45.87],[131.845,45.794],[131.801,45.804],[131.786,45.876],[131.789,45.904]]]]}},{"type":"Feature","properties":{"id":"230400","名称":"鹤岗市","所属省":"黑龙江"},"geometry":{"type":"MultiPolygon","coordinates":[[[[130.785,48.357],[130.725,48.327],[130.643,48.306],[130.522,48.29],[130.436,48.315],[130.373,48.294],[130.277,48.273],[130.259,48.223],[130.239,48.17],[130.1,48.143],[130.036,48.198],[129.914,48.298],[129.865,48.286],[129.81,48.219],[129.799,48.151],[129.749,48.093],[129.78,48.007],[129.678,47.955],[129.715,47.91],[129.738,47.86],[129.773,47.782],[129.909,47.726],[129.93,47.654],[129.901,47.572],[129.895,47.559],[129.902,47.483],[129.858,47.43],[129.897,47.364],[129.858,47.332],[129.937,47.259],[130.018,47.226],[130.145,47.137],[130.231,47.092],[130.356,47.062],[130.416,47.107],[130.483,47.128],[130.588,47.14],[130.65,47.197],[130.649,47.246],[130.579,47.303],[130.682,47.331],[130.983,47.318],[130.985,47.272],[131.05,47.215],[131.158,47.224],[131.339,47.182],[131.482,47.254],[131.593,47.236],[131.735,47.242],[131.93,47.245],[132.037,47.278],[132.048,47.366],[132.177,47.409],[132.298,47.472],[132.412,47.54],[132.474,47.641],[132.524,47.716],[132.345,47.767],[132.243,47.71],[132.059,47.705],[131.971,47.672],[131.826,47.677],[131.664,47.68],[131.568,47.682],[131.437,47.747],[131.274,47.739],[131.08,47.69],[130.962,47.828],[130.797,47.986],[130.686,48.079],[130.766,48.189],[130.846,48.301],[130.785,48.357]]]]}},{"type":"Feature","properties":{"id":"230500","名称":"双鸭山市","所属省":"黑龙江"},"geometry":{"type":"MultiPolygon","coordinates":[[[[134.498,47.449],[134.512,47.739],[134.517,47.884],[134.453,47.849],[134.384,47.828],[134.369,47.744],[134.318,47.68],[134.252,47.64],[134.192,47.589],[134.095,47.6],[134.034,47.538],[133.848,47.548],[133.721,47.545],[133.608,47.462],[133.49,47.452],[133.293,47.302],[133.258,47.174],[133.228,47.114],[133.237,47.04],[133.184,47.015],[133.183,46.982],[133.152,46.96],[133.138,46.922],[133.107,46.887],[133.008,46.852],[132.906,46.803],[132.844,46.774],[132.741,46.795],[132.628,46.81],[132.493,46.824],[132.401,46.763],[132.306,46.797],[132.222,46.821],[132.221,46.886],[132.242,46.954],[132.059,46.989],[131.838,46.904],[131.788,46.883],[131.726,46.865],[131.554,47.074],[131.405,47.026],[131.074,46.979],[130.943,46.949],[130.862,46.911],[130.839,46.878],[130.792,46.864],[130.682,46.835],[130.668,46.743],[130.723,46.7],[130.72,46.625],[130.822,46.587],[130.945,46.58],[131.023,46.492],[131.063,46.401],[131.152,46.392],[131.248,46.366],[131.359,46.278],[131.506,46.249],[131.571,46.23],[131.631,46.204],[131.727,46.176],[131.772,46.07],[131.893,46.088],[131.903,46.025],[131.868,45.972],[131.789,45.904],[131.8,45.822],[131.828,45.811],[131.89,45.842],[131.94,45.849],[132.083,45.833],[132.197,45.844],[132.278,45.892],[132.283,45.961],[132.346,46.032],[132.51,46.007],[132.608,46.072],[132.665,46.143],[132.746,46.184],[132.823,46.142],[132.902,46.14],[132.973,46.203],[133.029,46.309],[133.034,46.373],[133.067,46.417],[133.119,46.483],[133.211,46.504],[133.223,46.56],[133.321,46.61],[133.386,46.553],[133.483,46.563],[133.537,46.537],[133.684,46.537],[133.8,46.536],[133.871,46.508],[133.976,46.62],[134.033,46.759],[134.043,46.887],[134.064,46.98],[134.118,47.062],[134.222,47.105],[134.211,47.21],[134.235,47.352],[134.334,47.439],[134.498,47.449]]]]}},{"type":"Feature","properties":{"id":"230600","名称":"大庆市","所属省":"黑龙江"},"geometry":{"type":"MultiPolygon","coordinates":[[[[125.333,47.286],[125.169,47.381],[125.008,47.466],[124.825,47.411],[124.634,47.308],[124.522,47.342],[124.446,47.353],[124.401,47.286],[124.419,47.184],[124.154,47.108],[124.073,47.005],[123.985,46.928],[123.928,46.862],[123.995,46.805],[123.98,46.731],[123.887,46.685],[123.814,46.744],[123.767,46.664],[123.807,46.601],[123.798,46.525],[123.81,46.485],[123.866,46.419],[123.844,46.364],[123.896,46.304],[123.935,46.286],[123.956,46.245],[123.974,46.165],[124.016,46.124],[124.01,46.057],[124.005,46.021],[123.977,45.976],[124.058,45.89],[124.038,45.821],[124.002,45.771],[124.1,45.703],[124.145,45.666],[124.188,45.616],[124.246,45.591],[124.265,45.555],[124.369,45.513],[124.414,45.439],[124.507,45.425],[124.585,45.454],[124.73,45.444],[124.793,45.437],[124.886,45.443],[124.915,45.539],[125.026,45.493],[125.066,45.399],[125.138,45.41],[125.276,45.417],[125.37,45.395],[125.48,45.486],[125.617,45.518],[125.744,45.519],[125.743,45.597],[125.73,45.654],[125.753,45.678],[125.749,45.749],[125.771,45.774],[125.711,45.816],[125.42,45.886],[125.29,46.137],[125.187,46.176],[125.115,46.254],[125.079,46.171],[125.224,46.138],[125.097,46.016],[125.061,46.049],[125.002,46.074],[124.908,46.078],[124.918,46.209],[125.052,46.258],[125.012,46.344],[125.036,46.406],[125.062,46.487],[125.179,46.477],[125.192,46.421],[125.24,46.457],[125.222,46.495],[125.234,46.497],[125.236,46.578],[125.208,46.661],[125.232,46.705],[125.181,46.748],[125.191,46.827],[125.304,47.013],[125.285,47.083],[125.333,47.286]]]]}},{"type":"Feature","properties":{"id":"230700","名称":"伊春市","所属省":"黑龙江"},"geometry":{"type":"MultiPolygon","coordinates":[[[[128.239,46.577],[128.369,46.571],[128.429,46.621],[128.566,46.579],[128.68,46.565],[128.704,46.484],[128.849,46.51],[128.957,46.513],[129.082,46.558],[129.157,46.545],[129.221,46.585],[129.356,46.653],[129.439,46.604],[129.51,46.623],[129.589,46.714],[129.691,46.723],[129.695,46.806],[129.593,46.882],[129.572,46.937],[129.583,46.97],[129.585,47.03],[129.677,47.046],[129.709,47.103],[129.751,47.171],[129.787,47.24],[129.862,47.261],[129.858,47.332],[129.897,47.364],[129.858,47.43],[129.902,47.483],[129.895,47.559],[129.901,47.572],[129.93,47.654],[129.909,47.726],[129.773,47.782],[129.738,47.86],[129.715,47.91],[129.678,47.955],[129.78,48.007],[129.749,48.093],[129.799,48.151],[129.81,48.219],[129.865,48.286],[129.914,48.298],[130.036,48.198],[130.1,48.143],[130.239,48.17],[130.259,48.223],[130.277,48.273],[130.373,48.294],[130.436,48.315],[130.522,48.29],[130.643,48.306],[130.725,48.327],[130.785,48.357],[130.746,48.449],[130.744,48.515],[130.621,48.496],[130.554,48.605],[130.599,48.741],[130.694,48.864],[130.559,48.861],[130.471,48.905],[130.245,48.867],[130.113,48.957],[129.937,49.04],[129.913,49.108],[129.862,49.173],[129.753,49.227],[129.675,49.296],[129.556,49.325],[129.422,49.442],[129.358,49.356],[129.262,49.376],[129.185,49.333],[129.208,49.216],[129.223,49.087],[129.341,49.045],[129.45,49.018],[129.46,48.95],[129.507,48.925],[129.512,48.877],[129.464,48.84],[129.366,48.813],[129.291,48.797],[129.183,48.767],[129.23,48.682],[129.142,48.614],[129.066,48.578],[129.004,48.512],[128.955,48.421],[128.921,48.343],[128.915,48.303],[128.815,48.259],[128.773,48.366],[128.722,48.404],[128.615,48.393],[128.498,48.378],[128.397,48.297],[128.344,48.182],[128.277,48.158],[128.171,48.096],[128.174,48.058],[128.166,47.994],[128.251,47.925],[128.351,47.855],[128.276,47.817],[128.273,47.757],[128.29,47.676],[128.283,47.622],[128.256,47.563],[128.299,47.501],[128.34,47.429],[128.45,47.4],[128.494,47.363],[128.538,47.428],[128.537,47.356],[128.5,47.272],[128.408,47.211],[128.343,47.157],[128.243,47.106],[128.11,47.078],[128.002,47.085],[127.872,47.081],[127.73,47.018],[127.656,47.007],[127.671,46.97],[127.723,46.935],[127.831,46.869],[127.9,46.794],[128.028,46.691],[128.082,46.617],[128.209,46.575],[128.239,46.577]]]]}},{"type":"Feature","properties":{"id":"230800","名称":"佳木斯市","所属省":"黑龙江"},"geometry":{"type":"MultiPolygon","coordinates":[[[[134.498,47.449],[134.576,47.519],[134.685,47.603],[134.785,47.739],[134.679,47.819],[134.608,47.909],[134.558,48.008],[134.632,48.099],[134.673,48.17],[134.694,48.267],[134.814,48.312],[135.031,48.377],[135.069,48.46],[134.928,48.452],[134.821,48.376],[134.64,48.41],[134.438,48.405],[134.255,48.378],[134.131,48.336],[133.996,48.304],[133.791,48.261],[133.71,48.2],[133.597,48.195],[133.522,48.115],[133.357,48.118],[133.183,48.136],[133.041,48.102],[132.883,48.002],[132.723,47.963],[132.687,47.885],[132.6,47.741],[132.507,47.691],[132.461,47.62],[132.375,47.532],[132.292,47.453],[132.141,47.404],[132.044,47.329],[132.019,47.257],[131.888,47.278],[131.721,47.241],[131.555,47.242],[131.465,47.238],[131.273,47.19],[131.128,47.216],[130.968,47.221],[130.971,47.281],[130.852,47.296],[130.625,47.339],[130.594,47.282],[130.663,47.224],[130.657,47.184],[130.571,47.139],[130.457,47.136],[130.379,47.112],[130.309,47.066],[130.209,47.092],[130.144,47.185],[130.001,47.233],[129.932,47.294],[129.843,47.256],[129.789,47.217],[129.758,47.148],[129.718,47.079],[129.643,47.037],[129.566,47.032],[129.535,46.981],[129.556,46.925],[129.601,46.857],[129.701,46.797],[129.673,46.717],[129.573,46.702],[129.502,46.619],[129.551,46.619],[129.683,46.537],[129.863,46.594],[129.958,46.602],[130.054,46.586],[130.067,46.559],[130.072,46.526],[130.129,46.529],[130.156,46.603],[130.178,46.589],[130.171,46.463],[130.115,46.387],[130.031,46.387],[129.924,46.376],[130.01,46.33],[130.061,46.274],[130.155,46.21],[130.222,46.14],[130.349,46.089],[130.432,46.058],[130.534,46.019],[130.575,45.986],[130.656,45.948],[130.69,45.995],[130.769,46.012],[130.931,46.013],[131.05,46.053],[131.183,46.033],[131.274,46.049],[131.299,45.988],[131.353,46.042],[131.365,46.114],[131.392,46.133],[131.41,46.249],[131.296,46.332],[131.168,46.372],[131.089,46.39],[131.031,46.483],[130.972,46.531],[130.836,46.585],[130.744,46.598],[130.729,46.685],[130.709,46.743],[130.666,46.831],[130.765,46.85],[130.823,46.876],[130.85,46.899],[130.91,46.941],[131.06,46.99],[131.213,46.965],[131.539,47.076],[131.729,46.887],[131.789,46.903],[131.863,46.901],[131.93,46.987],[132.206,46.952],[132.253,46.909],[132.217,46.846],[132.257,46.81],[132.364,46.768],[132.452,46.821],[132.596,46.797],[132.72,46.817],[132.812,46.754],[132.88,46.793],[133.002,46.834],[133.062,46.878],[133.149,46.899],[133.164,46.951],[133.201,46.973],[133.189,46.999],[133.218,47.045],[133.228,47.086],[133.256,47.144],[133.296,47.201],[133.455,47.465],[133.593,47.442],[133.693,47.544],[133.808,47.533],[133.975,47.521],[134.102,47.571],[134.172,47.589],[134.218,47.629],[134.328,47.673],[134.375,47.731],[134.359,47.779],[134.438,47.838],[134.465,47.887],[134.552,47.739],[134.505,47.552],[134.498,47.449]]],[[[131.506,46.249],[131.547,46.198],[131.53,46.128],[131.575,46.193],[131.571,46.23],[131.506,46.249]]]]}},{"type":"Feature","properties":{"id":"230900","名称":"七台河市","所属省":"黑龙江"},"geometry":{"type":"MultiPolygon","coordinates":[[[[131.63,46.218],[131.554,46.133],[131.547,46.184],[131.493,46.203],[131.41,46.249],[131.392,46.133],[131.365,46.114],[131.353,46.042],[131.299,45.988],[131.274,46.049],[131.183,46.033],[131.05,46.053],[130.931,46.013],[130.769,46.012],[130.69,45.995],[130.656,45.948],[130.575,45.986],[130.534,46.019],[130.432,46.058],[130.349,46.089],[130.213,46.112],[130.112,46.055],[130.119,46.003],[130.173,45.906],[130.2,45.832],[130.199,45.757],[130.169,45.696],[130.213,45.652],[130.309,45.625],[130.41,45.673],[130.554,45.628],[130.666,45.614],[130.734,45.653],[130.809,45.627],[130.891,45.61],[131.013,45.681],[131.1,45.645],[131.182,45.621],[131.284,45.609],[131.339,45.646],[131.397,45.723],[131.466,45.783],[131.505,45.866],[131.574,45.916],[131.644,45.911],[131.718,45.897],[131.808,45.922],[131.875,45.987],[131.913,46.06],[131.839,46.064],[131.707,46.092],[131.721,46.202],[131.63,46.218]]]]}},{"type":"Feature","properties":{"id":"231000","名称":"牡丹江市","所属省":"黑龙江"},"geometry":{"type":"MultiPolygon","coordinates":[[[[128.253,44.447],[128.332,44.497],[128.427,44.474],[128.461,44.4],[128.472,44.32],[128.451,44.205],[128.502,44.123],[128.576,44.021],[128.645,43.936],[128.669,43.897],[128.761,43.858],[128.759,43.761],[128.768,43.732],[128.821,43.637],[128.866,43.558],[128.95,43.554],[129.041,43.542],[129.145,43.57],[129.232,43.636],[129.232,43.709],[129.255,43.82],[129.309,43.812],[129.407,43.819],[129.498,43.88],[129.657,43.872],[129.78,43.893],[129.782,43.962],[129.869,44.013],[129.936,44.028],[129.989,43.983],[130.027,43.852],[130.111,43.853],[130.154,43.916],[130.239,43.941],[130.308,44.003],[130.365,44.044],[130.339,43.946],[130.371,43.871],[130.384,43.789],[130.394,43.702],[130.468,43.656],[130.56,43.63],[130.624,43.59],[130.702,43.56],[130.775,43.522],[130.84,43.455],[130.945,43.477],[131.068,43.483],[131.143,43.426],[131.23,43.458],[131.306,43.479],[131.21,43.561],[131.217,43.613],[131.239,43.669],[131.217,43.735],[131.214,43.801],[131.234,43.872],[131.245,43.956],[131.266,44.034],[131.091,44.719],[131.047,44.78],[130.993,44.826],[130.928,44.888],[130.867,44.991],[130.768,44.99],[130.677,44.988],[130.63,45.055],[130.501,45.075],[130.433,45.091],[130.403,45.134],[130.465,45.182],[130.478,45.249],[130.51,45.339],[130.61,45.411],[130.661,45.479],[130.758,45.532],[130.756,45.627],[130.688,45.614],[130.572,45.602],[130.432,45.656],[130.34,45.619],[130.25,45.653],[130.184,45.678],[130.187,45.75],[130.18,45.818],[130.196,45.873],[130.103,45.928],[130.028,45.924],[129.921,45.921],[129.857,45.97],[129.798,45.933],[129.723,45.897],[129.586,45.887],[129.565,45.828],[129.509,45.789],[129.432,45.78],[129.344,45.736],[129.342,45.679],[129.311,45.625],[129.18,45.604],[129.093,45.605],[129.131,45.525],[129.147,45.445],[129.137,45.372],[129.097,45.309],[129.19,45.277],[129.21,45.223],[129.133,45.182],[129.125,45.119],[129.08,45.085],[128.997,45.065],[129.052,44.999],[129.046,44.952],[129.041,44.901],[128.951,44.885],[128.876,44.845],[128.858,44.8],[128.749,44.74],[128.729,44.695],[128.579,44.675],[128.438,44.68],[128.372,44.608],[128.272,44.531],[128.253,44.447]]]]}},{"type":"Feature","properties":{"id":"231100","名称":"黑河市","所属省":"黑龙江"},"geometry":{"type":"MultiPolygon","coordinates":[[[[126.02,50.921],[125.974,50.879],[125.956,50.865],[125.921,50.831],[125.841,50.794],[125.796,50.773],[125.796,50.739],[125.819,50.69],[125.814,50.625],[125.786,50.53],[125.741,50.523],[125.699,50.487],[125.591,50.452],[125.537,50.42],[125.521,50.371],[125.531,50.331],[125.48,50.297],[125.449,50.239],[125.444,50.207],[125.371,50.175],[125.328,50.119],[125.283,50.112],[125.284,50.07],[125.287,50.059],[125.297,50.01],[125.232,49.958],[125.226,49.923],[125.224,49.86],[125.188,49.815],[125.204,49.734],[125.186,49.635],[125.127,49.655],[125.205,49.594],[125.231,49.562],[125.241,49.504],[125.257,49.394],[125.264,49.339],[125.215,49.28],[125.217,49.208],[125.16,49.146],[125.04,49.152],[124.956,49.165],[124.834,49.121],[124.817,49.06],[124.749,48.951],[124.834,48.921],[124.991,48.885],[125.016,48.825],[125.067,48.739],[125.23,48.716],[125.414,48.793],[125.494,48.835],[125.623,48.891],[125.722,48.804],[125.817,48.869],[125.922,48.795],[125.973,48.706],[125.867,48.637],[125.816,48.6],[125.73,48.611],[125.737,48.557],[125.806,48.493],[125.843,48.358],[125.947,48.319],[126.155,48.291],[126.29,48.272],[126.318,48.202],[126.392,48.197],[126.573,48.216],[126.666,48.131],[126.6,48.087],[126.617,48.054],[126.606,47.935],[126.588,47.843],[126.56,47.778],[126.524,47.693],[126.575,47.596],[126.624,47.66],[126.711,47.714],[126.844,47.743],[126.931,47.713],[127.052,47.762],[127.149,47.788],[127.281,47.782],[127.424,47.795],[127.582,47.826],[127.677,47.803],[127.766,47.822],[127.803,47.895],[127.865,47.941],[127.877,47.997],[127.88,48.061],[128.06,48.078],[128.171,48.096],[128.277,48.158],[128.344,48.182],[128.397,48.297],[128.498,48.378],[128.615,48.393],[128.722,48.404],[128.773,48.366],[128.815,48.259],[128.915,48.303],[128.921,48.343],[128.955,48.421],[129.004,48.512],[129.066,48.578],[129.142,48.614],[129.23,48.682],[129.183,48.767],[129.291,48.797],[129.366,48.813],[129.464,48.84],[129.512,48.877],[129.507,48.925],[129.46,48.95],[129.45,49.018],[129.341,49.045],[129.223,49.087],[129.208,49.216],[129.185,49.333],[129.262,49.376],[129.215,49.399],[129.085,49.36],[128.999,49.461],[128.828,49.484],[128.763,49.516],[128.744,49.595],[128.62,49.593],[128.5,49.594],[128.36,49.556],[128.243,49.563],[128.085,49.551],[127.95,49.596],[127.776,49.636],[127.654,49.78],[127.529,49.864],[127.496,49.995],[127.587,50.138],[127.446,50.271],[127.339,50.363],[127.305,50.454],[127.371,50.581],[127.288,50.699],[127.236,50.781],[127.031,50.981],[126.995,50.927],[126.868,50.915],[126.671,50.914],[126.476,50.902],[126.31,50.995],[126.208,50.986],[126.131,50.946],[126.02,50.921]]]]}},{"type":"Feature","properties":{"id":"231200","名称":"绥化市","所属省":"黑龙江"},"geometry":{"type":"MultiPolygon","coordinates":[[[[125.761,45.531],[125.848,45.51],[125.934,45.586],[125.969,45.626],[126.01,45.684],[126.075,45.693],[126.184,45.686],[126.284,45.695],[126.329,45.726],[126.36,45.775],[126.343,45.831],[126.328,45.902],[126.262,45.973],[126.221,46.012],[126.224,46.049],[126.258,46.078],[126.383,46.092],[126.457,46.14],[126.617,46.257],[126.662,46.355],[126.743,46.417],[126.838,46.438],[126.878,46.487],[126.973,46.528],[127.037,46.563],[127.125,46.595],[127.187,46.643],[127.322,46.671],[127.447,46.647],[127.51,46.54],[127.59,46.515],[127.777,46.583],[127.86,46.584],[127.966,46.549],[128.081,46.519],[128.137,46.526],[128.191,46.539],[128.18,46.59],[128.077,46.629],[128.006,46.697],[127.893,46.81],[127.771,46.897],[127.702,46.934],[127.648,46.988],[127.684,47.001],[127.749,47.016],[127.927,47.069],[128.012,47.075],[128.173,47.094],[128.249,47.131],[128.359,47.163],[128.458,47.225],[128.504,47.285],[128.547,47.376],[128.522,47.417],[128.472,47.344],[128.401,47.404],[128.351,47.437],[128.258,47.527],[128.25,47.583],[128.291,47.632],[128.295,47.699],[128.263,47.755],[128.292,47.837],[128.339,47.892],[128.228,47.947],[128.156,48.009],[128.164,48.056],[128.088,48.062],[127.981,48.098],[127.889,48.01],[127.871,47.951],[127.816,47.913],[127.763,47.841],[127.693,47.777],[127.629,47.837],[127.463,47.805],[127.285,47.789],[127.191,47.781],[127.085,47.764],[126.982,47.724],[126.844,47.732],[126.757,47.734],[126.652,47.673],[126.585,47.614],[126.541,47.531],[126.508,47.458],[126.19,47.355],[125.682,47.313],[125.333,47.286],[125.285,47.083],[125.304,47.013],[125.191,46.827],[125.181,46.748],[125.232,46.705],[125.208,46.661],[125.236,46.578],[125.234,46.497],[125.222,46.495],[125.24,46.457],[125.192,46.421],[125.179,46.477],[125.062,46.487],[125.036,46.406],[125.012,46.344],[125.052,46.258],[124.918,46.209],[124.908,46.078],[125.002,46.074],[125.061,46.049],[125.097,46.016],[125.224,46.138],[125.079,46.171],[125.115,46.254],[125.187,46.176],[125.29,46.137],[125.42,45.886],[125.711,45.816],[125.771,45.774],[125.749,45.749],[125.753,45.678],[125.73,45.654],[125.743,45.597],[125.761,45.531]]]]}},{"type":"Feature","properties":{"id":"232700","名称":"大兴安岭地区","所属省":"黑龙江"},"geometry":{"type":"MultiPolygon","coordinates":[[[[127.031,50.981],[126.923,51.062],[126.976,51.291],[126.887,51.322],[126.922,51.26],[126.82,51.281],[126.855,51.346],[126.924,51.387],[126.784,51.448],[126.837,51.536],[126.679,51.602],[126.724,51.679],[126.659,51.762],[126.563,51.862],[126.481,51.931],[126.451,52.028],[126.525,52.046],[126.56,52.134],[126.345,52.192],[126.358,52.264],[126.401,52.305],[126.325,52.346],[126.286,52.456],[126.191,52.474],[126.147,52.573],[126.044,52.576],[125.971,52.654],[126.069,52.706],[126.109,52.757],[126.02,52.796],[125.954,52.781],[125.855,52.866],[125.772,52.898],[125.678,52.861],[125.724,52.934],[125.745,52.993],[125.614,53.083],[125.504,53.095],[125.395,53.131],[125.252,53.181],[125.039,53.203],[124.896,53.102],[124.833,53.145],[124.725,53.178],[124.584,53.208],[124.436,53.224],[124.349,53.294],[124.239,53.38],[124.109,53.355],[124.042,53.398],[123.923,53.462],[123.746,53.5],[123.621,53.55],[123.553,53.498],[123.517,53.558],[123.499,53.498],[123.353,53.547],[123.209,53.536],[123.052,53.507],[122.764,53.464],[122.496,53.459],[122.369,53.492],[122.267,53.47],[122.111,53.427],[121.911,53.423],[121.736,53.387],[121.596,53.352],[121.557,53.297],[121.679,53.241],[121.656,53.179],[121.748,53.149],[121.815,53.069],[121.716,52.998],[121.626,52.895],[121.602,52.841],[121.477,52.772],[121.389,52.698],[121.293,52.652],[121.182,52.599],[121.302,52.577],[121.381,52.532],[121.474,52.483],[121.59,52.443],[121.693,52.368],[121.841,52.283],[121.948,52.298],[122.036,52.378],[122.091,52.427],[122.14,52.51],[122.267,52.472],[122.331,52.435],[122.399,52.392],[122.484,52.342],[122.586,52.266],[122.761,52.267],[122.774,52.197],[122.691,52.14],[122.65,52.059],[122.684,51.974],[122.713,51.907],[122.733,51.833],[122.75,51.748],[122.821,51.633],[122.833,51.582],[122.859,51.525],[122.871,51.455],[122.966,51.387],[123.014,51.31],[123.154,51.301],[123.232,51.269],[123.377,51.267],[123.463,51.287],[123.583,51.295],[123.66,51.343],[123.727,51.397],[123.857,51.356],[123.995,51.323],[124.142,51.341],[124.239,51.345],[124.34,51.294],[124.43,51.301],[124.49,51.38],[124.624,51.329],[124.765,51.387],[124.885,51.408],[124.933,51.469],[125.004,51.529],[125.06,51.597],[125.13,51.635],[125.26,51.63],[125.352,51.624],[125.436,51.551],[125.546,51.465],[125.624,51.399],[125.67,51.343],[125.764,51.261],[125.821,51.227],[125.868,51.141],[125.946,51.108],[125.976,51.085],[126.033,51.057],[126.047,50.998],[126.075,50.964],[126.033,50.934],[126.104,50.923],[126.181,50.97],[126.276,50.995],[126.443,50.931],[126.639,50.903],[126.785,50.916],[126.976,50.932],[127.019,50.978],[127.031,50.981]]],[[[124.143,50.566],[124.026,50.538],[124.003,50.479],[123.974,50.4],[123.879,50.403],[123.8,50.456],[123.766,50.378],[123.798,50.324],[123.865,50.285],[123.909,50.21],[124,50.211],[124.062,50.199],[124.16,50.226],[124.234,50.229],[124.325,50.178],[124.369,50.258],[124.348,50.317],[124.44,50.386],[124.44,50.458],[124.433,50.547],[124.316,50.533],[124.183,50.558],[124.143,50.566]]]]}},{"type":"Feature","properties":{"id":"310000","名称":"上海市","所属省":"上海"},"geometry":{"type":"MultiPolygon","coordinates":[[[[120.901,31.017],[121.001,30.938],[121.038,30.814],[121.123,30.779],[121.272,30.724],[121.517,30.776],[121.944,30.777],[121.991,30.969],[121.722,31.304],[121.344,31.512],[121.242,31.493],[121.13,31.344],[121.077,31.158],[120.859,31.1],[120.901,31.017]]],[[[121.975,31.617],[121.499,31.753],[121.265,31.864],[121.289,31.616],[121.547,31.531],[121.891,31.429],[121.975,31.617]]],[[[121.796,31.33],[121.567,31.483],[121.728,31.355],[121.796,31.33]]],[[[121.802,31.357],[122.016,31.282],[122.041,31.324],[121.802,31.357]]],[[[121.627,31.445],[121.632,31.457],[121.579,31.48],[121.627,31.445]]],[[[121.944,31.216],[121.96,31.159],[121.996,31.161],[122.009,31.221],[121.951,31.229],[121.944,31.216]]],[[[121.882,31.241],[121.909,31.195],[121.924,31.234],[121.882,31.241]]]]}},{"type":"Feature","properties":{"id":"320100","名称":"南京市","所属省":"江苏"},"geometry":{"type":"MultiPolygon","coordinates":[[[[119.067,32.462],[119.041,32.515],[118.98,32.504],[118.937,32.557],[118.899,32.56],[118.885,32.586],[118.856,32.574],[118.828,32.581],[118.82,32.604],[118.775,32.588],[118.741,32.589],[118.701,32.589],[118.641,32.587],[118.598,32.601],[118.585,32.549],[118.615,32.52],[118.592,32.482],[118.628,32.468],[118.689,32.474],[118.686,32.405],[118.696,32.368],[118.698,32.343],[118.684,32.324],[118.66,32.296],[118.667,32.258],[118.627,32.203],[118.576,32.203],[118.532,32.196],[118.496,32.177],[118.495,32.131],[118.474,32.111],[118.406,32.081],[118.386,32.033],[118.387,31.983],[118.369,31.943],[118.403,31.914],[118.472,31.88],[118.491,31.843],[118.503,31.778],[118.54,31.762],[118.553,31.729],[118.601,31.754],[118.642,31.758],[118.654,31.73],[118.698,31.709],[118.655,31.676],[118.644,31.65],[118.695,31.64],[118.736,31.633],[118.76,31.68],[118.783,31.656],[118.814,31.619],[118.869,31.611],[118.873,31.578],[118.886,31.528],[118.87,31.422],[118.8,31.369],[118.765,31.388],[118.721,31.323],[118.727,31.282],[118.796,31.229],[118.841,31.236],[118.925,31.24],[119.014,31.241],[119.084,31.24],[119.132,31.263],[119.176,31.294],[119.198,31.331],[119.2,31.369],[119.169,31.422],[119.141,31.452],[119.153,31.493],[119.199,31.53],[119.198,31.552],[119.234,31.627],[119.187,31.649],[119.186,31.694],[119.125,31.736],[119.09,31.77],[119.056,31.789],[118.999,31.767],[119.006,31.799],[118.969,31.835],[119.033,31.854],[119.092,31.86],[119.111,31.902],[119.052,31.936],[119.047,31.969],[119.103,31.966],[119.122,31.985],[119.092,32.004],[119.099,32.072],[119.069,32.108],[119.009,32.116],[119.039,32.157],[119.079,32.179],[119.154,32.186],[119.221,32.201],[119.154,32.244],[119.057,32.252],[119.036,32.309],[119.027,32.351],[119.038,32.382],[119.016,32.413],[119.036,32.452],[119.067,32.462]]],[[[118.866,31.519],[118.856,31.522],[118.846,31.509],[118.847,31.503],[118.856,31.505],[118.866,31.519]]]]}},{"type":"Feature","properties":{"id":"320200","名称":"无锡市","所属省":"江苏"},"geometry":{"type":"MultiPolygon","coordinates":[[[[119.533,31.159],[119.574,31.114],[119.631,31.131],[119.664,31.166],[119.713,31.168],[119.793,31.168],[119.823,31.154],[119.838,31.174],[119.9,31.169],[120.21,31.346],[120.419,31.448],[120.496,31.448],[120.524,31.468],[120.555,31.508],[120.606,31.525],[120.567,31.584],[120.553,31.606],[120.591,31.611],[120.59,31.637],[120.561,31.656],[120.585,31.693],[120.6,31.745],[120.571,31.794],[120.531,31.788],[120.514,31.841],[120.469,31.88],[120.402,31.907],[120.39,31.932],[120.353,31.981],[120.175,31.934],[120.008,31.948],[119.998,31.894],[119.99,31.855],[120.025,31.832],[120.085,31.853],[120.144,31.859],[120.173,31.839],[120.174,31.801],[120.206,31.753],[120.156,31.757],[120.157,31.704],[120.143,31.676],[120.105,31.629],[120.057,31.58],[120.094,31.542],[120.114,31.518],[120.11,31.462],[120.045,31.406],[120.057,31.356],[120.061,31.339],[120.028,31.409],[120.036,31.498],[119.996,31.497],[119.936,31.553],[119.832,31.529],[119.733,31.563],[119.7,31.577],[119.639,31.6],[119.628,31.56],[119.584,31.505],[119.573,31.472],[119.592,31.463],[119.553,31.412],[119.528,31.36],[119.535,31.291],[119.534,31.237],[119.543,31.175],[119.533,31.159]]]]}},{"type":"Feature","properties":{"id":"320300","名称":"徐州市","所属省":"江苏"},"geometry":{"type":"MultiPolygon","coordinates":[[[[118.408,34.435],[118.353,34.417],[118.289,34.412],[118.231,34.399],[118.19,34.381],[118.177,34.409],[118.133,34.483],[118.185,34.544],[118.137,34.563],[118.082,34.58],[118.1,34.627],[118.078,34.654],[118.018,34.647],[117.992,34.67],[117.91,34.67],[117.864,34.645],[117.832,34.654],[117.796,34.638],[117.795,34.56],[117.79,34.519],[117.684,34.547],[117.647,34.493],[117.603,34.477],[117.548,34.475],[117.487,34.466],[117.451,34.506],[117.424,34.537],[117.365,34.578],[117.319,34.574],[117.321,34.565],[117.273,34.557],[117.303,34.541],[117.271,34.516],[117.264,34.473],[117.255,34.473],[117.222,34.451],[117.166,34.435],[117.139,34.527],[117.133,34.586],[117.096,34.648],[117.062,34.676],[117.07,34.714],[116.996,34.758],[116.968,34.773],[116.972,34.812],[116.93,34.86],[116.945,34.877],[116.899,34.905],[116.816,34.965],[116.799,34.928],[116.789,34.96],[116.798,34.939],[116.735,34.925],[116.678,34.939],[116.64,34.933],[116.56,34.909],[116.501,34.901],[116.445,34.889],[116.406,34.817],[116.368,34.725],[116.393,34.704],[116.378,34.668],[116.393,34.643],[116.477,34.615],[116.51,34.557],[116.548,34.543],[116.599,34.5],[116.575,34.489],[116.745,34.468],[116.782,34.431],[116.867,34.392],[116.946,34.395],[116.981,34.358],[116.97,34.293],[117.019,34.255],[117.05,34.242],[117.04,34.202],[117.047,34.151],[117.106,34.13],[117.147,34.098],[117.182,34.076],[117.225,34.064],[117.294,34.071],[117.357,34.088],[117.4,34.042],[117.46,34.037],[117.515,34.061],[117.545,34.014],[117.588,33.988],[117.618,34.017],[117.646,34.014],[117.672,33.952],[117.715,33.879],[117.759,33.874],[117.746,33.824],[117.734,33.752],[117.735,33.723],[117.791,33.733],[117.848,33.736],[117.898,33.729],[117.937,33.729],[117.972,33.75],[118.02,33.739],[118.062,33.758],[118.133,33.751],[118.179,33.763],[118.169,33.82],[118.176,33.844],[118.149,33.901],[118.114,33.937],[118.086,33.965],[118.034,33.984],[118.054,34.01],[118.049,34.093],[117.997,34.106],[118.064,34.153],[118.088,34.155],[118.139,34.136],[118.156,34.161],[118.214,34.127],[118.292,34.11],[118.428,34.109],[118.483,34.1],[118.504,34.137],[118.56,34.166],[118.561,34.248],[118.593,34.308],[118.632,34.337],[118.644,34.359],[118.669,34.419],[118.635,34.44],[118.586,34.419],[118.532,34.435],[118.49,34.416],[118.422,34.423],[118.408,34.435]]]]}},{"type":"Feature","properties":{"id":"320400","名称":"常州市","所属省":"江苏"},"geometry":{"type":"MultiPolygon","coordinates":[[[[120.022,31.968],[119.952,32.002],[119.891,32.046],[119.86,32.051],[119.805,32.056],[119.776,31.986],[119.789,31.927],[119.782,31.914],[119.764,31.873],[119.812,31.852],[119.79,31.807],[119.736,31.762],[119.708,31.738],[119.656,31.774],[119.615,31.796],[119.589,31.827],[119.57,31.855],[119.508,31.852],[119.438,31.876],[119.432,31.84],[119.422,31.829],[119.364,31.858],[119.32,31.825],[119.315,31.777],[119.322,31.732],[119.329,31.704],[119.258,31.632],[119.216,31.585],[119.181,31.538],[119.183,31.5],[119.156,31.48],[119.156,31.439],[119.174,31.381],[119.214,31.356],[119.195,31.309],[119.204,31.266],[119.239,31.255],[119.267,31.25],[119.338,31.259],[119.357,31.303],[119.371,31.242],[119.371,31.198],[119.395,31.193],[119.415,31.173],[119.461,31.156],[119.495,31.164],[119.554,31.179],[119.523,31.242],[119.524,31.301],[119.53,31.371],[119.555,31.434],[119.588,31.467],[119.575,31.481],[119.594,31.532],[119.641,31.569],[119.658,31.609],[119.71,31.576],[119.769,31.554],[119.848,31.53],[119.948,31.543],[119.997,31.508],[120.046,31.49],[120.021,31.383],[120.09,31.332],[120.045,31.359],[120.055,31.434],[120.106,31.471],[120.108,31.512],[120.097,31.549],[120.075,31.595],[120.12,31.631],[120.151,31.682],[120.156,31.713],[120.169,31.761],[120.202,31.764],[120.179,31.813],[120.185,31.86],[120.123,31.859],[120.08,31.848],[120.019,31.823],[120.003,31.859],[120.005,31.912],[120.022,31.968]]]]}},{"type":"Feature","properties":{"id":"320500","名称":"苏州市","所属省":"江苏"},"geometry":{"type":"MultiPolygon","coordinates":[[[[119.92,31.171],[119.97,31.074],[120.052,31.006],[120.15,30.938],[120.344,30.94],[120.357,30.909],[120.372,30.882],[120.418,30.926],[120.436,30.897],[120.454,30.85],[120.477,30.8],[120.518,30.773],[120.603,30.849],[120.655,30.848],[120.683,30.883],[120.713,30.885],[120.698,30.95],[120.71,30.972],[120.761,30.975],[120.821,31.006],[120.866,30.99],[120.901,31.017],[120.892,31.094],[120.871,31.12],[120.93,31.141],[121.042,31.139],[121.077,31.158],[121.061,31.247],[121.09,31.292],[121.12,31.286],[121.151,31.292],[121.127,31.319],[121.117,31.352],[121.114,31.375],[121.146,31.421],[121.147,31.444],[121.186,31.461],[121.235,31.493],[121.269,31.488],[121.32,31.5],[121.289,31.616],[121.077,31.777],[120.917,31.794],[120.803,31.988],[120.703,32.013],[120.553,32.021],[120.404,32.016],[120.375,31.942],[120.392,31.905],[120.466,31.89],[120.503,31.842],[120.523,31.806],[120.558,31.786],[120.595,31.76],[120.601,31.709],[120.569,31.669],[120.596,31.644],[120.601,31.617],[120.557,31.6],[120.564,31.58],[120.599,31.549],[120.569,31.512],[120.536,31.467],[120.501,31.457],[120.438,31.449],[120.253,31.366],[119.92,31.171]]]]}},{"type":"Feature","properties":{"id":"320600","名称":"南通市","所属省":"江苏"},"geometry":{"type":"MultiPolygon","coordinates":[[[[120.202,32.601],[120.256,32.598],[120.264,32.515],[120.275,32.439],[120.284,32.38],[120.323,32.368],[120.346,32.344],[120.352,32.304],[120.346,32.25],[120.343,32.17],[120.374,32.128],[120.441,32.12],[120.519,32.066],[120.558,32.034],[120.653,32.002],[120.79,31.998],[120.884,31.835],[121.061,31.783],[121.149,31.787],[121.266,31.864],[121.385,31.834],[121.431,31.769],[121.513,31.744],[121.601,31.707],[121.818,31.652],[121.96,31.737],[121.875,31.902],[121.759,32.059],[121.525,32.136],[121.459,32.178],[121.494,32.264],[121.441,32.366],[121.352,32.474],[121.122,32.569],[120.988,32.607],[120.908,32.639],[120.851,32.618],[120.855,32.605],[120.805,32.583],[120.74,32.585],[120.681,32.595],[120.649,32.585],[120.63,32.617],[120.613,32.636],[120.579,32.635],[120.507,32.641],[120.476,32.629],[120.437,32.647],[120.394,32.688],[120.367,32.705],[120.316,32.704],[120.226,32.676],[120.222,32.634],[120.202,32.601]]],[[[121.404,32.531],[121.403,32.522],[121.409,32.52],[121.435,32.52],[121.436,32.529],[121.429,32.532],[121.404,32.531]]]]}},{"type":"Feature","properties":{"id":"320700","名称":"连云港市","所属省":"江苏"},"geometry":{"type":"MultiPolygon","coordinates":[[[[119.823,34.482],[119.698,34.547],[119.585,34.601],[119.465,34.675],[119.493,34.712],[119.508,34.729],[119.378,34.761],[119.468,34.748],[119.477,34.769],[119.441,34.769],[119.343,34.769],[119.251,34.794],[119.218,34.853],[119.213,34.918],[119.219,35.005],[119.279,35.071],[119.307,35.033],[119.302,35.093],[119.241,35.123],[119.159,35.101],[119.12,35.058],[119.037,35.051],[118.966,35.047],[118.904,35.041],[118.865,34.993],[118.807,34.878],[118.789,34.846],[118.777,34.819],[118.737,34.792],[118.727,34.769],[118.74,34.737],[118.767,34.711],[118.704,34.689],[118.651,34.695],[118.57,34.712],[118.525,34.713],[118.484,34.671],[118.475,34.637],[118.439,34.626],[118.439,34.508],[118.408,34.435],[118.453,34.412],[118.504,34.431],[118.572,34.423],[118.598,34.445],[118.649,34.427],[118.654,34.383],[118.677,34.339],[118.74,34.325],[118.767,34.309],[118.825,34.359],[118.907,34.368],[118.94,34.382],[118.965,34.361],[118.995,34.404],[119.041,34.422],[119.065,34.409],[119.076,34.343],[119.092,34.262],[119.133,34.205],[119.145,34.159],[119.156,34.134],[119.175,34.093],[119.227,34.053],[119.268,34.034],[119.319,34.033],[119.393,34.037],[119.425,34.004],[119.498,34.015],[119.536,34.031],[119.568,34.013],[119.564,34.069],[119.57,34.106],[119.521,34.137],[119.51,34.16],[119.557,34.205],[119.63,34.243],[119.74,34.309],[119.759,34.35],[119.804,34.386],[119.796,34.45],[119.823,34.482]]]]}},{"type":"Feature","properties":{"id":"320800","名称":"淮安市","所属省":"江苏"},"geometry":{"type":"MultiPolygon","coordinates":[[[[119.185,32.826],[119.333,32.815],[119.328,32.946],[119.359,33.03],[119.335,33.084],[119.272,33.147],[119.23,33.166],[119.2,33.206],[119.147,33.249],[119.16,33.283],[119.263,33.303],[119.254,33.353],[119.401,33.375],[119.488,33.408],[119.553,33.41],[119.618,33.427],[119.591,33.464],[119.532,33.502],[119.493,33.546],[119.464,33.627],[119.496,33.654],[119.482,33.686],[119.524,33.77],[119.543,33.812],[119.599,33.874],[119.646,33.925],[119.62,33.946],[119.597,33.996],[119.555,34.019],[119.52,34.026],[119.439,33.98],[119.403,34.022],[119.338,34.03],[119.303,34.04],[119.236,34.036],[119.191,34.077],[119.158,34.076],[119.115,34.024],[119.059,33.978],[119.051,33.958],[119.025,33.911],[118.988,33.905],[118.941,33.908],[118.885,33.886],[118.829,33.859],[118.806,33.794],[118.814,33.731],[118.793,33.667],[118.785,33.587],[118.79,33.537],[118.783,33.444],[118.668,33.312],[118.32,33.196],[118.22,33.114],[118.221,33.088],[118.228,33.069],[118.24,33.046],[118.269,32.969],[118.251,32.936],[118.244,32.874],[118.29,32.846],[118.294,32.8],[118.326,32.764],[118.371,32.758],[118.375,32.719],[118.451,32.743],[118.52,32.723],[118.591,32.725],[118.639,32.745],[118.707,32.72],[118.753,32.756],[118.747,32.8],[118.812,32.855],[118.815,32.903],[118.837,32.911],[118.849,32.946],[118.896,32.958],[118.921,32.94],[118.994,32.958],[119.023,32.935],[119.022,32.906],[119.071,32.865],[119.185,32.826]]]]}},{"type":"Feature","properties":{"id":"320900","名称":"盐城市","所属省":"江苏"},"geometry":{"type":"MultiPolygon","coordinates":[[[[120.976,32.658],[120.916,32.701],[120.963,32.75],[120.973,32.886],[120.933,33.006],[120.874,33.094],[120.843,33.23],[120.833,33.282],[120.783,33.304],[120.731,33.365],[120.68,33.52],[120.584,33.669],[120.486,33.859],[120.356,34.15],[120.308,34.297],[120.104,34.392],[119.85,34.477],[119.809,34.45],[119.791,34.4],[119.772,34.354],[119.743,34.319],[119.663,34.256],[119.573,34.208],[119.504,34.173],[119.529,34.138],[119.559,34.102],[119.577,34.07],[119.572,34.021],[119.601,33.98],[119.634,33.951],[119.639,33.905],[119.585,33.859],[119.546,33.804],[119.509,33.739],[119.492,33.673],[119.468,33.638],[119.471,33.597],[119.493,33.536],[119.559,33.471],[119.604,33.455],[119.604,33.422],[119.605,33.38],[119.636,33.327],[119.654,33.281],[119.715,33.272],[119.693,33.224],[119.729,33.189],[119.74,33.147],[119.844,33.154],[119.89,33.144],[119.968,33.15],[120.048,33.164],[120.169,33.153],[120.294,33.097],[120.309,33.024],[120.287,32.955],[120.281,32.925],[120.205,32.921],[120.182,32.904],[120.208,32.864],[120.185,32.834],[120.167,32.815],[120.162,32.781],[120.199,32.787],[120.207,32.757],[120.182,32.723],[120.158,32.703],[120.122,32.679],[120.123,32.61],[120.176,32.629],[120.214,32.603],[120.222,32.648],[120.252,32.68],[120.32,32.699],[120.376,32.711],[120.41,32.689],[120.443,32.639],[120.485,32.631],[120.512,32.636],[120.591,32.64],[120.622,32.626],[120.644,32.613],[120.653,32.572],[120.701,32.603],[120.744,32.598],[120.818,32.592],[120.868,32.61],[120.864,32.619],[120.976,32.658]]]]}},{"type":"Feature","properties":{"id":"321000","名称":"扬州市","所属省":"江苏"},"geometry":{"type":"MultiPolygon","coordinates":[[[[119.229,32.222],[119.368,32.225],[119.434,32.258],[119.515,32.249],[119.576,32.285],[119.599,32.235],[119.622,32.237],[119.634,32.258],[119.708,32.276],[119.786,32.318],[119.847,32.328],[119.845,32.396],[119.868,32.439],[119.83,32.46],[119.823,32.535],[119.82,32.593],[119.814,32.627],[119.855,32.632],[119.899,32.617],[119.899,32.657],[119.877,32.698],[119.845,32.753],[119.825,32.795],[119.795,32.804],[119.802,32.838],[119.803,32.863],[119.762,32.904],[119.712,32.922],[119.707,32.99],[119.67,33.09],[119.646,33.13],[119.702,33.202],[119.686,33.239],[119.7,33.294],[119.641,33.294],[119.632,33.335],[119.59,33.381],[119.553,33.41],[119.488,33.408],[119.401,33.375],[119.254,33.353],[119.263,33.303],[119.16,33.283],[119.147,33.249],[119.2,33.206],[119.23,33.166],[119.272,33.147],[119.335,33.084],[119.359,33.03],[119.328,32.946],[119.333,32.815],[119.185,32.826],[119.208,32.74],[119.22,32.63],[119.22,32.592],[119.187,32.6],[119.154,32.555],[119.15,32.51],[119.115,32.477],[119.067,32.462],[119.022,32.44],[119.028,32.388],[119.022,32.375],[119.042,32.333],[119.041,32.272],[119.086,32.241],[119.229,32.222]]]]}},{"type":"Feature","properties":{"id":"321100","名称":"镇江市","所属省":"江苏"},"geometry":{"type":"MultiPolygon","coordinates":[[[[119.234,31.627],[119.3,31.655],[119.322,31.715],[119.305,31.767],[119.315,31.797],[119.329,31.846],[119.387,31.847],[119.433,31.826],[119.419,31.852],[119.464,31.881],[119.556,31.863],[119.587,31.847],[119.605,31.822],[119.645,31.796],[119.693,31.757],[119.74,31.731],[119.757,31.786],[119.79,31.827],[119.77,31.848],[119.772,31.901],[119.76,31.927],[119.768,31.949],[119.777,32.014],[119.829,32.052],[119.879,32.042],[119.906,32.015],[119.949,32.047],[119.879,32.248],[119.819,32.303],[119.745,32.314],[119.678,32.27],[119.63,32.228],[119.607,32.253],[119.571,32.272],[119.546,32.279],[119.479,32.261],[119.397,32.235],[119.286,32.233],[119.221,32.201],[119.154,32.186],[119.079,32.179],[119.039,32.157],[119.009,32.116],[119.069,32.108],[119.099,32.072],[119.092,32.004],[119.122,31.985],[119.103,31.966],[119.047,31.969],[119.052,31.936],[119.111,31.902],[119.092,31.86],[119.033,31.854],[118.969,31.835],[119.006,31.799],[118.999,31.767],[119.056,31.789],[119.09,31.77],[119.125,31.736],[119.186,31.694],[119.187,31.649],[119.234,31.627]]]]}},{"type":"Feature","properties":{"id":"321200","名称":"泰州市","所属省":"江苏"},"geometry":{"type":"MultiPolygon","coordinates":[[[[120.553,32.021],[120.529,32.056],[120.482,32.103],[120.388,32.13],[120.347,32.151],[120.357,32.239],[120.352,32.279],[120.353,32.336],[120.352,32.378],[120.293,32.37],[120.281,32.431],[120.27,32.502],[120.263,32.575],[120.208,32.592],[120.176,32.629],[120.123,32.61],[120.122,32.679],[120.158,32.703],[120.182,32.723],[120.207,32.757],[120.199,32.787],[120.162,32.781],[120.167,32.815],[120.185,32.834],[120.208,32.864],[120.182,32.904],[120.205,32.921],[120.281,32.925],[120.287,32.955],[120.309,33.024],[120.294,33.097],[120.169,33.153],[120.048,33.164],[119.968,33.15],[119.89,33.144],[119.844,33.154],[119.74,33.147],[119.729,33.189],[119.708,33.198],[119.654,33.157],[119.648,33.104],[119.708,33.006],[119.715,32.936],[119.746,32.899],[119.789,32.881],[119.796,32.842],[119.789,32.81],[119.83,32.807],[119.867,32.769],[119.859,32.711],[119.895,32.674],[119.901,32.624],[119.867,32.628],[119.829,32.629],[119.816,32.606],[119.835,32.55],[119.814,32.469],[119.859,32.444],[119.854,32.402],[119.843,32.361],[119.835,32.296],[119.892,32.201],[119.975,32.007],[120.065,31.956],[120.237,31.933],[120.388,32.007],[120.525,32.031],[120.553,32.021]]]]}},{"type":"Feature","properties":{"id":"321300","名称":"宿迁市","所属省":"江苏"},"geometry":{"type":"MultiPolygon","coordinates":[[[[119.175,34.093],[119.156,34.134],[119.145,34.159],[119.133,34.205],[119.092,34.262],[119.076,34.343],[119.065,34.409],[119.041,34.422],[118.995,34.404],[118.965,34.361],[118.94,34.382],[118.907,34.368],[118.825,34.359],[118.767,34.309],[118.74,34.325],[118.677,34.339],[118.633,34.345],[118.633,34.308],[118.575,34.278],[118.573,34.234],[118.505,34.159],[118.518,34.117],[118.451,34.107],[118.364,34.119],[118.233,34.1],[118.188,34.162],[118.154,34.149],[118.103,34.139],[118.072,34.171],[117.999,34.14],[118.005,34.092],[118.06,34.048],[118.035,34.013],[118.053,33.972],[118.1,33.941],[118.126,33.955],[118.168,33.881],[118.188,33.823],[118.159,33.796],[118.168,33.75],[118.153,33.72],[118.12,33.622],[118.099,33.529],[118.058,33.492],[118.024,33.441],[118.029,33.372],[117.975,33.336],[117.974,33.28],[117.942,33.225],[117.994,33.206],[118.004,33.177],[118.037,33.153],[118.088,33.15],[118.156,33.196],[118.212,33.199],[118.424,33.187],[118.703,33.324],[118.78,33.488],[118.797,33.561],[118.771,33.607],[118.799,33.691],[118.802,33.741],[118.8,33.813],[118.857,33.88],[118.907,33.89],[118.949,33.907],[119,33.905],[119.036,33.928],[119.041,33.96],[119.073,33.981],[119.13,34.029],[119.166,34.088],[119.175,34.093]]]]}},{"type":"Feature","properties":{"id":"330100","名称":"杭州市","所属省":"浙江"},"geometry":{"type":"MultiPolygon","coordinates":[[[[120.722,30.286],[120.704,30.366],[120.568,30.388],[120.414,30.318],[120.398,30.385],[120.316,30.394],[120.331,30.427],[120.329,30.468],[120.286,30.508],[120.225,30.51],[120.185,30.503],[120.175,30.477],[120.097,30.487],[120.059,30.473],[120.065,30.43],[120.004,30.444],[119.951,30.444],[119.909,30.456],[119.881,30.476],[119.836,30.497],[119.766,30.514],[119.712,30.567],[119.709,30.509],[119.695,30.465],[119.681,30.409],[119.633,30.395],[119.651,30.44],[119.582,30.424],[119.535,30.424],[119.467,30.408],[119.418,30.376],[119.376,30.355],[119.301,30.364],[119.247,30.341],[119.225,30.289],[119.188,30.292],[119.111,30.311],[119.051,30.307],[118.988,30.334],[118.959,30.347],[118.918,30.332],[118.882,30.299],[118.893,30.243],[118.921,30.199],[118.846,30.156],[118.897,30.148],[118.872,30.113],[118.879,30.065],[118.903,30.029],[118.892,29.995],[118.885,29.939],[118.839,29.934],[118.808,29.868],[118.756,29.845],[118.746,29.818],[118.749,29.761],[118.701,29.706],[118.674,29.669],[118.62,29.654],[118.55,29.613],[118.495,29.554],[118.46,29.506],[118.393,29.507],[118.345,29.476],[118.373,29.438],[118.413,29.421],[118.441,29.376],[118.479,29.366],[118.524,29.361],[118.572,29.338],[118.603,29.316],[118.633,29.263],[118.615,29.251],[118.634,29.206],[118.685,29.203],[118.765,29.221],[118.785,29.259],[118.827,29.28],[118.878,29.327],[118.944,29.306],[118.95,29.282],[118.985,29.239],[119.013,29.212],[119.085,29.231],[119.129,29.227],[119.178,29.207],[119.202,29.229],[119.215,29.247],[119.2,29.29],[119.239,29.259],[119.288,29.269],[119.329,29.299],[119.349,29.336],[119.337,29.411],[119.378,29.43],[119.405,29.401],[119.437,29.424],[119.458,29.37],[119.48,29.333],[119.523,29.35],[119.559,29.372],[119.605,29.37],[119.626,29.41],[119.673,29.425],[119.707,29.433],[119.72,29.491],[119.745,29.516],[119.764,29.557],[119.779,29.604],[119.824,29.672],[119.879,29.668],[119.925,29.67],[119.967,29.695],[119.922,29.698],[119.9,29.745],[119.914,29.756],[119.973,29.766],[120.03,29.77],[120.038,29.823],[120.103,29.824],[120.145,29.874],[120.166,29.917],[120.2,29.93],[120.265,29.931],[120.291,29.936],[120.341,29.956],[120.361,29.989],[120.344,30.035],[120.339,30.07],[120.287,30.107],[120.312,30.137],[120.353,30.142],[120.388,30.156],[120.421,30.153],[120.447,30.135],[120.484,30.172],[120.529,30.157],[120.594,30.147],[120.669,30.233],[120.722,30.286]]]]}},{"type":"Feature","properties":{"id":"330200","名称":"宁波市","所属省":"浙江"},"geometry":{"type":"MultiPolygon","coordinates":[[[[120.867,30.272],[120.931,30.147],[120.95,30.091],[120.97,30.07],[120.987,30.044],[121.035,30.004],[121.076,30.002],[121.076,29.97],[121.031,29.919],[121.031,29.875],[121.086,29.849],[121.096,29.798],[121.046,29.767],[121.015,29.742],[121.035,29.716],[121.01,29.687],[121.038,29.676],[121.075,29.661],[121.113,29.614],[121.116,29.587],[121.131,29.554],[121.184,29.539],[121.231,29.513],[121.217,29.453],[121.218,29.421],[121.226,29.385],[121.193,29.341],[121.197,29.303],[121.167,29.259],[121.174,29.206],[121.233,29.187],[121.264,29.154],[121.271,29.11],[121.308,29.114],[121.349,29.136],[121.367,29.189],[121.401,29.161],[121.471,29.148],[121.536,29.14],[121.649,29.151],[121.769,29.148],[121.827,29.102],[121.898,29.104],[121.932,29.071],[121.97,29.076],[121.983,29.101],[121.988,29.149],[121.937,29.183],[121.968,29.244],[121.999,29.266],[121.945,29.284],[121.952,29.344],[121.938,29.384],[121.981,29.43],[121.967,29.507],[121.986,29.564],[121.985,29.606],[121.91,29.65],[121.834,29.653],[121.938,29.748],[122.038,29.814],[122.136,29.872],[122.096,29.905],[122.003,29.923],[121.968,29.956],[121.902,29.924],[121.784,29.994],[121.668,30.049],[121.62,30.088],[121.528,30.225],[121.395,30.338],[121.225,30.405],[121.087,30.397],[121.014,30.324],[120.867,30.272]]],[[[122.026,29.178],[122.04,29.163],[122.063,29.174],[122.05,29.194],[122.037,29.191],[122.026,29.178]]],[[[122.231,28.86],[122.239,28.853],[122.244,28.861],[122.231,28.86]]],[[[122.182,29.408],[122.224,29.428],[122.197,29.425],[122.182,29.408]]],[[[121.791,29.082],[121.823,29.051],[121.832,29.095],[121.791,29.082]]],[[[122.184,29.461],[122.183,29.456],[122.194,29.453],[122.195,29.465],[122.184,29.461]]],[[[122.026,29.622],[122.022,29.62],[122.026,29.604],[122.038,29.613],[122.034,29.625],[122.026,29.622]]],[[[122.259,28.887],[122.267,28.88],[122.267,28.887],[122.259,28.887]]],[[[121.984,29.228],[121.991,29.221],[122.002,29.221],[121.993,29.228],[121.984,29.228]]],[[[121.981,29.473],[121.991,29.468],[121.988,29.475],[121.981,29.473]]],[[[121.976,29.501],[121.984,29.497],[121.985,29.504],[122.005,29.5],[122.005,29.504],[121.99,29.51],[121.976,29.501]]],[[[121.952,29.188],[121.952,29.183],[121.971,29.163],[121.984,29.165],[121.982,29.176],[121.972,29.185],[121.976,29.192],[121.952,29.188]]],[[[121.93,29.036],[121.941,29.034],[121.954,29.044],[121.949,29.047],[121.931,29.041],[121.93,29.036]]],[[[122.007,29.235],[122.001,29.227],[122.009,29.223],[122.014,29.233],[122.007,29.235]]],[[[122.002,29.41],[122.004,29.405],[122.016,29.404],[122.019,29.41],[122.002,29.41]]],[[[121.981,29.333],[121.979,29.34],[121.985,29.349],[121.97,29.341],[121.981,29.333]]],[[[122.178,29.406],[122.174,29.4],[122.184,29.4],[122.178,29.406]]],[[[122.01,29.903],[122.022,29.901],[122.024,29.91],[122.011,29.917],[122.005,29.913],[122.01,29.903]]],[[[122.006,29.9],[122.014,29.893],[122.017,29.901],[122.006,29.9]]]]}},{"type":"Feature","properties":{"id":"330300","名称":"温州市","所属省":"浙江"},"geometry":{"type":"MultiPolygon","coordinates":[[[[121.108,28.139],[121.147,28.263],[121.216,28.352],[121.246,28.386],[121.223,28.422],[121.209,28.459],[121.17,28.506],[121.121,28.532],[121.079,28.495],[121.036,28.482],[120.995,28.473],[120.962,28.509],[120.928,28.505],[120.87,28.491],[120.843,28.542],[120.798,28.576],[120.759,28.592],[120.709,28.611],[120.669,28.58],[120.64,28.558],[120.624,28.533],[120.568,28.532],[120.529,28.548],[120.472,28.587],[120.434,28.554],[120.415,28.512],[120.399,28.465],[120.381,28.436],[120.344,28.432],[120.338,28.395],[120.353,28.367],[120.358,28.329],[120.403,28.306],[120.421,28.254],[120.412,28.2],[120.414,28.173],[120.408,28.132],[120.384,28.095],[120.372,28.055],[120.349,28.035],[120.349,27.988],[120.295,27.977],[120.249,27.964],[120.219,27.936],[120.175,27.96],[120.144,27.977],[120.074,27.972],[120.032,27.941],[119.967,27.938],[119.929,27.969],[119.865,27.966],[119.834,27.956],[119.833,27.911],[119.787,27.909],[119.785,27.862],[119.786,27.823],[119.768,27.805],[119.719,27.761],[119.666,27.722],[119.647,27.686],[119.64,27.653],[119.631,27.583],[119.669,27.556],[119.689,27.534],[119.711,27.483],[119.703,27.447],[119.705,27.425],[119.734,27.389],[119.74,27.362],[119.768,27.336],[119.77,27.324],[119.82,27.296],[119.835,27.313],[119.866,27.306],[119.933,27.317],[119.964,27.36],[120.005,27.377],[120.028,27.342],[120.096,27.39],[120.137,27.402],[120.177,27.42],[120.247,27.435],[120.258,27.413],[120.315,27.393],[120.341,27.4],[120.352,27.347],[120.401,27.299],[120.415,27.256],[120.401,27.212],[120.438,27.161],[120.493,27.136],[120.556,27.204],[120.555,27.252],[120.576,27.294],[120.657,27.352],[120.677,27.431],[120.678,27.516],[120.635,27.577],[120.701,27.669],[120.772,27.735],[120.841,27.759],[120.951,27.896],[121.028,27.833],[121.133,27.813],[121.144,27.792],[121.197,27.834],[121.167,27.877],[121.137,27.909],[121.056,27.9],[121.031,28.034],[121.09,28.127],[121.108,28.139]]],[[[120.972,27.65],[120.975,27.645],[120.987,27.655],[120.988,27.663],[120.98,27.67],[120.968,27.658],[120.972,27.65]]],[[[121.2,27.625],[121.192,27.622],[121.198,27.615],[121.209,27.619],[121.221,27.63],[121.214,27.633],[121.2,27.625]]],[[[121.113,27.918],[121.108,27.911],[121.113,27.904],[121.124,27.911],[121.124,27.921],[121.113,27.918]]],[[[121.131,27.762],[121.133,27.753],[121.144,27.759],[121.139,27.765],[121.131,27.762]]],[[[121.131,27.77],[121.137,27.767],[121.15,27.772],[121.138,27.777],[121.131,27.77]]],[[[121.107,27.444],[121.066,27.478],[121.05,27.465],[121.063,27.458],[121.107,27.444]]],[[[120.903,27.694],[120.912,27.689],[120.912,27.699],[120.903,27.694]]],[[[121.217,27.614],[121.225,27.607],[121.229,27.616],[121.217,27.614]]],[[[121.084,27.792],[121.074,27.778],[121.091,27.776],[121.097,27.783],[121.091,27.793],[121.084,27.792]]],[[[121.146,27.761],[121.147,27.754],[121.155,27.757],[121.146,27.761]]],[[[120.826,27.686],[120.832,27.677],[120.843,27.675],[120.833,27.687],[120.826,27.686]]],[[[121.224,27.818],[121.225,27.825],[121.213,27.82],[121.224,27.818]]],[[[120.825,27.646],[120.822,27.635],[120.834,27.65],[120.825,27.646]]],[[[121.204,27.61],[121.21,27.608],[121.217,27.619],[121.209,27.618],[121.204,27.61]]],[[[121.098,27.938],[121.134,27.98],[121.04,27.964],[121.08,27.947],[121.098,27.938]]],[[[120.897,27.711],[120.887,27.704],[120.9,27.706],[120.897,27.711]]],[[[121.186,27.963],[121.206,27.977],[121.237,27.988],[121.24,27.994],[121.22,27.991],[121.195,28],[121.177,27.991],[121.171,27.979],[121.186,27.963]]],[[[121.044,27.979],[121.075,27.99],[121.09,27.999],[121.089,28.005],[121.074,28.007],[121.043,27.993],[121.044,27.979]]],[[[121.079,27.429],[121.09,27.424],[121.088,27.432],[121.077,27.434],[121.079,27.429]]],[[[121.113,27.473],[121.106,27.473],[121.112,27.463],[121.123,27.466],[121.113,27.473]]],[[[121.095,27.494],[121.086,27.492],[121.095,27.486],[121.095,27.494]]]]}},{"type":"Feature","properties":{"id":"330400","名称":"嘉兴市","所属省":"浙江"},"geometry":{"type":"MultiPolygon","coordinates":[[[[120.722,30.286],[120.867,30.272],[121.014,30.324],[121.087,30.397],[121.072,30.543],[121.149,30.6],[121.221,30.64],[121.275,30.677],[121.27,30.731],[121.218,30.785],[121.175,30.772],[121.117,30.785],[121.135,30.833],[121.105,30.849],[121.062,30.838],[121.011,30.835],[121.004,30.846],[121.008,30.888],[120.999,30.91],[120.99,31.014],[120.95,31.018],[120.91,31.017],[120.866,30.99],[120.821,31.006],[120.758,30.974],[120.71,30.972],[120.698,30.95],[120.713,30.885],[120.683,30.883],[120.655,30.848],[120.603,30.849],[120.517,30.772],[120.472,30.747],[120.445,30.702],[120.406,30.671],[120.354,30.663],[120.309,30.613],[120.305,30.564],[120.3,30.52],[120.341,30.472],[120.333,30.417],[120.319,30.381],[120.401,30.377],[120.439,30.373],[120.634,30.389],[120.704,30.331],[120.722,30.286]]]]}},{"type":"Feature","properties":{"id":"330500","名称":"湖州市","所属省":"浙江"},"geometry":{"type":"MultiPolygon","coordinates":[[[[120.489,30.764],[120.461,30.828],[120.452,30.868],[120.435,30.921],[120.395,30.891],[120.358,30.887],[120.359,30.932],[120.251,30.926],[120.111,30.956],[120.002,31.027],[119.937,31.147],[119.879,31.161],[119.826,31.173],[119.81,31.148],[119.779,31.179],[119.704,31.152],[119.662,31.16],[119.624,31.116],[119.635,31.064],[119.616,31.002],[119.582,30.947],[119.559,30.892],[119.561,30.829],[119.492,30.777],[119.48,30.738],[119.448,30.656],[119.396,30.679],[119.355,30.667],[119.312,30.621],[119.246,30.619],[119.265,30.582],[119.243,30.53],[119.288,30.513],[119.336,30.507],[119.35,30.439],[119.369,30.4],[119.403,30.373],[119.45,30.411],[119.534,30.409],[119.573,30.431],[119.636,30.442],[119.637,30.41],[119.668,30.399],[119.695,30.453],[119.705,30.495],[119.692,30.556],[119.769,30.551],[119.816,30.511],[119.867,30.478],[119.903,30.459],[119.935,30.447],[119.983,30.445],[120.046,30.427],[120.059,30.459],[120.099,30.496],[120.15,30.468],[120.186,30.495],[120.205,30.506],[120.278,30.505],[120.299,30.557],[120.303,30.596],[120.34,30.631],[120.378,30.657],[120.455,30.686],[120.475,30.711],[120.489,30.764]]]]}},{"type":"Feature","properties":{"id":"330600","名称":"绍兴市","所属省":"浙江"},"geometry":{"type":"MultiPolygon","coordinates":[[[[119.973,29.675],[120.022,29.648],[120.037,29.654],[120.045,29.626],[120.007,29.573],[120.051,29.55],[120.092,29.532],[120.093,29.5],[120.139,29.509],[120.186,29.549],[120.224,29.522],[120.251,29.496],[120.262,29.469],[120.264,29.401],[120.29,29.356],[120.333,29.395],[120.373,29.415],[120.384,29.456],[120.462,29.485],[120.515,29.468],[120.511,29.419],[120.559,29.38],[120.571,29.343],[120.624,29.336],[120.688,29.342],[120.7,29.319],[120.739,29.31],[120.757,29.286],[120.777,29.242],[120.824,29.23],[120.867,29.245],[120.891,29.261],[120.915,29.303],[120.965,29.306],[121.024,29.308],[121.1,29.318],[121.118,29.331],[121.161,29.34],[121.194,29.322],[121.23,29.363],[121.215,29.417],[121.224,29.449],[121.217,29.497],[121.206,29.537],[121.14,29.543],[121.12,29.576],[121.11,29.607],[121.074,29.637],[121.054,29.686],[120.993,29.685],[121.01,29.709],[121.011,29.735],[121.034,29.769],[121.093,29.789],[121.106,29.836],[121.061,29.854],[121.032,29.911],[121.066,29.961],[121.083,29.991],[121.038,29.999],[120.99,30.028],[120.981,30.067],[120.96,30.095],[120.939,30.126],[120.893,30.229],[120.74,30.277],[120.643,30.217],[120.568,30.151],[120.519,30.155],[120.461,30.168],[120.43,30.132],[120.411,30.149],[120.373,30.155],[120.34,30.142],[120.298,30.128],[120.299,30.097],[120.338,30.061],[120.346,30.02],[120.364,29.979],[120.326,29.946],[120.284,29.922],[120.255,29.944],[120.205,29.924],[120.16,29.906],[120.131,29.859],[120.096,29.817],[120.03,29.806],[120.011,29.762],[119.96,29.755],[119.904,29.755],[119.901,29.729],[119.933,29.699],[119.974,29.69],[119.973,29.675]]]]}},{"type":"Feature","properties":{"id":"330700","名称":"金华市","所属省":"浙江"},"geometry":{"type":"MultiPolygon","coordinates":[[[[119.322,28.801],[119.346,28.757],[119.372,28.785],[119.421,28.749],[119.48,28.74],[119.459,28.684],[119.468,28.634],[119.51,28.603],[119.515,28.562],[119.569,28.532],[119.638,28.529],[119.704,28.533],[119.739,28.585],[119.774,28.603],[119.765,28.639],[119.814,28.687],[119.874,28.735],[119.898,28.75],[119.942,28.793],[119.982,28.797],[120.029,28.758],[120.11,28.767],[120.165,28.774],[120.209,28.796],[120.216,28.833],[120.262,28.911],[120.265,28.939],[120.314,28.919],[120.331,28.869],[120.368,28.838],[120.405,28.854],[120.442,28.841],[120.499,28.849],[120.515,28.891],[120.543,28.867],[120.605,28.891],[120.665,28.924],[120.678,28.977],[120.727,28.981],[120.72,29.012],[120.693,29.041],[120.705,29.076],[120.724,29.119],[120.722,29.13],[120.76,29.189],[120.776,29.225],[120.775,29.277],[120.761,29.313],[120.72,29.303],[120.705,29.348],[120.654,29.334],[120.591,29.349],[120.567,29.367],[120.538,29.392],[120.516,29.452],[120.498,29.474],[120.41,29.451],[120.364,29.434],[120.344,29.41],[120.318,29.38],[120.267,29.377],[120.281,29.441],[120.282,29.489],[120.242,29.512],[120.212,29.536],[120.171,29.522],[120.114,29.497],[120.076,29.513],[120.074,29.538],[120.04,29.57],[120.019,29.618],[120.032,29.637],[120.029,29.668],[119.991,29.654],[119.925,29.67],[119.879,29.668],[119.824,29.672],[119.779,29.604],[119.764,29.557],[119.745,29.516],[119.72,29.491],[119.707,29.433],[119.673,29.425],[119.626,29.41],[119.605,29.37],[119.559,29.372],[119.523,29.35],[119.48,29.333],[119.458,29.37],[119.437,29.424],[119.405,29.401],[119.378,29.43],[119.337,29.411],[119.349,29.336],[119.329,29.299],[119.288,29.269],[119.235,29.222],[119.253,29.155],[119.283,29.118],[119.305,29.086],[119.334,29.052],[119.322,29.001],[119.305,28.969],[119.334,28.908],[119.311,28.851],[119.336,28.835],[119.322,28.801]]]]}},{"type":"Feature","properties":{"id":"330800","名称":"衢州市","所属省":"浙江"},"geometry":{"type":"MultiPolygon","coordinates":[[[[119.322,28.801],[119.338,28.843],[119.32,28.868],[119.327,28.925],[119.317,28.97],[119.327,29.038],[119.328,29.068],[119.3,29.091],[119.268,29.119],[119.242,29.166],[119.245,29.229],[119.227,29.277],[119.2,29.272],[119.21,29.231],[119.189,29.227],[119.171,29.218],[119.133,29.235],[119.076,29.224],[119.003,29.208],[118.988,29.244],[118.962,29.29],[118.927,29.31],[118.861,29.315],[118.817,29.282],[118.775,29.251],[118.753,29.214],[118.67,29.201],[118.632,29.22],[118.607,29.267],[118.634,29.273],[118.604,29.324],[118.552,29.336],[118.517,29.363],[118.47,29.36],[118.424,29.387],[118.402,29.425],[118.366,29.45],[118.324,29.497],[118.316,29.423],[118.268,29.428],[118.218,29.42],[118.209,29.378],[118.183,29.332],[118.177,29.297],[118.116,29.294],[118.078,29.279],[118.073,29.217],[118.033,29.177],[118.039,29.126],[118.076,29.075],[118.088,29.029],[118.111,29.004],[118.127,29.016],[118.148,28.978],[118.196,28.965],[118.206,28.92],[118.225,28.912],[118.276,28.896],[118.297,28.848],[118.321,28.821],[118.383,28.787],[118.396,28.755],[118.392,28.71],[118.415,28.687],[118.428,28.631],[118.414,28.595],[118.409,28.569],[118.428,28.535],[118.446,28.513],[118.422,28.492],[118.472,28.479],[118.459,28.43],[118.431,28.398],[118.469,28.328],[118.46,28.302],[118.449,28.262],[118.491,28.238],[118.506,28.28],[118.547,28.287],[118.598,28.271],[118.64,28.273],[118.69,28.291],[118.724,28.338],[118.753,28.417],[118.731,28.456],[118.727,28.5],[118.777,28.518],[118.822,28.547],[118.865,28.53],[118.89,28.54],[118.909,28.59],[118.925,28.634],[118.984,28.664],[119.03,28.71],[119.081,28.74],[119.138,28.738],[119.214,28.769],[119.271,28.787],[119.311,28.812],[119.322,28.801]]]]}},{"type":"Feature","properties":{"id":"330900","名称":"舟山市","所属省":"浙江"},"geometry":{"type":"MultiPolygon","coordinates":[[[[122.257,30.065],[122.283,30.073],[122.279,30.103],[122.182,30.117],[122.133,30.137],[122.096,30.158],[121.996,30.161],[121.936,30.168],[121.992,30.075],[122.012,30.021],[122.093,30.007],[122.169,29.989],[122.309,29.944],[122.344,29.995],[122.334,30.021],[122.27,30.062],[122.257,30.065]]],[[[122.625,30.817],[122.638,30.814],[122.636,30.82],[122.622,30.826],[122.616,30.825],[122.625,30.817]]],[[[122.151,30.19],[122.17,30.139],[122.198,30.176],[122.196,30.194],[122.151,30.19]]],[[[122.208,29.703],[122.271,29.685],[122.23,29.702],[122.208,29.716],[122.208,29.703]]],[[[122.428,30.738],[122.428,30.696],[122.487,30.701],[122.514,30.702],[122.536,30.718],[122.487,30.711],[122.45,30.743],[122.428,30.738]]],[[[122.163,30.33],[122.124,30.32],[122.052,30.3],[122.146,30.246],[122.209,30.229],[122.231,30.278],[122.232,30.306],[122.209,30.33],[122.178,30.351],[122.163,30.33]]],[[[122.317,30.25],[122.292,30.227],[122.318,30.236],[122.362,30.24],[122.391,30.24],[122.417,30.239],[122.407,30.273],[122.35,30.267],[122.317,30.25]]],[[[122.675,30.849],[122.669,30.846],[122.688,30.838],[122.695,30.839],[122.698,30.848],[122.69,30.849],[122.679,30.861],[122.675,30.849]]],[[[122.783,30.79],[122.776,30.788],[122.782,30.782],[122.783,30.79]]],[[[122.331,29.938],[122.372,29.893],[122.378,29.843],[122.398,29.854],[122.434,29.884],[122.411,29.918],[122.409,29.951],[122.377,29.949],[122.331,29.938]]],[[[122.43,30.409],[122.432,30.445],[122.374,30.462],[122.337,30.466],[122.279,30.474],[122.286,30.417],[122.365,30.417],[122.405,30.418],[122.43,30.409]]],[[[122.327,30.52],[122.317,30.518],[122.319,30.513],[122.344,30.504],[122.346,30.528],[122.34,30.522],[122.327,30.52]]],[[[122.451,30.426],[122.47,30.414],[122.486,30.416],[122.474,30.43],[122.476,30.436],[122.464,30.437],[122.46,30.426],[122.451,30.426]]],[[[122.477,30.23],[122.481,30.221],[122.503,30.216],[122.504,30.226],[122.49,30.231],[122.477,30.23]]],[[[122.265,29.845],[122.231,29.823],[122.285,29.78],[122.328,29.778],[122.298,29.818],[122.303,29.834],[122.265,29.845]]],[[[122.303,30.499],[122.314,30.491],[122.322,30.494],[122.303,30.499]]],[[[122.217,29.639],[122.22,29.63],[122.231,29.635],[122.217,29.639]]],[[[122.703,30.197],[122.708,30.189],[122.712,30.209],[122.705,30.207],[122.703,30.197]]],[[[122.427,30.032],[122.433,30.022],[122.428,30.039],[122.427,30.032]]],[[[122.19,29.81],[122.196,29.805],[122.201,29.815],[122.191,29.821],[122.184,29.815],[122.19,29.81]]],[[[122.525,30.222],[122.529,30.23],[122.517,30.231],[122.525,30.222]]],[[[121.944,30.777],[121.968,30.688],[122.053,30.625],[122.133,30.596],[122.114,30.614],[122.082,30.64],[122.024,30.663],[121.991,30.739],[121.944,30.777]]],[[[122.636,30.204],[122.644,30.198],[122.646,30.187],[122.654,30.19],[122.65,30.211],[122.641,30.211],[122.636,30.204]]],[[[122.27,30.223],[122.283,30.228],[122.275,30.23],[122.27,30.223]]],[[[122.182,29.651],[122.182,29.729],[122.131,29.789],[122.071,29.773],[122.08,29.701],[122.126,29.693],[122.158,29.655],[122.182,29.651]]],[[[122.233,29.683],[122.235,29.672],[122.243,29.675],[122.233,29.683]]],[[[122.466,30.743],[122.47,30.753],[122.453,30.758],[122.452,30.743],[122.466,30.743]]],[[[122.359,30.6],[122.356,30.593],[122.374,30.587],[122.359,30.6]]],[[[122.078,30.596],[122.055,30.592],[122.056,30.585],[122.072,30.573],[122.085,30.579],[122.082,30.587],[122.1,30.592],[122.078,30.596]]],[[[122.362,29.84],[122.369,29.828],[122.376,29.826],[122.379,29.834],[122.371,29.835],[122.377,29.842],[122.362,29.84]]],[[[122.23,29.661],[122.246,29.655],[122.243,29.661],[122.23,29.661]]],[[[122.461,29.944],[122.46,29.949],[122.449,29.939],[122.457,29.926],[122.461,29.944]]],[[[122.571,30.644],[122.576,30.666],[122.547,30.651],[122.571,30.644]]],[[[122.179,30.226],[122.179,30.215],[122.186,30.218],[122.191,30.212],[122.205,30.214],[122.2,30.227],[122.187,30.231],[122.179,30.226]]],[[[122.425,30.621],[122.424,30.612],[122.433,30.617],[122.425,30.621]]],[[[122.209,30.222],[122.216,30.218],[122.228,30.221],[122.245,30.218],[122.237,30.232],[122.225,30.229],[122.217,30.221],[122.209,30.222]]],[[[122.156,29.619],[122.144,29.608],[122.153,29.607],[122.161,29.619],[122.156,29.619]]],[[[122.065,30.18],[122.04,30.196],[122.033,30.161],[122.065,30.18]]],[[[122.391,29.97],[122.414,29.998],[122.409,30.032],[122.372,29.988],[122.391,29.97]]],[[[121.888,30.092],[121.854,30.068],[121.835,29.993],[121.874,29.965],[121.934,30.012],[121.907,30.056],[121.888,30.092]]],[[[122.326,30.227],[122.332,30.22],[122.336,30.228],[122.326,30.227]]],[[[121.831,30.066],[121.847,30.062],[121.853,30.066],[121.845,30.077],[121.833,30.083],[121.822,30.082],[121.831,30.066]]],[[[122.322,29.833],[122.333,29.827],[122.324,29.84],[122.322,29.833]]],[[[122.038,29.759],[122.024,29.757],[122.011,29.746],[122.016,29.715],[122.03,29.717],[122.032,29.737],[122.044,29.743],[122.044,29.754],[122.038,29.759]]],[[[122.514,30.649],[122.514,30.642],[122.523,30.644],[122.514,30.649]]],[[[122.144,30.611],[122.15,30.619],[122.136,30.615],[122.144,30.611]]],[[[122.716,30.176],[122.719,30.168],[122.728,30.173],[122.722,30.182],[122.716,30.176]]],[[[122.526,30.667],[122.541,30.658],[122.545,30.663],[122.533,30.672],[122.526,30.667]]],[[[121.94,30.114],[121.93,30.078],[121.963,30.103],[121.94,30.114]]],[[[121.957,30.288],[122.001,30.308],[121.981,30.343],[121.931,30.304],[121.957,30.288]]],[[[122.681,30.191],[122.688,30.191],[122.689,30.181],[122.694,30.188],[122.687,30.205],[122.673,30.208],[122.681,30.191]]],[[[122.227,29.809],[122.225,29.802],[122.239,29.802],[122.227,29.809]]],[[[122.417,30.682],[122.409,30.672],[122.426,30.669],[122.435,30.675],[122.417,30.682]]],[[[121.618,30.605],[121.637,30.609],[121.618,30.608],[121.618,30.605]]],[[[122.128,30.218],[122.129,30.207],[122.141,30.214],[122.152,30.216],[122.147,30.222],[122.128,30.218]]],[[[121.864,30.117],[121.861,30.104],[121.871,30.107],[121.864,30.117]]],[[[122.225,29.738],[122.234,29.731],[122.241,29.732],[122.234,29.74],[122.225,29.738]]],[[[122.178,29.978],[122.154,29.971],[122.199,29.961],[122.178,29.978]]],[[[122.198,29.727],[122.217,29.717],[122.22,29.724],[122.207,29.729],[122.198,29.727]]],[[[122.288,29.724],[122.297,29.75],[122.261,29.774],[122.213,29.771],[122.288,29.724]]],[[[122.154,30.579],[122.168,30.584],[122.157,30.584],[122.154,30.579]]],[[[122.259,30.52],[122.257,30.512],[122.275,30.513],[122.278,30.524],[122.268,30.527],[122.259,30.52]]],[[[122.76,30.137],[122.767,30.123],[122.788,30.128],[122.776,30.139],[122.763,30.142],[122.76,30.137]]],[[[122.192,29.796],[122.176,29.797],[122.182,29.788],[122.198,29.785],[122.202,29.791],[122.192,29.796]]],[[[122.146,29.962],[122.132,29.956],[122.141,29.944],[122.166,29.946],[122.17,29.958],[122.163,29.966],[122.146,29.962]]],[[[122.452,29.974],[122.445,29.968],[122.45,29.965],[122.452,29.974]]],[[[122.468,30.409],[122.476,30.404],[122.478,30.41],[122.468,30.409]]],[[[122.331,30.596],[122.326,30.59],[122.341,30.594],[122.343,30.6],[122.331,30.596]]],[[[122.264,30.27],[122.276,30.244],[122.305,30.262],[122.264,30.27]]],[[[122.283,29.86],[122.33,29.859],[122.34,29.884],[122.283,29.86]]],[[[122.648,30.813],[122.661,30.82],[122.643,30.827],[122.64,30.816],[122.648,30.813]]],[[[122.781,30.694],[122.799,30.716],[122.758,30.702],[122.781,30.694]]],[[[121.978,30.1],[121.966,30.097],[121.974,30.085],[121.983,30.095],[121.978,30.1]]],[[[122.069,29.992],[122.072,29.973],[122.078,29.973],[122.094,29.985],[122.077,30.001],[122.069,29.992]]],[[[122.145,29.966],[122.128,29.966],[122.129,29.96],[122.147,29.963],[122.145,29.966]]],[[[121.981,30.067],[121.99,30.071],[121.989,30.084],[121.982,30.083],[121.975,30.075],[121.981,30.067]]],[[[122.392,30.741],[122.395,30.761],[122.386,30.759],[122.392,30.741]]],[[[122.285,30.636],[122.296,30.641],[122.293,30.651],[122.285,30.649],[122.277,30.639],[122.285,30.636]]],[[[122.164,29.799],[122.175,29.797],[122.18,29.802],[122.174,29.808],[122.161,29.804],[122.164,29.799]]],[[[122.453,29.957],[122.445,29.955],[122.451,29.946],[122.459,29.951],[122.453,29.957]]],[[[122.836,30.699],[122.84,30.704],[122.837,30.719],[122.831,30.729],[122.815,30.733],[122.804,30.723],[122.811,30.712],[122.827,30.709],[122.836,30.699]]],[[[122.132,29.984],[122.143,29.978],[122.143,29.987],[122.132,29.984]]],[[[122.096,29.945],[122.091,29.956],[122.082,29.954],[122.08,29.94],[122.084,29.936],[122.098,29.939],[122.096,29.945]]],[[[122.228,29.716],[122.233,29.71],[122.235,29.718],[122.228,29.716]]],[[[122.213,29.958],[122.237,29.945],[122.273,29.932],[122.275,29.939],[122.24,29.96],[122.205,29.974],[122.193,29.976],[122.213,29.958]]],[[[122.108,29.963],[122.111,29.959],[122.126,29.961],[122.128,29.974],[122.113,29.978],[122.108,29.963]]],[[[121.969,30.064],[121.964,30.054],[121.975,30.049],[121.974,30.062],[121.969,30.064]]],[[[122.029,29.955],[122.031,29.935],[122.037,29.93],[122.048,29.934],[122.058,29.953],[122.051,29.965],[122.042,29.965],[122.029,29.955]]],[[[122.256,29.865],[122.274,29.862],[122.278,29.868],[122.267,29.876],[122.25,29.876],[122.256,29.865]]],[[[122.194,29.766],[122.189,29.755],[122.201,29.756],[122.2,29.765],[122.194,29.766]]],[[[122.289,29.931],[122.291,29.925],[122.307,29.922],[122.315,29.931],[122.312,29.942],[122.302,29.942],[122.288,29.936],[122.289,29.931]]],[[[122.212,29.692],[122.216,29.684],[122.23,29.685],[122.229,29.691],[122.212,29.692]]],[[[122.042,29.982],[122.051,29.977],[122.055,29.989],[122.047,29.989],[122.042,29.982]]],[[[122.301,29.895],[122.3,29.89],[122.315,29.889],[122.309,29.896],[122.301,29.895]]]]}},{"type":"Feature","properties":{"id":"331000","名称":"台州市","所属省":"浙江"},"geometry":{"type":"MultiPolygon","coordinates":[[[[121.609,29.169],[121.53,29.136],[121.45,29.16],[121.404,29.179],[121.356,29.186],[121.337,29.122],[121.299,29.115],[121.256,29.114],[121.253,29.157],[121.234,29.197],[121.165,29.212],[121.179,29.259],[121.201,29.313],[121.175,29.323],[121.134,29.338],[121.118,29.305],[121.056,29.323],[121.006,29.319],[120.943,29.29],[120.904,29.276],[120.9,29.241],[120.854,29.253],[120.776,29.225],[120.76,29.189],[120.722,29.13],[120.724,29.119],[120.705,29.076],[120.693,29.041],[120.72,29.012],[120.727,28.981],[120.678,28.977],[120.665,28.924],[120.605,28.891],[120.543,28.867],[120.515,28.891],[120.499,28.849],[120.442,28.841],[120.41,28.799],[120.37,28.741],[120.352,28.724],[120.324,28.686],[120.357,28.638],[120.372,28.606],[120.361,28.58],[120.326,28.564],[120.293,28.512],[120.337,28.509],[120.388,28.48],[120.415,28.497],[120.43,28.534],[120.446,28.584],[120.524,28.555],[120.555,28.536],[120.599,28.534],[120.631,28.564],[120.653,28.585],[120.702,28.606],[120.758,28.604],[120.799,28.589],[120.829,28.556],[120.854,28.515],[120.914,28.496],[120.954,28.509],[120.987,28.482],[121.025,28.473],[121.077,28.484],[121.105,28.537],[121.157,28.52],[121.195,28.467],[121.227,28.436],[121.251,28.405],[121.205,28.368],[121.155,28.274],[121.123,28.148],[121.136,28.051],[121.239,28.029],[121.307,28.088],[121.343,28.127],[121.391,28.159],[121.456,28.25],[121.499,28.306],[121.572,28.259],[121.637,28.27],[121.669,28.333],[121.636,28.348],[121.659,28.392],[121.682,28.44],[121.653,28.503],[121.615,28.572],[121.557,28.645],[121.679,28.699],[121.703,28.825],[121.668,28.873],[121.775,28.864],[121.718,28.97],[121.7,29.04],[121.662,29.106],[121.609,29.169]]],[[[121.849,28.734],[121.873,28.727],[121.896,28.757],[121.851,28.749],[121.849,28.734]]],[[[121.75,28.691],[121.782,28.68],[121.802,28.702],[121.765,28.705],[121.75,28.691]]],[[[121.387,28.119],[121.402,28.123],[121.401,28.13],[121.387,28.119]]],[[[121.92,28.707],[121.921,28.705],[121.943,28.721],[121.917,28.717],[121.92,28.707]]],[[[121.837,28.77],[121.872,28.808],[121.853,28.793],[121.837,28.77]]],[[[121.687,28.384],[121.686,28.375],[121.695,28.381],[121.687,28.384]]],[[[121.89,28.471],[121.897,28.514],[121.871,28.494],[121.876,28.473],[121.89,28.471]]],[[[121.679,28.278],[121.689,28.274],[121.686,28.29],[121.678,28.286],[121.679,28.278]]],[[[121.411,28.079],[121.41,28.102],[121.401,28.093],[121.407,28.09],[121.404,28.078],[121.411,28.079]]],[[[121.87,28.424],[121.886,28.434],[121.894,28.43],[121.911,28.44],[121.921,28.453],[121.89,28.451],[121.871,28.433],[121.87,28.424]]],[[[121.687,29.097],[121.697,29.094],[121.692,29.111],[121.682,29.109],[121.687,29.097]]],[[[121.695,29.088],[121.694,29.085],[121.71,29.083],[121.695,29.088]]],[[[121.673,29.062],[121.666,29.06],[121.68,29.055],[121.673,29.062]]],[[[121.679,28.371],[121.687,28.366],[121.688,28.373],[121.679,28.371]]],[[[121.851,28.424],[121.861,28.427],[121.856,28.432],[121.851,28.424]]],[[[121.635,28.225],[121.645,28.223],[121.645,28.233],[121.635,28.225]]],[[[121.502,28.072],[121.511,28.077],[121.516,28.087],[121.527,28.086],[121.532,28.093],[121.529,28.102],[121.505,28.086],[121.502,28.072]]],[[[121.346,28.088],[121.357,28.089],[121.372,28.1],[121.374,28.11],[121.359,28.098],[121.346,28.096],[121.346,28.088]]],[[[121.817,28.61],[121.804,28.599],[121.823,28.607],[121.817,28.61]]],[[[121.686,29.116],[121.694,29.113],[121.69,29.121],[121.686,29.116]]],[[[121.145,28.013],[121.166,28.022],[121.15,28.02],[121.145,28.013]]],[[[121.94,28.442],[121.945,28.437],[121.944,28.451],[121.94,28.442]]]]}},{"type":"Feature","properties":{"id":"331100","名称":"丽水市","所属省":"浙江"},"geometry":{"type":"MultiPolygon","coordinates":[[[[120.427,28.832],[120.393,28.847],[120.358,28.839],[120.316,28.877],[120.304,28.932],[120.255,28.931],[120.261,28.866],[120.215,28.826],[120.199,28.784],[120.146,28.784],[120.097,28.769],[120.026,28.764],[119.972,28.794],[119.921,28.796],[119.887,28.745],[119.866,28.718],[119.812,28.654],[119.752,28.635],[119.767,28.588],[119.721,28.566],[119.675,28.53],[119.629,28.525],[119.543,28.533],[119.498,28.549],[119.508,28.615],[119.461,28.635],[119.464,28.708],[119.473,28.75],[119.414,28.752],[119.369,28.774],[119.338,28.761],[119.311,28.812],[119.271,28.787],[119.214,28.769],[119.138,28.738],[119.081,28.74],[119.03,28.71],[118.984,28.664],[118.925,28.634],[118.909,28.59],[118.89,28.54],[118.865,28.53],[118.822,28.547],[118.777,28.518],[118.727,28.5],[118.731,28.456],[118.753,28.417],[118.724,28.338],[118.713,28.313],[118.739,28.277],[118.802,28.24],[118.782,28.193],[118.783,28.173],[118.802,28.117],[118.763,28.095],[118.72,28.045],[118.727,28],[118.754,27.943],[118.818,27.917],[118.836,27.866],[118.847,27.813],[118.854,27.774],[118.898,27.719],[118.88,27.689],[118.904,27.639],[118.904,27.576],[118.869,27.54],[118.88,27.5],[118.898,27.479],[118.949,27.456],[118.99,27.489],[119.021,27.498],[119.073,27.472],[119.131,27.463],[119.129,27.432],[119.168,27.425],[119.223,27.417],[119.268,27.422],[119.348,27.493],[119.395,27.539],[119.439,27.509],[119.478,27.554],[119.501,27.608],[119.52,27.65],[119.539,27.675],[119.579,27.67],[119.636,27.668],[119.651,27.695],[119.68,27.744],[119.735,27.767],[119.785,27.796],[119.786,27.834],[119.8,27.89],[119.815,27.921],[119.851,27.932],[119.862,27.95],[119.892,27.951],[119.969,27.962],[120.009,27.948],[120.064,27.951],[120.097,27.981],[120.172,27.979],[120.188,27.949],[120.242,27.935],[120.266,27.957],[120.329,27.967],[120.344,28.019],[120.35,28.053],[120.362,28.08],[120.412,28.115],[120.386,28.147],[120.431,28.187],[120.438,28.235],[120.417,28.289],[120.378,28.318],[120.361,28.345],[120.335,28.384],[120.339,28.412],[120.374,28.411],[120.384,28.459],[120.341,28.496],[120.304,28.507],[120.322,28.554],[120.35,28.574],[120.382,28.6],[120.35,28.633],[120.323,28.67],[120.356,28.712],[120.363,28.735],[120.401,28.785],[120.427,28.832]]]]}},{"type":"Feature","properties":{"id":"340100","名称":"合肥市","所属省":"安徽"},"geometry":{"type":"MultiPolygon","coordinates":[[[[117.032,31.257],[117.079,31.222],[117.122,31.129],[117.136,31.073],[117.212,31.057],[117.277,30.985],[117.314,31],[117.356,30.988],[117.383,30.952],[117.448,30.983],[117.494,31.03],[117.512,31.047],[117.512,31.107],[117.552,31.145],[117.525,31.201],[117.573,31.248],[117.616,31.294],[117.677,31.392],[117.721,31.468],[117.778,31.481],[117.85,31.484],[117.934,31.489],[117.94,31.525],[117.92,31.549],[117.928,31.568],[117.932,31.605],[117.963,31.627],[117.969,31.642],[117.939,31.671],[117.913,31.715],[117.909,31.767],[117.908,31.833],[117.952,31.906],[117.887,31.927],[117.846,31.963],[117.811,32.002],[117.864,32.047],[117.858,32.094],[117.855,32.123],[117.833,32.222],[117.782,32.232],[117.729,32.246],[117.673,32.251],[117.632,32.257],[117.594,32.239],[117.482,32.212],[117.427,32.242],[117.413,32.32],[117.405,32.375],[117.377,32.398],[117.408,32.469],[117.327,32.442],[117.267,32.451],[117.212,32.476],[117.167,32.534],[117.128,32.525],[117.085,32.531],[117.068,32.483],[117.048,32.431],[117.005,32.386],[117.044,32.348],[117.057,32.328],[117.046,32.276],[117.06,32.235],[117.004,32.203],[117.007,32.162],[116.998,32.118],[117.031,32.065],[117.03,32.007],[116.986,32.014],[116.94,32.028],[116.921,31.981],[116.841,31.948],[116.771,31.911],[116.722,31.871],[116.702,31.832],[116.72,31.779],[116.752,31.765],[116.762,31.711],[116.753,31.647],[116.763,31.582],[116.805,31.539],[116.846,31.526],[116.953,31.532],[116.991,31.538],[117.04,31.539],[117.124,31.544],[117.154,31.545],[117.228,31.545],[117.237,31.491],[117.142,31.472],[117.074,31.361],[117.071,31.301],[117.032,31.257]]]]}},{"type":"Feature","properties":{"id":"340200","名称":"芜湖市","所属省":"安徽"},"geometry":{"type":"MultiPolygon","coordinates":[[[[118.657,31.305],[118.573,31.3],[118.544,31.366],[118.491,31.404],[118.445,31.393],[118.425,31.456],[118.415,31.498],[118.34,31.453],[118.317,31.474],[118.304,31.508],[118.27,31.515],[118.202,31.526],[118.157,31.522],[118.151,31.468],[118.148,31.437],[118.165,31.399],[117.976,31.448],[117.987,31.474],[117.934,31.489],[117.85,31.484],[117.778,31.481],[117.721,31.468],[117.677,31.392],[117.616,31.294],[117.573,31.248],[117.525,31.201],[117.552,31.145],[117.512,31.107],[117.512,31.047],[117.494,31.03],[117.533,30.974],[117.584,30.971],[117.651,30.95],[117.683,30.969],[117.698,31.01],[117.731,31.01],[117.807,31.13],[117.88,31.122],[117.936,31.068],[118.006,31.078],[118.026,31.03],[118.098,30.986],[118.159,30.964],[118.165,30.907],[118.079,30.867],[118.042,30.843],[117.98,30.844],[117.984,30.794],[118.071,30.747],[118.129,30.701],[118.1,30.651],[118.171,30.692],[118.243,30.703],[118.305,30.698],[118.276,30.736],[118.308,30.776],[118.307,30.807],[118.359,30.846],[118.437,30.825],[118.447,30.801],[118.481,30.781],[118.496,30.82],[118.49,30.849],[118.484,30.871],[118.493,30.884],[118.496,30.941],[118.571,30.972],[118.584,31.026],[118.607,31.02],[118.683,31.075],[118.683,31.112],[118.734,31.149],[118.683,31.214],[118.652,31.261],[118.657,31.305]]]]}},{"type":"Feature","properties":{"id":"340300","名称":"蚌埠市","所属省":"安徽"},"geometry":{"type":"MultiPolygon","coordinates":[[[[116.736,32.929],[116.785,32.917],[116.837,32.891],[116.889,32.847],[116.921,32.809],[117.002,32.779],[117.034,32.747],[117.046,32.716],[117.082,32.735],[117.159,32.75],[117.196,32.735],[117.245,32.795],[117.285,32.817],[117.351,32.829],[117.415,32.832],[117.471,32.837],[117.514,32.875],[117.512,32.933],[117.549,32.97],[117.603,32.922],[117.672,32.919],[117.708,33.002],[117.763,33.041],[117.822,33.028],[117.894,33.035],[117.88,33.003],[117.948,33.014],[118.011,33.002],[118.005,33.031],[118.033,33.074],[118.075,33.117],[118.05,33.134],[118.038,33.135],[118.006,33.17],[117.994,33.206],[117.942,33.225],[117.97,33.277],[117.979,33.334],[117.909,33.344],[117.859,33.325],[117.809,33.296],[117.738,33.275],[117.69,33.305],[117.632,33.344],[117.578,33.325],[117.507,33.346],[117.424,33.4],[117.345,33.476],[117.243,33.502],[117.203,33.423],[117.129,33.435],[117.133,33.387],[117.095,33.398],[117.063,33.374],[117.081,33.344],[117.092,33.316],[117.025,33.296],[116.975,33.278],[116.904,33.3],[116.841,33.285],[116.8,33.276],[116.827,33.211],[116.792,33.169],[116.755,33.131],[116.749,33.061],[116.815,33.022],[116.799,32.994],[116.768,33.006],[116.74,32.96],[116.736,32.929]]]]}},{"type":"Feature","properties":{"id":"340400","名称":"淮南市","所属省":"安徽"},"geometry":{"type":"MultiPolygon","coordinates":[[[[116.771,31.911],[116.841,31.948],[116.921,31.981],[116.94,32.028],[116.986,32.014],[117.03,32.007],[117.031,32.065],[116.998,32.118],[117.007,32.162],[117.004,32.203],[117.06,32.235],[117.046,32.276],[117.057,32.328],[117.044,32.348],[117.005,32.386],[117.048,32.431],[117.068,32.483],[117.085,32.531],[117.128,32.525],[117.167,32.534],[117.215,32.56],[117.172,32.665],[117.19,32.717],[117.179,32.741],[117.125,32.758],[117.075,32.718],[117.054,32.73],[117.029,32.758],[116.961,32.792],[116.897,32.834],[116.834,32.878],[116.805,32.903],[116.761,32.916],[116.684,32.939],[116.377,32.994],[116.366,32.941],[116.394,32.884],[116.422,32.858],[116.442,32.809],[116.443,32.749],[116.444,32.707],[116.489,32.682],[116.535,32.629],[116.556,32.6],[116.629,32.575],[116.524,32.509],[116.49,32.448],[116.485,32.388],[116.519,32.314],[116.528,32.241],[116.517,32.194],[116.53,32.134],[116.544,32.068],[116.587,32.019],[116.682,31.968],[116.702,31.905],[116.771,31.911]]]]}},{"type":"Feature","properties":{"id":"340500","名称":"马鞍山市","所属省":"安徽"},"geometry":{"type":"Polygon","coordinates":[[[118.884,31.5],[118.87,31.422],[118.8,31.369],[118.77,31.379],[118.735,31.345],[118.692,31.309],[118.598,31.295],[118.551,31.332],[118.525,31.402],[118.47,31.394],[118.436,31.426],[118.432,31.473],[118.377,31.532],[118.317,31.444],[118.311,31.497],[118.292,31.499],[118.248,31.534],[118.185,31.538],[118.137,31.499],[118.128,31.461],[118.163,31.414],[117.98,31.433],[117.968,31.466],[117.965,31.498],[117.942,31.541],[117.907,31.557],[117.93,31.587],[117.935,31.618],[117.972,31.62],[117.968,31.662],[117.932,31.682],[117.915,31.75],[117.913,31.788],[117.936,31.855],[117.988,31.882],[118.084,31.854],[118.132,31.903],[118.187,31.919],[118.257,31.954],[118.317,32.02],[118.385,32.058],[118.39,32.012],[118.379,31.967],[118.375,31.925],[118.44,31.893],[118.467,31.858],[118.486,31.795],[118.524,31.762],[118.522,31.743],[118.557,31.73],[118.601,31.754],[118.642,31.758],[118.654,31.73],[118.698,31.709],[118.655,31.676],[118.644,31.65],[118.695,31.64],[118.734,31.632],[118.768,31.677],[118.79,31.646],[118.82,31.628],[118.871,31.599],[118.882,31.565],[118.886,31.519],[118.884,31.5]]]}},{"type":"Feature","properties":{"id":"340600","名称":"淮北市","所属省":"安徽"},"geometry":{"type":"MultiPolygon","coordinates":[[[[116.394,33.783],[116.433,33.74],[116.479,33.698],[116.486,33.666],[116.534,33.615],[116.541,33.588],[116.528,33.544],[116.534,33.498],[116.582,33.471],[116.636,33.485],[116.7,33.474],[116.77,33.432],[116.791,33.36],[116.789,33.32],[116.841,33.285],[116.904,33.3],[116.918,33.328],[116.928,33.359],[116.958,33.38],[116.965,33.419],[116.959,33.452],[116.905,33.477],[116.915,33.539],[116.915,33.578],[116.86,33.624],[116.874,33.676],[116.929,33.673],[116.934,33.748],[116.95,33.79],[116.959,33.88],[116.99,33.925],[116.984,33.965],[116.974,33.999],[116.967,34.029],[116.962,34.064],[116.929,34.091],[116.874,34.074],[116.829,34.059],[116.812,34.068],[116.803,33.994],[116.752,34.013],[116.711,34.014],[116.662,34.018],[116.603,34.008],[116.648,33.973],[116.638,33.917],[116.597,33.904],[116.555,33.888],[116.537,33.882],[116.502,33.865],[116.453,33.847],[116.433,33.795],[116.394,33.783]]],[[[117.032,34.167],[117.047,34.206],[117.042,34.249],[117.022,34.214],[116.989,34.205],[116.993,34.168],[116.972,34.155],[117.013,34.15],[117.032,34.167]]]]}},{"type":"Feature","properties":{"id":"340700","名称":"铜陵市","所属省":"安徽"},"geometry":{"type":"MultiPolygon","coordinates":[[[[117.156,31.072],[117.138,31.029],[117.111,31.013],[117.08,30.962],[117.105,30.791],[117.163,30.709],[117.2,30.702],[117.213,30.679],[117.217,30.631],[117.367,30.694],[117.451,30.679],[117.507,30.727],[117.702,30.807],[117.751,30.803],[117.758,30.762],[117.803,30.758],[117.873,30.808],[117.935,30.836],[117.993,30.855],[118.048,30.855],[118.099,30.886],[118.155,30.923],[118.144,30.971],[118.084,30.994],[118.014,31.035],[117.986,31.08],[117.924,31.068],[117.87,31.133],[117.781,31.111],[117.721,31.01],[117.7,31.003],[117.666,30.967],[117.651,30.958],[117.569,30.969],[117.537,30.992],[117.459,30.989],[117.385,30.965],[117.37,30.964],[117.325,30.989],[117.285,30.982],[117.225,31.037],[117.156,31.072]]],[[[117.297,30.487],[117.256,30.454],[117.252,30.421],[117.293,30.441],[117.327,30.471],[117.297,30.487]]],[[[116.961,30.628],[116.951,30.656],[116.935,30.632],[116.961,30.628]]]]}},{"type":"Feature","properties":{"id":"340800","名称":"安庆市","所属省":"安徽"},"geometry":{"type":"Polygon","coordinates":[[[116.903,30.357],[116.927,30.273],[116.86,30.177],[116.747,30.057],[116.643,30.076],[116.571,30.014],[116.552,29.91],[116.468,29.896],[116.343,29.836],[116.261,29.782],[116.187,29.829],[116.135,29.877],[116.078,29.956],[116.089,30.027],[116.085,30.076],[116.075,30.134],[116.064,30.194],[116.027,30.24],[115.985,30.291],[115.922,30.301],[115.917,30.334],[115.909,30.399],[115.946,30.425],[115.894,30.46],[115.92,30.515],[115.883,30.559],[115.857,30.59],[115.819,30.598],[115.799,30.65],[115.763,30.686],[115.783,30.752],[115.835,30.756],[115.87,30.782],[115.849,30.829],[115.877,30.869],[115.936,30.903],[116.01,30.95],[116.072,30.957],[116.046,31.015],[116.093,31.083],[116.158,31.099],[116.203,31.058],[116.269,31.1],[116.331,31.146],[116.379,31.165],[116.438,31.128],[116.497,31.149],[116.538,31.174],[116.553,31.166],[116.549,31.093],[116.531,31.035],[116.564,31.046],[116.612,31.067],[116.654,31.052],[116.71,31.043],[116.761,31.068],[116.816,31.085],[116.847,31.125],[116.919,31.151],[116.954,31.189],[117.007,31.268],[117.055,31.235],[117.109,31.17],[117.123,31.102],[117.15,31.058],[117.141,31.015],[117.094,31.01],[117.086,30.929],[117.101,30.767],[117.178,30.702],[117.205,30.692],[117.207,30.669],[117.218,30.621],[117.241,30.523],[117.192,30.466],[117.025,30.494],[116.95,30.443],[116.892,30.431],[116.903,30.357]],[[116.957,30.658],[116.921,30.646],[116.967,30.657],[116.957,30.658]]]}},{"type":"Feature","properties":{"id":"341000","名称":"黄山市","所属省":"安徽"},"geometry":{"type":"MultiPolygon","coordinates":[[[[118.869,30.101],[118.768,30.077],[118.698,30.057],[118.651,30.024],[118.614,29.98],[118.565,29.948],[118.525,29.992],[118.499,30.006],[118.495,30.072],[118.418,30.097],[118.371,30.1],[118.339,30.166],[118.29,30.219],[118.267,30.26],[118.32,30.294],[118.31,30.321],[118.295,30.358],[118.266,30.376],[118.222,30.414],[118.232,30.446],[118.197,30.469],[118.181,30.448],[118.13,30.43],[118.103,30.465],[118.118,30.509],[118.035,30.498],[117.964,30.508],[117.939,30.425],[117.938,30.378],[117.925,30.331],[117.908,30.31],[117.888,30.27],[117.829,30.225],[117.847,30.192],[117.778,30.157],[117.687,30.126],[117.656,30.116],[117.615,30.112],[117.573,30.116],[117.568,30.088],[117.541,30.111],[117.536,30.077],[117.462,30.038],[117.394,30.03],[117.309,29.999],[117.206,29.974],[117.246,29.915],[117.249,29.846],[117.292,29.823],[117.333,29.851],[117.376,29.818],[117.425,29.835],[117.443,29.759],[117.474,29.668],[117.523,29.63],[117.558,29.59],[117.628,29.606],[117.679,29.596],[117.708,29.549],[117.795,29.57],[117.852,29.555],[117.921,29.555],[117.985,29.562],[118.043,29.566],[118.109,29.522],[118.128,29.472],[118.136,29.419],[118.193,29.395],[118.249,29.431],[118.286,29.427],[118.307,29.479],[118.359,29.477],[118.415,29.51],[118.479,29.511],[118.501,29.576],[118.574,29.638],[118.641,29.642],[118.701,29.706],[118.749,29.761],[118.746,29.818],[118.756,29.845],[118.808,29.868],[118.839,29.934],[118.885,29.939],[118.892,29.995],[118.903,30.029],[118.879,30.065],[118.869,30.101]]]]}},{"type":"Feature","properties":{"id":"341100","名称":"滁州市","所属省":"安徽"},"geometry":{"type":"MultiPolygon","coordinates":[[[[117.952,31.906],[118.062,31.858],[118.109,31.891],[118.171,31.9],[118.22,31.925],[118.305,31.985],[118.349,32.035],[118.395,32.076],[118.441,32.092],[118.499,32.12],[118.496,32.165],[118.525,32.189],[118.562,32.197],[118.62,32.206],[118.676,32.255],[118.667,32.296],[118.695,32.317],[118.708,32.338],[118.702,32.358],[118.679,32.394],[118.693,32.465],[118.643,32.471],[118.593,32.479],[118.614,32.52],[118.585,32.549],[118.598,32.601],[118.652,32.593],[118.697,32.588],[118.726,32.596],[118.776,32.598],[118.814,32.601],[118.828,32.58],[118.872,32.576],[118.896,32.577],[118.916,32.556],[118.968,32.515],[119.022,32.518],[119.067,32.462],[119.121,32.48],[119.15,32.51],[119.154,32.555],[119.187,32.6],[119.22,32.593],[119.22,32.63],[119.208,32.74],[119.185,32.826],[119.055,32.875],[119.015,32.912],[119.026,32.947],[118.961,32.946],[118.906,32.945],[118.885,32.961],[118.843,32.944],[118.819,32.921],[118.811,32.876],[118.791,32.848],[118.747,32.8],[118.751,32.757],[118.725,32.722],[118.654,32.741],[118.608,32.727],[118.545,32.73],[118.459,32.726],[118.399,32.721],[118.372,32.742],[118.334,32.762],[118.299,32.786],[118.302,32.846],[118.251,32.848],[118.235,32.926],[118.304,32.969],[118.243,33.028],[118.215,33.071],[118.207,33.091],[118.21,33.112],[118.212,33.199],[118.156,33.196],[118.088,33.15],[118.045,33.127],[118.065,33.097],[118.018,33.061],[118.018,33.035],[118.004,33.002],[117.938,33.009],[117.895,33.014],[117.887,33.047],[117.8,33.031],[117.746,33.01],[117.698,32.985],[117.657,32.911],[117.59,32.934],[117.531,32.981],[117.505,32.909],[117.508,32.869],[117.458,32.842],[117.396,32.836],[117.325,32.826],[117.28,32.809],[117.232,32.772],[117.205,32.728],[117.161,32.68],[117.199,32.58],[117.201,32.534],[117.209,32.472],[117.283,32.443],[117.365,32.456],[117.394,32.453],[117.359,32.385],[117.442,32.367],[117.396,32.284],[117.435,32.237],[117.498,32.203],[117.605,32.239],[117.632,32.249],[117.697,32.249],[117.741,32.247],[117.791,32.22],[117.847,32.217],[117.852,32.106],[117.867,32.086],[117.842,32.042],[117.829,31.995],[117.866,31.954],[117.9,31.929],[117.952,31.906]]]]}},{"type":"Feature","properties":{"id":"341200","名称":"阜阳市","所属省":"安徽"},"geometry":{"type":"Polygon","coordinates":[[[115.509,32.469],[115.478,32.512],[115.444,32.543],[115.413,32.56],[115.329,32.561],[115.3,32.568],[115.299,32.588],[115.255,32.585],[115.23,32.579],[115.201,32.592],[115.201,32.633],[115.21,32.637],[115.205,32.673],[115.183,32.667],[115.179,32.702],[115.184,32.777],[115.206,32.798],[115.189,32.84],[115.176,32.856],[115.141,32.898],[115.067,32.903],[115.035,32.932],[114.96,32.94],[114.924,32.959],[114.885,32.993],[114.925,33.017],[114.915,33.06],[114.898,33.097],[114.927,33.139],[114.966,33.146],[114.99,33.103],[115.052,33.093],[115.153,33.084],[115.21,33.114],[115.266,33.133],[115.302,33.142],[115.326,33.211],[115.331,33.252],[115.335,33.298],[115.365,33.336],[115.342,33.371],[115.317,33.418],[115.323,33.449],[115.349,33.479],[115.367,33.523],[115.402,33.524],[115.474,33.557],[115.553,33.566],[115.64,33.585],[115.698,33.51],[115.769,33.49],[115.807,33.467],[115.897,33.401],[115.914,33.329],[115.928,33.299],[115.909,33.247],[115.877,33.248],[115.835,33.214],[115.824,33.151],[115.84,33.136],[115.872,33.103],[115.948,33.081],[116.01,33.044],[116.055,33.034],[116.052,32.995],[116.156,32.974],[116.179,32.923],[116.233,32.89],[116.293,32.859],[116.387,32.898],[116.39,32.857],[116.44,32.822],[116.449,32.789],[116.455,32.73],[116.46,32.681],[116.506,32.663],[116.538,32.615],[116.602,32.589],[116.614,32.545],[116.51,32.461],[116.472,32.438],[116.359,32.465],[116.264,32.495],[116.236,32.466],[116.191,32.454],[116.142,32.461],[116.091,32.539],[116.031,32.574],[115.952,32.591],[115.892,32.576],[115.84,32.525],[115.789,32.469],[115.767,32.492],[115.692,32.487],[115.676,32.466],[115.668,32.41],[115.646,32.418],[115.564,32.403],[115.547,32.425],[115.516,32.451],[115.509,32.469]]]}},{"type":"Feature","properties":{"id":"341300","名称":"宿州市","所属省":"安徽"},"geometry":{"type":"MultiPolygon","coordinates":[[[[116.604,34.021],[116.679,34.01],[116.731,34.016],[116.784,34.011],[116.808,34.012],[116.806,34.077],[116.834,34.066],[116.889,34.083],[116.93,34.081],[116.948,34.052],[116.972,34.026],[116.978,33.994],[116.991,33.962],[116.997,33.914],[116.958,33.848],[116.942,33.774],[116.932,33.739],[116.917,33.674],[116.87,33.662],[116.865,33.604],[116.937,33.58],[116.905,33.506],[116.929,33.471],[116.967,33.443],[116.969,33.412],[116.957,33.374],[116.924,33.347],[116.927,33.325],[116.954,33.287],[117.012,33.279],[117.099,33.308],[117.075,33.334],[117.085,33.365],[117.082,33.407],[117.126,33.381],[117.127,33.422],[117.16,33.458],[117.242,33.49],[117.32,33.476],[117.402,33.425],[117.484,33.346],[117.564,33.333],[117.624,33.345],[117.677,33.31],[117.728,33.285],[117.808,33.283],[117.853,33.304],[117.898,33.34],[117.973,33.33],[117.996,33.347],[118.028,33.391],[118.029,33.458],[118.108,33.475],[118.108,33.53],[118.168,33.664],[118.161,33.735],[118.149,33.746],[118.066,33.766],[118.031,33.74],[117.994,33.75],[117.954,33.751],[117.916,33.738],[117.888,33.723],[117.826,33.737],[117.753,33.712],[117.725,33.75],[117.752,33.813],[117.752,33.863],[117.741,33.892],[117.673,33.935],[117.666,33.999],[117.61,34.029],[117.598,33.997],[117.556,34.007],[117.537,34.045],[117.477,34.048],[117.406,34.03],[117.378,34.072],[117.311,34.068],[117.258,34.066],[117.193,34.069],[117.158,34.099],[117.124,34.128],[117.055,34.155],[117.032,34.156],[117.002,34.142],[116.982,34.167],[116.98,34.196],[117.008,34.233],[117.035,34.232],[117.007,34.257],[116.969,34.323],[116.961,34.363],[116.921,34.407],[116.849,34.389],[116.783,34.438],[116.723,34.473],[116.569,34.492],[116.595,34.511],[116.529,34.541],[116.492,34.571],[116.448,34.62],[116.383,34.639],[116.334,34.621],[116.286,34.609],[116.259,34.568],[116.217,34.575],[116.191,34.536],[116.179,34.496],[116.179,34.431],[116.21,34.39],[116.271,34.371],[116.33,34.33],[116.363,34.276],[116.406,34.276],[116.446,34.288],[116.512,34.297],[116.568,34.251],[116.543,34.219],[116.546,34.161],[116.541,34.11],[116.568,34.076],[116.596,34.04],[116.604,34.021]]]]}},{"type":"Feature","properties":{"id":"341500","名称":"六安市","所属省":"安徽"},"geometry":{"type":"MultiPolygon","coordinates":[[[[116.771,31.911],[116.688,31.903],[116.678,31.976],[116.571,32.02],[116.549,32.079],[116.527,32.152],[116.516,32.203],[116.522,32.261],[116.507,32.344],[116.492,32.396],[116.438,32.451],[116.333,32.51],[116.246,32.484],[116.223,32.459],[116.176,32.425],[116.125,32.471],[116.076,32.544],[116.022,32.592],[115.937,32.572],[115.878,32.544],[115.846,32.502],[115.884,32.489],[115.883,32.456],[115.889,32.413],[115.905,32.341],[115.911,32.284],[115.923,32.204],[115.94,32.147],[115.943,32.078],[115.928,32.036],[115.934,32.002],[115.909,31.943],[115.904,31.884],[115.904,31.829],[115.901,31.792],[115.85,31.787],[115.788,31.78],[115.734,31.776],[115.69,31.777],[115.619,31.738],[115.565,31.709],[115.495,31.673],[115.49,31.626],[115.428,31.563],[115.397,31.515],[115.378,31.471],[115.374,31.406],[115.382,31.357],[115.421,31.35],[115.458,31.282],[115.501,31.262],[115.54,31.232],[115.586,31.144],[115.636,31.2],[115.701,31.201],[115.764,31.118],[115.813,31.131],[115.869,31.148],[115.903,31.089],[115.942,31.061],[115.984,31.042],[116.015,31.012],[116.066,31.07],[116.119,31.087],[116.184,31.065],[116.261,31.082],[116.31,31.14],[116.359,31.174],[116.432,31.144],[116.482,31.137],[116.519,31.16],[116.557,31.172],[116.563,31.111],[116.535,31.044],[116.56,31.035],[116.595,31.054],[116.647,31.059],[116.689,31.049],[116.753,31.061],[116.806,31.082],[116.842,31.113],[116.895,31.133],[116.947,31.183],[116.998,31.256],[117.045,31.269],[117.07,31.322],[117.075,31.374],[117.149,31.483],[117.251,31.497],[117.22,31.54],[117.145,31.555],[117.112,31.54],[117.007,31.548],[116.987,31.534],[116.935,31.538],[116.83,31.519],[116.793,31.544],[116.767,31.589],[116.758,31.659],[116.752,31.729],[116.731,31.765],[116.714,31.792],[116.733,31.848],[116.714,31.879],[116.771,31.911]]]]}},{"type":"Feature","properties":{"id":"341600","名称":"亳州市","所属省":"安徽"},"geometry":{"type":"MultiPolygon","coordinates":[[[[116.394,33.783],[116.331,33.774],[116.285,33.75],[116.227,33.722],[116.155,33.71],[116.109,33.758],[116.073,33.794],[116.045,33.823],[116.057,33.851],[116.035,33.88],[115.987,33.901],[115.995,33.975],[115.92,34.011],[115.887,34.033],[115.846,34.012],[115.809,34.063],[115.769,34.062],[115.682,34.066],[115.65,34.036],[115.601,34.023],[115.591,33.986],[115.569,33.946],[115.568,33.907],[115.546,33.876],[115.592,33.868],[115.636,33.841],[115.623,33.812],[115.582,33.789],[115.575,33.752],[115.596,33.7],[115.602,33.658],[115.651,33.545],[115.721,33.511],[115.773,33.485],[115.832,33.451],[115.895,33.385],[115.921,33.323],[115.915,33.295],[115.918,33.243],[115.839,33.263],[115.845,33.194],[115.831,33.157],[115.844,33.125],[115.867,33.094],[115.981,33.071],[116.016,33.042],[116.052,33.021],[116.055,32.991],[116.168,32.967],[116.192,32.914],[116.245,32.885],[116.308,32.866],[116.395,32.891],[116.365,32.947],[116.382,33.005],[116.706,32.937],[116.748,32.979],[116.769,33],[116.802,33],[116.802,33.033],[116.749,33.075],[116.757,33.141],[116.805,33.156],[116.826,33.231],[116.802,33.304],[116.794,33.355],[116.805,33.423],[116.723,33.451],[116.642,33.478],[116.594,33.48],[116.536,33.481],[116.525,33.531],[116.548,33.57],[116.544,33.598],[116.481,33.654],[116.484,33.698],[116.46,33.734],[116.408,33.77],[116.394,33.783]]]]}},{"type":"Feature","properties":{"id":"341700","名称":"池州市","所属省":"安徽"},"geometry":{"type":"Polygon","coordinates":[[[116.674,29.71],[116.739,29.774],[116.79,29.795],[116.883,29.893],[116.888,29.969],[116.835,29.958],[116.787,30.02],[116.754,30.049],[116.842,30.147],[116.921,30.258],[116.91,30.333],[116.892,30.415],[116.936,30.44],[117.01,30.489],[117.164,30.475],[117.236,30.505],[117.248,30.589],[117.309,30.677],[117.399,30.691],[117.485,30.686],[117.645,30.777],[117.721,30.791],[117.749,30.779],[117.784,30.75],[117.842,30.774],[117.903,30.814],[117.954,30.818],[117.969,30.795],[118.052,30.759],[118.125,30.718],[118.106,30.663],[118.073,30.61],[117.997,30.571],[117.97,30.512],[117.946,30.455],[117.953,30.393],[117.94,30.335],[117.92,30.32],[117.886,30.293],[117.825,30.242],[117.853,30.192],[117.798,30.164],[117.683,30.133],[117.662,30.109],[117.631,30.099],[117.585,30.118],[117.571,30.102],[117.546,30.102],[117.544,30.087],[117.493,30.035],[117.412,30.03],[117.324,29.998],[117.26,29.985],[117.189,29.922],[117.128,29.895],[117.093,29.837],[117.128,29.796],[117.108,29.745],[117.071,29.694],[116.996,29.683],[116.918,29.634],[116.818,29.565],[116.787,29.591],[116.74,29.586],[116.689,29.604],[116.652,29.645],[116.673,29.688],[116.674,29.71]],[[116.699,29.708],[116.706,29.697],[116.703,29.71],[116.699,29.708]],[[116.707,29.697],[116.705,29.689],[116.717,29.691],[116.716,29.697],[116.707,29.697]],[[117.297,30.487],[117.256,30.454],[117.252,30.421],[117.293,30.441],[117.327,30.471],[117.297,30.487]]]}},{"type":"Feature","properties":{"id":"341800","名称":"宣城市","所属省":"安徽"},"geometry":{"type":"MultiPolygon","coordinates":[[[[118.869,30.101],[118.896,30.139],[118.856,30.148],[118.911,30.188],[118.903,30.218],[118.878,30.283],[118.908,30.331],[118.955,30.359],[118.988,30.349],[119.048,30.313],[119.09,30.324],[119.157,30.299],[119.223,30.3],[119.24,30.327],[119.29,30.35],[119.349,30.349],[119.403,30.374],[119.369,30.4],[119.35,30.439],[119.336,30.507],[119.288,30.513],[119.243,30.53],[119.265,30.582],[119.25,30.62],[119.312,30.621],[119.355,30.667],[119.396,30.679],[119.448,30.656],[119.48,30.737],[119.492,30.777],[119.561,30.829],[119.559,30.892],[119.582,30.947],[119.616,31.002],[119.635,31.064],[119.624,31.116],[119.582,31.109],[119.546,31.148],[119.495,31.164],[119.461,31.156],[119.415,31.173],[119.406,31.194],[119.366,31.196],[119.372,31.272],[119.35,31.282],[119.315,31.266],[119.25,31.262],[119.219,31.265],[119.2,31.294],[119.15,31.277],[119.107,31.251],[119.062,31.238],[119.015,31.242],[118.953,31.238],[118.87,31.242],[118.803,31.228],[118.761,31.278],[118.72,31.295],[118.692,31.309],[118.66,31.27],[118.668,31.225],[118.718,31.174],[118.69,31.125],[118.676,31.081],[118.627,31.021],[118.596,31.048],[118.582,30.982],[118.515,30.938],[118.49,30.9],[118.472,30.875],[118.498,30.86],[118.482,30.823],[118.485,30.79],[118.455,30.79],[118.43,30.814],[118.376,30.846],[118.319,30.822],[118.303,30.794],[118.277,30.743],[118.314,30.705],[118.268,30.714],[118.205,30.702],[118.101,30.641],[118.046,30.597],[117.987,30.538],[118.017,30.501],[118.09,30.517],[118.118,30.483],[118.125,30.424],[118.163,30.447],[118.186,30.465],[118.225,30.455],[118.223,30.424],[118.256,30.378],[118.3,30.37],[118.302,30.33],[118.312,30.293],[118.271,30.27],[118.287,30.233],[118.327,30.175],[118.355,30.112],[118.404,30.1],[118.478,30.076],[118.498,30.018],[118.52,29.999],[118.549,29.945],[118.606,29.972],[118.628,30.017],[118.695,30.037],[118.755,30.081],[118.85,30.11],[118.869,30.101]]]]}},{"type":"Feature","properties":{"id":"350100","名称":"福州市","所属省":"福建"},"geometry":{"type":"MultiPolygon","coordinates":[[[[119.8,26.547],[119.744,26.576],[119.682,26.559],[119.638,26.528],[119.596,26.541],[119.556,26.555],[119.507,26.607],[119.449,26.631],[119.415,26.623],[119.38,26.611],[119.344,26.598],[119.315,26.576],[119.285,26.57],[119.229,26.524],[119.196,26.569],[119.148,26.544],[119.112,26.551],[119.072,26.567],[119.074,26.593],[119.026,26.588],[118.994,26.554],[118.968,26.532],[118.94,26.494],[118.938,26.466],[118.869,26.456],[118.81,26.432],[118.805,26.483],[118.762,26.512],[118.736,26.471],[118.753,26.398],[118.794,26.34],[118.721,26.34],[118.697,26.291],[118.673,26.252],[118.631,26.235],[118.61,26.205],[118.574,26.186],[118.565,26.138],[118.584,26.099],[118.594,26.062],[118.553,26.058],[118.519,25.986],[118.521,25.957],[118.518,25.888],[118.48,25.904],[118.46,25.866],[118.417,25.899],[118.412,25.876],[118.393,25.825],[118.415,25.79],[118.448,25.718],[118.492,25.689],[118.543,25.672],[118.576,25.687],[118.605,25.685],[118.626,25.697],[118.668,25.709],[118.692,25.69],[118.723,25.67],[118.754,25.696],[118.806,25.71],[118.839,25.709],[118.883,25.702],[118.934,25.747],[118.955,25.733],[119.026,25.743],[119.077,25.749],[119.133,25.753],[119.144,25.71],[119.155,25.676],[119.134,25.633],[119.162,25.591],[119.157,25.584],[119.202,25.552],[119.244,25.528],[119.209,25.493],[119.256,25.479],[119.288,25.411],[119.35,25.505],[119.425,25.488],[119.441,25.459],[119.439,25.413],[119.463,25.448],[119.505,25.389],[119.501,25.366],[119.549,25.366],[119.579,25.401],[119.573,25.45],[119.583,25.38],[119.597,25.335],[119.659,25.354],[119.645,25.363],[119.656,25.397],[119.67,25.436],[119.64,25.429],[119.675,25.468],[119.686,25.44],[119.739,25.416],[119.762,25.418],[119.814,25.458],[119.855,25.451],[119.852,25.477],[119.816,25.494],[119.844,25.544],[119.89,25.566],[119.831,25.58],[119.788,25.615],[119.791,25.665],[119.719,25.622],[119.684,25.596],[119.713,25.536],[119.707,25.514],[119.679,25.484],[119.644,25.486],[119.614,25.505],[119.6,25.577],[119.571,25.582],[119.54,25.629],[119.504,25.625],[119.489,25.668],[119.583,25.679],[119.612,25.727],[119.628,25.768],[119.643,25.892],[119.715,25.963],[119.7,26.032],[119.654,26.09],[119.619,26.12],[119.626,26.18],[119.68,26.229],[119.676,26.263],[119.798,26.268],[119.807,26.308],[119.877,26.31],[119.934,26.335],[119.913,26.361],[119.862,26.391],[119.819,26.505],[119.8,26.547]]],[[[120.496,26.372],[120.473,26.368],[120.498,26.352],[120.501,26.377],[120.496,26.372]]],[[[119.9,25.582],[119.896,25.601],[119.884,25.588],[119.9,25.582]]],[[[119.58,25.627],[119.613,25.669],[119.568,25.646],[119.58,25.627]]],[[[120.006,26.215],[119.988,26.224],[119.981,26.208],[120.006,26.215]]],[[[119.968,25.945],[119.979,25.952],[119.993,25.965],[119.977,25.965],[119.968,25.956],[119.968,25.945]]],[[[119.705,25.353],[119.727,25.357],[119.736,25.363],[119.727,25.369],[119.725,25.379],[119.717,25.372],[119.698,25.367],[119.705,25.353]]],[[[119.694,25.304],[119.705,25.334],[119.691,25.315],[119.694,25.304]]],[[[119.93,26.134],[119.96,26.147],[119.929,26.16],[119.913,26.14],[119.93,26.134]]],[[[119.643,26.129],[119.643,26.157],[119.619,26.139],[119.643,26.129]]],[[[119.884,26.411],[119.893,26.415],[119.886,26.42],[119.884,26.411]]],[[[119.474,25.331],[119.488,25.33],[119.486,25.337],[119.489,25.351],[119.472,25.345],[119.466,25.334],[119.474,25.331]]],[[[119.662,25.647],[119.703,25.64],[119.706,25.656],[119.662,25.647]]],[[[119.673,25.757],[119.683,25.763],[119.672,25.766],[119.673,25.757]]],[[[119.676,26.124],[119.684,26.141],[119.676,26.142],[119.662,26.134],[119.677,26.113],[119.676,26.124]]],[[[119.757,25.299],[119.764,25.29],[119.768,25.299],[119.757,25.299]]],[[[119.916,26.418],[119.907,26.407],[119.919,26.409],[119.916,26.418]]],[[[119.999,26.24],[120.011,26.247],[120.003,26.247],[119.999,26.24]]],[[[119.937,25.964],[119.953,25.976],[119.949,25.98],[119.93,25.979],[119.929,25.972],[119.937,25.964]]],[[[119.64,25.672],[119.641,25.668],[119.66,25.68],[119.644,25.677],[119.64,25.672]]],[[[119.39,25.435],[119.399,25.437],[119.397,25.444],[119.39,25.435]]],[[[119.636,26.115],[119.644,26.109],[119.648,26.118],[119.637,26.12],[119.636,26.115]]],[[[119.987,26.263],[119.995,26.266],[119.994,26.28],[119.982,26.268],[119.987,26.263]]],[[[120.222,26.332],[120.234,26.342],[120.224,26.339],[120.222,26.332]]],[[[119.649,25.665],[119.648,25.655],[119.664,25.655],[119.672,25.661],[119.661,25.673],[119.649,25.665]]],[[[119.58,25.668],[119.582,25.662],[119.591,25.674],[119.58,25.668]]]]}},{"type":"Feature","properties":{"id":"350200","名称":"厦门市","所属省":"福建"},"geometry":{"type":"MultiPolygon","coordinates":[[[[118.049,24.418],[118.098,24.548],[118.162,24.572],[118.29,24.523],[118.374,24.548],[118.356,24.576],[118.332,24.598],[118.347,24.631],[118.339,24.674],[118.337,24.718],[118.335,24.753],[118.335,24.775],[118.301,24.826],[118.243,24.825],[118.197,24.866],[118.177,24.893],[118.126,24.889],[118.078,24.854],[118.059,24.866],[118.009,24.893],[118.014,24.88],[117.999,24.86],[117.936,24.866],[117.925,24.864],[117.959,24.824],[117.941,24.742],[117.958,24.666],[117.892,24.612],[117.909,24.555],[117.938,24.513],[117.964,24.444],[118.005,24.419],[118.049,24.418]]],[[[118.204,24.505],[118.156,24.548],[118.089,24.532],[118.089,24.431],[118.156,24.434],[118.204,24.505]]],[[[118.379,24.555],[118.384,24.552],[118.395,24.554],[118.385,24.56],[118.379,24.555]]],[[[118.071,24.435],[118.078,24.439],[118.075,24.447],[118.062,24.453],[118.056,24.445],[118.063,24.437],[118.071,24.435]]]]}},{"type":"Feature","properties":{"id":"350300","名称":"莆田市","所属省":"福建"},"geometry":{"type":"MultiPolygon","coordinates":[[[[118.9,25.241],[118.949,25.265],[119.014,25.274],[118.997,25.266],[118.978,25.223],[119.02,25.211],[119.072,25.191],[119.028,25.165],[119.052,25.113],[119.142,25.097],[119.113,25.052],[119.107,25.033],[119.126,25.021],[119.158,25.092],[119.146,25.147],[119.119,25.176],[119.138,25.225],[119.22,25.187],[119.294,25.178],[119.302,25.204],[119.341,25.241],[119.37,25.271],[119.299,25.329],[119.248,25.334],[119.227,25.345],[119.171,25.376],[119.146,25.405],[119.197,25.425],[119.213,25.472],[119.243,25.514],[119.204,25.545],[119.167,25.574],[119.169,25.593],[119.151,25.619],[119.146,25.676],[119.152,25.7],[119.152,25.745],[119.088,25.755],[119.041,25.742],[118.951,25.713],[118.942,25.748],[118.905,25.722],[118.854,25.704],[118.801,25.712],[118.76,25.689],[118.73,25.668],[118.707,25.683],[118.677,25.701],[118.632,25.698],[118.605,25.697],[118.584,25.678],[118.567,25.681],[118.531,25.642],[118.531,25.602],[118.492,25.547],[118.474,25.491],[118.471,25.467],[118.488,25.404],[118.518,25.372],[118.522,25.334],[118.536,25.321],[118.572,25.287],[118.626,25.294],[118.663,25.28],[118.662,25.266],[118.685,25.245],[118.692,25.212],[118.678,25.178],[118.718,25.169],[118.765,25.195],[118.801,25.221],[118.85,25.217],[118.9,25.241]]],[[[119.471,25.197],[119.524,25.158],[119.555,25.193],[119.555,25.203],[119.515,25.215],[119.489,25.247],[119.468,25.246],[119.447,25.223],[119.471,25.197]]],[[[119.58,25.264],[119.578,25.27],[119.571,25.259],[119.58,25.264]]],[[[119.372,25.115],[119.378,25.12],[119.37,25.129],[119.367,25.118],[119.372,25.115]]],[[[119.517,25.265],[119.531,25.266],[119.525,25.279],[119.519,25.279],[119.512,25.267],[119.517,25.265]]],[[[119.048,25.102],[119.05,25.095],[119.058,25.103],[119.048,25.102]]],[[[119.592,25.187],[119.602,25.188],[119.595,25.195],[119.592,25.187]]],[[[119.342,25.312],[119.349,25.319],[119.345,25.324],[119.338,25.316],[119.342,25.312]]],[[[119.579,25.248],[119.588,25.241],[119.585,25.251],[119.579,25.248]]],[[[119.018,25.173],[119.027,25.172],[119.036,25.184],[119.033,25.189],[119.016,25.182],[119.018,25.173]]],[[[119.368,25.326],[119.377,25.328],[119.363,25.334],[119.368,25.326]]],[[[119.461,24.982],[119.46,24.992],[119.45,24.995],[119.461,24.982]]]]}},{"type":"Feature","properties":{"id":"350400","名称":"三明市","所属省":"福建"},"geometry":{"type":"MultiPolygon","coordinates":[[[[117.718,25.512],[117.753,25.508],[117.798,25.478],[117.82,25.517],[117.864,25.496],[117.942,25.524],[117.994,25.537],[118.034,25.588],[118.038,25.628],[117.993,25.62],[117.968,25.644],[117.937,25.658],[117.969,25.681],[118.01,25.724],[117.983,25.76],[118.011,25.796],[118.03,25.823],[118.031,25.864],[118.085,25.865],[118.104,25.892],[118.177,25.9],[118.216,25.898],[118.268,25.899],[118.285,25.931],[118.337,25.917],[118.361,25.918],[118.41,25.889],[118.436,25.919],[118.477,25.882],[118.507,25.896],[118.52,25.925],[118.52,25.969],[118.522,26.042],[118.592,26.052],[118.592,26.076],[118.587,26.132],[118.568,26.176],[118.587,26.209],[118.599,26.227],[118.663,26.228],[118.634,26.272],[118.599,26.305],[118.564,26.336],[118.526,26.336],[118.468,26.346],[118.428,26.37],[118.454,26.387],[118.409,26.394],[118.35,26.405],[118.323,26.42],[118.311,26.431],[118.29,26.415],[118.263,26.4],[118.225,26.41],[118.19,26.381],[118.154,26.38],[118.113,26.394],[118.083,26.424],[118.058,26.461],[118.03,26.478],[118.038,26.512],[117.993,26.54],[117.979,26.578],[117.95,26.564],[117.9,26.571],[117.862,26.583],[117.869,26.623],[117.848,26.66],[117.827,26.668],[117.792,26.666],[117.745,26.659],[117.683,26.644],[117.669,26.657],[117.606,26.698],[117.624,26.726],[117.656,26.768],[117.653,26.82],[117.62,26.872],[117.579,26.923],[117.525,26.925],[117.508,26.952],[117.534,26.995],[117.485,27.009],[117.458,27.003],[117.448,27.03],[117.438,27.058],[117.383,27.069],[117.329,27.107],[117.276,27.126],[117.281,27.091],[117.261,27.047],[117.225,27.05],[117.161,27.11],[117.103,27.107],[117.064,27.11],[116.968,27.062],[116.91,27.035],[116.851,27.009],[116.757,26.984],[116.659,26.962],[116.557,26.852],[116.548,26.791],[116.538,26.737],[116.545,26.66],[116.562,26.621],[116.541,26.556],[116.587,26.52],[116.597,26.485],[116.63,26.46],[116.604,26.406],[116.584,26.366],[116.554,26.4],[116.519,26.41],[116.495,26.369],[116.439,26.321],[116.422,26.291],[116.396,26.245],[116.4,26.204],[116.436,26.16],[116.482,26.16],[116.477,26.103],[116.418,26.055],[116.439,26.016],[116.481,25.975],[116.582,25.981],[116.629,26.014],[116.651,25.961],[116.683,25.93],[116.737,25.9],[116.779,25.86],[116.783,25.812],[116.875,25.818],[116.924,25.856],[116.986,25.854],[117.056,25.786],[117.065,25.736],[117.069,25.708],[117.08,25.668],[117.133,25.65],[117.168,25.596],[117.212,25.57],[117.221,25.604],[117.284,25.665],[117.249,25.687],[117.307,25.741],[117.354,25.786],[117.383,25.727],[117.402,25.69],[117.436,25.666],[117.473,25.727],[117.49,25.733],[117.507,25.703],[117.549,25.705],[117.588,25.667],[117.646,25.671],[117.719,25.59],[117.705,25.56],[117.692,25.511],[117.718,25.512]]]]}},{"type":"Feature","properties":{"id":"350500","名称":"泉州市","所属省":"福建"},"geometry":{"type":"MultiPolygon","coordinates":[[[[118.9,25.241],[118.85,25.217],[118.801,25.221],[118.765,25.195],[118.718,25.169],[118.678,25.178],[118.692,25.212],[118.685,25.245],[118.662,25.266],[118.663,25.28],[118.626,25.294],[118.572,25.287],[118.536,25.321],[118.522,25.334],[118.518,25.372],[118.488,25.404],[118.471,25.467],[118.474,25.491],[118.492,25.547],[118.531,25.602],[118.531,25.642],[118.51,25.675],[118.454,25.721],[118.418,25.769],[118.382,25.814],[118.421,25.855],[118.396,25.9],[118.36,25.93],[118.318,25.913],[118.275,25.93],[118.248,25.896],[118.209,25.898],[118.156,25.908],[118.097,25.887],[118.064,25.848],[118.015,25.857],[118.026,25.831],[118.006,25.77],[117.976,25.761],[118.015,25.719],[117.96,25.672],[117.942,25.651],[117.977,25.629],[118.004,25.617],[118.043,25.62],[118.035,25.579],[117.98,25.531],[117.932,25.511],[117.853,25.488],[117.805,25.509],[117.787,25.482],[117.743,25.505],[117.715,25.491],[117.698,25.456],[117.692,25.391],[117.662,25.336],[117.605,25.284],[117.614,25.222],[117.555,25.212],[117.582,25.175],[117.621,25.148],[117.671,25.099],[117.722,25.078],[117.738,25.037],[117.701,25.005],[117.654,24.997],[117.604,24.948],[117.615,24.898],[117.645,24.859],[117.712,24.864],[117.763,24.868],[117.79,24.857],[117.822,24.858],[117.85,24.874],[117.894,24.887],[117.93,24.875],[117.971,24.848],[118.012,24.875],[117.997,24.9],[118.042,24.883],[118.073,24.862],[118.114,24.875],[118.162,24.898],[118.197,24.88],[118.232,24.826],[118.284,24.832],[118.323,24.784],[118.337,24.771],[118.332,24.729],[118.339,24.682],[118.343,24.642],[118.33,24.605],[118.353,24.585],[118.392,24.574],[118.445,24.615],[118.556,24.563],[118.566,24.521],[118.614,24.522],[118.657,24.555],[118.68,24.582],[118.667,24.621],[118.656,24.67],[118.703,24.666],[118.742,24.699],[118.747,24.724],[118.776,24.741],[118.736,24.784],[118.713,24.809],[118.65,24.809],[118.688,24.857],[118.705,24.844],[118.751,24.845],[118.82,24.869],[118.838,24.876],[118.896,24.884],[118.958,24.871],[118.956,24.897],[118.918,24.924],[118.984,24.938],[119.032,24.961],[118.998,24.969],[119.012,25.026],[118.999,25.056],[118.96,25.022],[118.889,25.084],[118.938,25.098],[118.954,25.127],[118.984,25.195],[118.942,25.211],[118.9,25.241]]],[[[118.412,24.514],[118.39,24.475],[118.319,24.487],[118.312,24.425],[118.294,24.401],[118.34,24.39],[118.416,24.422],[118.458,24.412],[118.477,24.438],[118.474,24.477],[118.43,24.521],[118.412,24.514]]],[[[118.23,24.401],[118.27,24.421],[118.229,24.428],[118.23,24.401]]],[[[119.004,25.182],[119.001,25.186],[118.994,25.173],[119.004,25.182]]],[[[119.028,25.03],[119.037,25.032],[119.027,25.041],[119.028,25.03]]]]}},{"type":"Feature","properties":{"id":"350600","名称":"漳州市","所属省":"福建"},"geometry":{"type":"MultiPolygon","coordinates":[[[[116.904,24.37],[116.909,24.33],[116.918,24.283],[116.939,24.24],[116.976,24.2],[116.979,24.162],[116.935,24.127],[116.952,24.055],[116.954,24.006],[116.975,23.991],[116.973,23.927],[116.973,23.895],[116.962,23.861],[117.012,23.855],[117.02,23.801],[117.051,23.737],[117.067,23.689],[117.125,23.646],[117.174,23.635],[117.272,23.566],[117.318,23.549],[117.442,23.571],[117.456,23.606],[117.501,23.651],[117.503,23.705],[117.59,23.702],[117.639,23.768],[117.659,23.852],[117.763,23.887],[117.808,23.947],[117.89,24.005],[117.925,24.075],[117.991,24.143],[118.039,24.199],[118.116,24.229],[118.153,24.256],[118.146,24.306],[118.121,24.347],[118.076,24.361],[118.049,24.418],[117.985,24.433],[117.962,24.48],[117.912,24.533],[117.886,24.59],[117.93,24.633],[117.956,24.709],[117.955,24.766],[117.956,24.845],[117.899,24.875],[117.864,24.878],[117.825,24.866],[117.797,24.865],[117.77,24.869],[117.718,24.874],[117.658,24.854],[117.617,24.877],[117.607,24.93],[117.655,24.981],[117.695,24.992],[117.737,25.026],[117.727,25.071],[117.677,25.088],[117.627,25.138],[117.597,25.171],[117.556,25.194],[117.535,25.201],[117.495,25.165],[117.482,25.12],[117.492,25.024],[117.484,24.958],[117.384,24.985],[117.318,24.968],[117.294,24.984],[117.237,24.962],[117.237,24.923],[117.184,24.926],[117.172,24.866],[117.138,24.785],[117.072,24.808],[117.052,24.793],[117.019,24.709],[117.047,24.653],[117.015,24.616],[117.006,24.544],[116.933,24.534],[116.912,24.516],[116.944,24.432],[116.904,24.37]]],[[[117.712,23.773],[117.718,23.77],[117.724,23.776],[117.708,23.779],[117.712,23.773]]],[[[117.684,23.785],[117.693,23.775],[117.69,23.784],[117.684,23.785]]],[[[118.151,24.318],[118.156,24.331],[118.146,24.339],[118.151,24.318]]],[[[117.669,23.791],[117.677,23.788],[117.671,23.803],[117.669,23.791]]]]}},{"type":"Feature","properties":{"id":"350700","名称":"南平市","所属省":"福建"},"geometry":{"type":"MultiPolygon","coordinates":[[[[119.262,27.421],[119.223,27.417],[119.168,27.425],[119.129,27.432],[119.131,27.463],[119.073,27.472],[119.021,27.498],[118.99,27.489],[118.949,27.456],[118.898,27.479],[118.874,27.518],[118.889,27.547],[118.903,27.592],[118.903,27.624],[118.875,27.683],[118.9,27.705],[118.871,27.737],[118.852,27.796],[118.826,27.847],[118.82,27.895],[118.767,27.942],[118.733,27.991],[118.733,28.036],[118.743,28.088],[118.785,28.107],[118.798,28.169],[118.769,28.186],[118.812,28.226],[118.741,28.267],[118.719,28.312],[118.667,28.27],[118.623,28.257],[118.569,28.285],[118.53,28.27],[118.493,28.263],[118.46,28.244],[118.43,28.279],[118.374,28.266],[118.339,28.236],[118.34,28.194],[118.379,28.167],[118.357,28.124],[118.339,28.088],[118.254,28.069],[118.2,28.05],[118.121,28.042],[118.094,28.002],[118.074,27.968],[118.034,27.988],[117.986,27.972],[117.933,27.967],[117.867,27.938],[117.815,27.921],[117.782,27.866],[117.754,27.812],[117.706,27.833],[117.65,27.852],[117.596,27.899],[117.587,27.942],[117.564,27.957],[117.522,27.982],[117.475,27.93],[117.405,27.893],[117.367,27.882],[117.333,27.862],[117.303,27.872],[117.294,27.843],[117.306,27.776],[117.268,27.74],[117.228,27.719],[117.173,27.678],[117.107,27.686],[117.106,27.642],[117.079,27.651],[117.022,27.643],[117.017,27.612],[117.02,27.557],[117.074,27.56],[117.103,27.533],[117.112,27.475],[117.133,27.422],[117.099,27.379],[117.13,27.322],[117.157,27.302],[117.154,27.261],[117.116,27.208],[117.069,27.175],[117.053,27.101],[117.097,27.107],[117.15,27.108],[117.2,27.059],[117.255,27.035],[117.285,27.076],[117.272,27.114],[117.325,27.114],[117.383,27.099],[117.439,27.065],[117.445,27.043],[117.452,27.005],[117.485,27.023],[117.53,27.004],[117.532,26.96],[117.514,26.92],[117.562,26.923],[117.613,26.873],[117.642,26.836],[117.671,26.784],[117.63,26.736],[117.594,26.703],[117.645,26.656],[117.679,26.637],[117.727,26.663],[117.779,26.667],[117.819,26.672],[117.859,26.675],[117.871,26.631],[117.866,26.597],[117.884,26.564],[117.94,26.574],[117.982,26.568],[117.995,26.552],[118.021,26.508],[118.038,26.488],[118.058,26.469],[118.067,26.427],[118.092,26.396],[118.136,26.366],[118.181,26.389],[118.215,26.405],[118.254,26.394],[118.279,26.422],[118.307,26.438],[118.333,26.426],[118.345,26.416],[118.393,26.394],[118.454,26.403],[118.427,26.38],[118.454,26.339],[118.518,26.352],[118.556,26.342],[118.591,26.317],[118.63,26.289],[118.669,26.243],[118.652,26.32],[118.629,26.359],[118.593,26.351],[118.562,26.387],[118.566,26.434],[118.602,26.477],[118.615,26.54],[118.581,26.565],[118.594,26.638],[118.589,26.675],[118.581,26.701],[118.613,26.736],[118.638,26.795],[118.649,26.855],[118.69,26.865],[118.703,26.906],[118.697,26.96],[118.747,26.95],[118.804,26.976],[118.842,27.014],[118.88,27.054],[118.924,27.112],[118.957,27.127],[118.932,27.145],[118.937,27.175],[118.992,27.127],[119.014,27.096],[119.06,27.098],[119.108,27.074],[119.134,27.071],[119.161,27.108],[119.205,27.126],[119.175,27.169],[119.207,27.232],[119.256,27.205],[119.233,27.235],[119.208,27.275],[119.236,27.321],[119.255,27.349],[119.274,27.387],[119.262,27.421]]]]}},{"type":"Feature","properties":{"id":"350800","名称":"龙岩市","所属省":"福建"},"geometry":{"type":"MultiPolygon","coordinates":[[[[116.4,26.033],[116.36,25.991],[116.326,25.957],[116.281,25.914],[116.225,25.909],[116.17,25.877],[116.132,25.824],[116.182,25.776],[116.166,25.766],[116.118,25.733],[116.083,25.696],[116.056,25.682],[116.067,25.634],[116.047,25.617],[116.063,25.563],[116.037,25.515],[116.007,25.474],[116.022,25.421],[116.008,25.393],[115.992,25.345],[116.008,25.321],[115.975,25.29],[115.949,25.266],[115.902,25.231],[115.856,25.209],[115.853,25.164],[115.885,25.142],[115.884,25.103],[115.914,25.061],[115.912,25.043],[115.877,25.003],[115.925,24.961],[115.892,24.97],[115.884,24.951],[115.955,24.919],[116.003,24.896],[116.043,24.871],[116.083,24.854],[116.139,24.845],[116.201,24.858],[116.229,24.826],[116.233,24.801],[116.3,24.803],[116.344,24.828],[116.375,24.869],[116.407,24.853],[116.384,24.791],[116.415,24.756],[116.456,24.714],[116.505,24.667],[116.553,24.613],[116.597,24.654],[116.667,24.659],[116.742,24.667],[116.815,24.655],[116.787,24.615],[116.756,24.555],[116.779,24.528],[116.813,24.484],[116.852,24.453],[116.856,24.424],[116.885,24.396],[116.935,24.39],[116.917,24.49],[116.936,24.522],[116.997,24.541],[117.025,24.602],[117.043,24.634],[117.027,24.694],[117.028,24.78],[117.069,24.822],[117.102,24.79],[117.169,24.826],[117.189,24.904],[117.227,24.909],[117.235,24.954],[117.287,24.991],[117.307,24.968],[117.37,24.974],[117.445,24.96],[117.491,25.017],[117.503,25.109],[117.485,25.165],[117.529,25.186],[117.555,25.212],[117.614,25.222],[117.605,25.284],[117.662,25.336],[117.692,25.391],[117.698,25.456],[117.715,25.491],[117.688,25.519],[117.726,25.548],[117.696,25.624],[117.635,25.666],[117.594,25.674],[117.542,25.723],[117.498,25.709],[117.488,25.739],[117.47,25.72],[117.406,25.659],[117.396,25.734],[117.377,25.748],[117.349,25.78],[117.285,25.737],[117.255,25.683],[117.254,25.643],[117.216,25.591],[117.197,25.559],[117.159,25.613],[117.105,25.657],[117.072,25.684],[117.061,25.721],[117.058,25.747],[117.036,25.811],[116.971,25.847],[116.905,25.85],[116.865,25.797],[116.778,25.819],[116.756,25.848],[116.72,25.907],[116.674,25.931],[116.645,25.969],[116.625,25.993],[116.553,25.99],[116.481,25.999],[116.419,26.021],[116.4,26.033]]]]}},{"type":"Feature","properties":{"id":"350900","名称":"宁德市","所属省":"福建"},"geometry":{"type":"MultiPolygon","coordinates":[[[[119.8,26.547],[119.788,26.583],[119.728,26.614],[119.67,26.618],[119.608,26.594],[119.62,26.649],[119.633,26.699],[119.657,26.728],[119.695,26.697],[119.81,26.684],[119.858,26.66],[119.901,26.672],[119.913,26.713],[119.925,26.77],[119.969,26.786],[120.029,26.782],[120.041,26.749],[119.994,26.721],[119.971,26.668],[119.949,26.625],[119.902,26.625],[119.844,26.569],[119.829,26.524],[119.894,26.514],[119.939,26.556],[119.968,26.598],[120.06,26.626],[120.104,26.62],[120.131,26.662],[120.128,26.705],[120.15,26.735],[120.114,26.743],[120.136,26.798],[120.094,26.815],[120.064,26.824],[120.071,26.864],[120.122,26.896],[120.138,26.915],[120.19,26.915],[120.237,26.918],[120.251,26.973],[120.274,27.028],[120.3,27.04],[120.287,27.094],[120.359,27.086],[120.426,27.112],[120.426,27.174],[120.414,27.231],[120.422,27.251],[120.383,27.313],[120.355,27.354],[120.332,27.396],[120.303,27.392],[120.264,27.418],[120.222,27.42],[120.166,27.425],[120.129,27.392],[120.097,27.38],[120.028,27.342],[120.005,27.377],[119.964,27.36],[119.944,27.314],[119.888,27.313],[119.871,27.315],[119.845,27.307],[119.81,27.305],[119.77,27.323],[119.769,27.345],[119.751,27.373],[119.725,27.401],[119.686,27.438],[119.71,27.462],[119.709,27.514],[119.659,27.54],[119.645,27.578],[119.647,27.64],[119.606,27.675],[119.567,27.664],[119.542,27.664],[119.511,27.654],[119.489,27.599],[119.475,27.539],[119.433,27.513],[119.377,27.535],[119.335,27.48],[119.262,27.421],[119.275,27.379],[119.247,27.345],[119.229,27.313],[119.212,27.263],[119.246,27.239],[119.247,27.201],[119.201,27.209],[119.188,27.17],[119.205,27.115],[119.16,27.092],[119.136,27.056],[119.094,27.083],[119.046,27.107],[119.001,27.097],[118.988,27.159],[118.93,27.169],[118.935,27.138],[118.958,27.117],[118.916,27.097],[118.874,27.035],[118.845,27.001],[118.793,26.965],[118.735,26.956],[118.681,26.963],[118.698,26.888],[118.673,26.86],[118.632,26.852],[118.625,26.787],[118.605,26.727],[118.582,26.693],[118.599,26.669],[118.587,26.628],[118.591,26.553],[118.615,26.524],[118.588,26.475],[118.566,26.429],[118.563,26.367],[118.598,26.351],[118.641,26.355],[118.666,26.294],[118.697,26.291],[118.721,26.34],[118.794,26.34],[118.753,26.398],[118.736,26.471],[118.762,26.512],[118.805,26.483],[118.81,26.432],[118.855,26.439],[118.906,26.478],[118.954,26.483],[118.948,26.511],[118.995,26.529],[119.014,26.573],[119.051,26.597],[119.065,26.579],[119.1,26.575],[119.135,26.542],[119.167,26.549],[119.215,26.546],[119.254,26.549],[119.316,26.591],[119.335,26.585],[119.361,26.599],[119.388,26.623],[119.409,26.634],[119.474,26.631],[119.524,26.574],[119.566,26.547],[119.61,26.527],[119.665,26.536],[119.729,26.559],[119.783,26.567],[119.8,26.547]]],[[[118.825,26.433],[118.817,26.436],[118.81,26.432],[118.828,26.426],[118.825,26.433]]],[[[120.713,26.988],[120.713,26.975],[120.721,26.975],[120.726,26.991],[120.713,26.988]]],[[[120.694,27.003],[120.695,26.993],[120.706,26.998],[120.708,27.007],[120.696,27.009],[120.694,27.003]]],[[[120.249,26.934],[120.248,26.914],[120.265,26.917],[120.268,26.925],[120.258,26.924],[120.27,26.936],[120.258,26.93],[120.249,26.934]]],[[[120.318,26.931],[120.324,26.934],[120.309,26.939],[120.284,26.93],[120.294,26.924],[120.315,26.923],[120.318,26.931]]],[[[119.808,26.674],[119.813,26.665],[119.827,26.674],[119.809,26.682],[119.798,26.684],[119.808,26.674]]],[[[120.351,26.641],[120.369,26.635],[120.356,26.647],[120.351,26.641]]],[[[119.907,26.69],[119.927,26.665],[119.944,26.684],[119.907,26.69]]],[[[119.801,26.567],[119.814,26.56],[119.817,26.573],[119.801,26.567]]],[[[120.349,26.701],[120.344,26.696],[120.35,26.69],[120.372,26.699],[120.359,26.709],[120.349,26.701]]],[[[120.034,26.489],[120.072,26.521],[120.036,26.516],[120.034,26.489]]],[[[120.15,26.556],[120.148,26.552],[120.165,26.555],[120.157,26.562],[120.15,26.556]]],[[[120.137,26.684],[120.14,26.692],[120.125,26.697],[120.125,26.689],[120.137,26.684]]],[[[120.133,26.53],[120.147,26.528],[120.154,26.533],[120.147,26.544],[120.138,26.542],[120.14,26.536],[120.133,26.53]]],[[[120.374,26.96],[120.377,26.953],[120.392,26.959],[120.374,26.96]]],[[[120.003,26.544],[119.998,26.534],[120.003,26.533],[120.011,26.543],[120.002,26.552],[120.003,26.544]]],[[[119.761,26.613],[119.798,26.611],[119.76,26.621],[119.761,26.613]]],[[[119.797,26.6],[119.808,26.6],[119.801,26.606],[119.797,26.6]]],[[[120.404,27.096],[120.421,27.097],[120.425,27.105],[120.413,27.103],[120.404,27.096]]],[[[120.136,26.551],[120.171,26.599],[120.135,26.581],[120.136,26.551]]],[[[120.22,26.872],[120.229,26.877],[120.225,26.887],[120.215,26.878],[120.22,26.872]]],[[[120.134,26.49],[120.135,26.483],[120.146,26.49],[120.144,26.498],[120.134,26.49]]],[[[120.361,26.917],[120.38,26.94],[120.321,26.956],[120.361,26.917]]],[[[120.141,26.799],[120.145,26.792],[120.161,26.788],[120.162,26.803],[120.15,26.804],[120.141,26.799]]],[[[119.668,26.628],[119.763,26.675],[119.674,26.681],[119.659,26.634],[119.668,26.628]]],[[[119.778,26.676],[119.789,26.68],[119.791,26.689],[119.778,26.685],[119.778,26.676]]]]}},{"type":"Feature","properties":{"id":"360100","名称":"南昌市","所属省":"江西"},"geometry":{"type":"MultiPolygon","coordinates":[[[[115.476,29.006],[115.48,28.961],[115.523,28.892],[115.506,28.833],[115.482,28.811],[115.454,28.766],[115.439,28.76],[115.473,28.725],[115.527,28.739],[115.546,28.708],[115.544,28.649],[115.547,28.621],[115.553,28.58],[115.566,28.566],[115.572,28.515],[115.546,28.481],[115.551,28.41],[115.553,28.387],[115.588,28.399],[115.617,28.409],[115.655,28.381],[115.622,28.346],[115.67,28.346],[115.668,28.363],[115.692,28.368],[115.757,28.369],[115.801,28.38],[115.848,28.382],[115.879,28.287],[115.93,28.315],[115.95,28.281],[115.995,28.288],[116.073,28.289],[116.111,28.246],[116.156,28.223],[116.182,28.181],[116.233,28.189],[116.307,28.219],[116.352,28.233],[116.376,28.221],[116.445,28.249],[116.497,28.304],[116.521,28.378],[116.566,28.437],[116.555,28.497],[116.474,28.584],[116.449,28.654],[116.447,28.701],[116.38,28.744],[116.34,28.75],[116.302,28.786],[116.246,28.802],[116.238,28.851],[116.279,28.866],[116.344,28.888],[116.404,28.954],[116.41,29.032],[116.291,29.109],[116.274,29.046],[116.25,28.999],[116.236,29.026],[116.166,29.054],[116.174,29.118],[116.086,29.113],[116.003,29.111],[115.938,29.09],[115.915,29.042],[115.867,28.981],[115.82,28.966],[115.816,28.91],[115.756,28.896],[115.727,28.93],[115.665,28.937],[115.661,28.949],[115.619,28.963],[115.513,29.018],[115.476,29.006]]]]}},{"type":"Feature","properties":{"id":"360200","名称":"景德镇市","所属省":"江西"},"geometry":{"type":"MultiPolygon","coordinates":[[[[117.708,29.549],[117.679,29.596],[117.628,29.606],[117.558,29.59],[117.523,29.629],[117.474,29.668],[117.443,29.759],[117.425,29.835],[117.356,29.814],[117.326,29.844],[117.278,29.825],[117.257,29.86],[117.217,29.927],[117.149,29.911],[117.128,29.862],[117.076,29.823],[117.135,29.772],[117.113,29.712],[117.078,29.65],[117.026,29.608],[117.051,29.532],[117.042,29.455],[117.067,29.412],[117.05,29.37],[117.079,29.31],[117.028,29.288],[117.02,29.252],[117.024,29.191],[117.058,29.149],[117.07,29.113],[117.049,29.094],[117.033,29.027],[117.013,28.976],[116.974,28.929],[116.964,28.887],[117.04,28.819],[117.09,28.801],[117.136,28.798],[117.159,28.782],[117.192,28.741],[117.237,28.747],[117.263,28.726],[117.306,28.76],[117.358,28.768],[117.388,28.783],[117.396,28.829],[117.45,28.842],[117.511,28.826],[117.545,28.818],[117.554,28.899],[117.513,28.93],[117.483,28.964],[117.497,28.989],[117.494,29.022],[117.503,29.07],[117.482,29.133],[117.463,29.158],[117.428,29.136],[117.373,29.19],[117.403,29.246],[117.437,29.298],[117.49,29.353],[117.498,29.403],[117.51,29.436],[117.535,29.431],[117.578,29.462],[117.596,29.47],[117.633,29.505],[117.665,29.528],[117.708,29.549]]]]}},{"type":"Feature","properties":{"id":"360300","名称":"萍乡市","所属省":"江西"},"geometry":{"type":"MultiPolygon","coordinates":[[[[113.921,26.96],[113.96,27.021],[113.997,27.056],[114.004,27.095],[114.073,27.154],[114.095,27.209],[114.158,27.253],[114.142,27.319],[114.071,27.341],[114.039,27.381],[114.031,27.417],[114.07,27.436],[114.144,27.431],[114.181,27.466],[114.202,27.52],[114.24,27.558],[114.282,27.578],[114.237,27.604],[114.206,27.645],[114.19,27.709],[114.158,27.749],[114.129,27.768],[114.106,27.752],[114.044,27.743],[113.984,27.762],[113.96,27.792],[113.939,27.803],[113.9,27.83],[113.911,27.849],[113.903,27.879],[113.94,27.9],[113.991,27.941],[113.977,27.976],[113.952,27.988],[113.9,27.988],[113.852,27.989],[113.819,27.982],[113.753,27.935],[113.731,27.869],[113.763,27.799],[113.696,27.719],[113.619,27.642],[113.602,27.579],[113.61,27.515],[113.627,27.498],[113.6,27.45],[113.63,27.401],[113.617,27.345],[113.672,27.333],[113.744,27.349],[113.823,27.365],[113.873,27.347],[113.872,27.285],[113.823,27.193],[113.774,27.12],[113.803,27.099],[113.824,27.036],[113.863,27.018],[113.892,26.965],[113.921,26.96]]]]}},{"type":"Feature","properties":{"id":"360400","名称":"九江市","所属省":"江西"},"geometry":{"type":"MultiPolygon","coordinates":[[[[116.689,29.604],[116.652,29.645],[116.673,29.688],[116.687,29.735],[116.746,29.79],[116.812,29.812],[116.892,29.919],[116.869,29.98],[116.829,29.963],[116.803,29.997],[116.764,30.049],[116.686,30.071],[116.597,30.06],[116.565,29.949],[116.526,29.898],[116.392,29.856],[116.312,29.809],[116.227,29.817],[116.135,29.82],[115.988,29.734],[115.837,29.748],[115.668,29.85],[115.512,29.84],[115.474,29.795],[115.463,29.733],[115.379,29.668],[115.329,29.646],[115.274,29.624],[115.251,29.66],[115.177,29.655],[115.122,29.686],[115.142,29.652],[115.129,29.607],[115.16,29.598],[115.153,29.576],[115.157,29.519],[115.087,29.523],[115.056,29.551],[115.013,29.564],[114.971,29.552],[114.967,29.522],[114.926,29.499],[114.901,29.506],[114.885,29.495],[114.865,29.47],[114.904,29.448],[114.923,29.485],[114.931,29.446],[114.894,29.397],[114.832,29.397],[114.769,29.379],[114.733,29.394],[114.655,29.388],[114.557,29.344],[114.497,29.328],[114.443,29.34],[114.429,29.338],[114.334,29.338],[114.259,29.344],[114.261,29.291],[114.253,29.25],[114.208,29.226],[114.149,29.214],[114.06,29.186],[114.013,29.142],[113.953,29.093],[113.946,29.018],[113.974,28.938],[114.004,28.927],[114.028,28.891],[114.067,28.884],[114.07,28.846],[114.134,28.827],[114.152,28.802],[114.164,28.776],[114.213,28.829],[114.247,28.809],[114.28,28.758],[114.341,28.713],[114.393,28.704],[114.466,28.697],[114.484,28.753],[114.531,28.76],[114.567,28.771],[114.615,28.711],[114.675,28.691],[114.742,28.7],[114.803,28.73],[114.817,28.77],[114.856,28.747],[114.88,28.774],[114.915,28.814],[114.924,28.869],[114.951,28.896],[114.971,28.943],[114.984,28.984],[115.041,29.013],[115.069,29.033],[115.146,29.073],[115.217,29.095],[115.295,29.096],[115.368,29.085],[115.424,29.066],[115.451,29.03],[115.484,29.01],[115.571,28.971],[115.645,28.942],[115.682,28.943],[115.726,28.921],[115.754,28.906],[115.799,28.899],[115.826,28.946],[115.858,28.97],[115.906,29.031],[115.93,29.094],[115.988,29.089],[116.066,29.116],[116.132,29.122],[116.153,29.074],[116.228,29.034],[116.237,28.992],[116.278,29.025],[116.271,29.102],[116.4,29.053],[116.448,29.106],[116.548,29.156],[116.594,29.253],[116.565,29.312],[116.555,29.355],[116.556,29.385],[116.519,29.431],[116.537,29.474],[116.533,29.526],[116.512,29.6],[116.596,29.571],[116.663,29.605],[116.689,29.604]]],[[[116.706,29.697],[116.703,29.71],[116.699,29.709],[116.706,29.697]]],[[[116.707,29.697],[116.706,29.688],[116.717,29.691],[116.716,29.697],[116.707,29.697]]]]}},{"type":"Feature","properties":{"id":"360500","名称":"新余市","所属省":"江西"},"geometry":{"type":"MultiPolygon","coordinates":[[[[114.531,27.601],[114.54,27.56],[114.602,27.549],[114.652,27.542],[114.692,27.595],[114.76,27.605],[114.794,27.617],[114.847,27.588],[114.888,27.608],[114.944,27.64],[114.961,27.661],[115.01,27.651],[115.016,27.689],[115.058,27.733],[115.103,27.711],[115.129,27.741],[115.16,27.717],[115.191,27.743],[115.25,27.761],[115.324,27.812],[115.383,27.865],[115.389,27.876],[115.35,27.871],[115.3,27.881],[115.25,27.874],[115.217,27.875],[115.166,27.89],[115.133,27.921],[115.134,27.969],[115.13,28.003],[115.167,28.049],[115.126,28.082],[115.061,28.067],[115.028,28.081],[114.983,28.093],[114.911,28.043],[114.9,28.028],[114.853,28.044],[114.786,28.045],[114.787,28.085],[114.76,28.102],[114.721,28.103],[114.68,28.105],[114.636,28.089],[114.568,28.056],[114.602,27.995],[114.591,27.966],[114.513,27.945],[114.507,27.924],[114.505,27.837],[114.551,27.833],[114.583,27.802],[114.565,27.763],[114.583,27.753],[114.558,27.694],[114.528,27.627],[114.531,27.601]]]]}},{"type":"Feature","properties":{"id":"360600","名称":"鹰潭市","所属省":"江西"},"geometry":{"type":"MultiPolygon","coordinates":[[[[117.446,27.933],[117.448,27.986],[117.461,28.067],[117.4,28.115],[117.309,28.143],[117.281,28.173],[117.285,28.224],[117.288,28.275],[117.278,28.31],[117.32,28.363],[117.326,28.43],[117.316,28.535],[117.275,28.602],[117.223,28.624],[117.148,28.562],[117.079,28.607],[117.055,28.566],[117.011,28.515],[116.977,28.534],[116.897,28.502],[116.896,28.459],[116.879,28.389],[116.799,28.358],[116.816,28.295],[116.767,28.256],[116.707,28.249],[116.731,28.204],[116.761,28.174],[116.795,28.142],[116.813,28.102],[116.875,28.089],[116.92,28.096],[116.944,28.051],[116.973,28.034],[117.02,27.987],[117.032,27.926],[117.027,27.855],[117.104,27.879],[117.144,27.893],[117.203,27.89],[117.262,27.867],[117.303,27.872],[117.333,27.862],[117.367,27.882],[117.405,27.893],[117.446,27.933]]]]}},{"type":"Feature","properties":{"id":"360700","名称":"赣州市","所属省":"江西"},"geometry":{"type":"MultiPolygon","coordinates":[[[[114.021,25.972],[114.022,25.919],[114.01,25.871],[113.971,25.815],[113.937,25.756],[113.914,25.704],[113.943,25.643],[113.978,25.606],[113.984,25.539],[113.953,25.505],[113.959,25.484],[113.962,25.453],[113.983,25.413],[114.023,25.385],[114.048,25.367],[114.037,25.343],[114.037,25.308],[114.022,25.27],[114.056,25.278],[114.084,25.276],[114.131,25.308],[114.168,25.313],[114.205,25.299],[114.257,25.293],[114.293,25.289],[114.305,25.315],[114.357,25.327],[114.401,25.328],[114.43,25.35],[114.463,25.381],[114.506,25.399],[114.557,25.406],[114.581,25.384],[114.6,25.359],[114.657,25.328],[114.692,25.322],[114.723,25.302],[114.744,25.248],[114.748,25.235],[114.702,25.221],[114.691,25.181],[114.736,25.152],[114.716,25.115],[114.665,25.101],[114.609,25.076],[114.562,25.078],[114.533,25.023],[114.485,25.002],[114.442,24.972],[114.396,24.951],[114.391,24.913],[114.387,24.863],[114.349,24.817],[114.342,24.764],[114.293,24.732],[114.257,24.697],[114.169,24.69],[114.174,24.656],[114.209,24.649],[114.266,24.631],[114.291,24.6],[114.324,24.579],[114.349,24.588],[114.378,24.565],[114.403,24.529],[114.422,24.497],[114.47,24.511],[114.534,24.559],[114.593,24.538],[114.665,24.584],[114.705,24.526],[114.733,24.575],[114.753,24.616],[114.804,24.605],[114.859,24.597],[114.883,24.569],[114.902,24.608],[114.92,24.667],[114.962,24.665],[115.008,24.672],[115.046,24.698],[115.074,24.698],[115.121,24.664],[115.148,24.69],[115.188,24.697],[115.234,24.724],[115.279,24.754],[115.359,24.735],[115.389,24.774],[115.466,24.767],[115.496,24.733],[115.528,24.713],[115.555,24.672],[115.571,24.619],[115.629,24.62],[115.672,24.605],[115.686,24.547],[115.759,24.55],[115.849,24.57],[115.797,24.63],[115.762,24.668],[115.806,24.686],[115.781,24.702],[115.757,24.75],[115.774,24.805],[115.792,24.839],[115.797,24.859],[115.824,24.909],[115.865,24.876],[115.904,24.888],[115.893,24.937],[115.883,24.977],[115.917,24.958],[115.882,24.995],[115.898,25.037],[115.921,25.061],[115.88,25.092],[115.888,25.129],[115.855,25.153],[115.858,25.178],[115.891,25.218],[115.951,25.272],[115.975,25.29],[116.008,25.322],[115.992,25.345],[116.008,25.393],[116.022,25.438],[116.005,25.49],[116.035,25.541],[116.054,25.578],[116.042,25.626],[116.069,25.646],[116.06,25.695],[116.107,25.701],[116.117,25.739],[116.166,25.748],[116.176,25.785],[116.129,25.839],[116.178,25.894],[116.232,25.9],[116.302,25.923],[116.348,25.962],[116.361,26.001],[116.401,26.046],[116.458,26.092],[116.482,26.138],[116.454,26.166],[116.399,26.19],[116.385,26.238],[116.418,26.279],[116.437,26.308],[116.49,26.359],[116.511,26.391],[116.535,26.401],[116.554,26.365],[116.609,26.384],[116.611,26.433],[116.638,26.48],[116.589,26.498],[116.58,26.532],[116.514,26.549],[116.464,26.598],[116.433,26.56],[116.377,26.537],[116.343,26.511],[116.239,26.549],[116.257,26.604],[116.277,26.647],[116.227,26.653],[116.191,26.681],[116.153,26.7],[116.119,26.73],[116.145,26.784],[116.139,26.822],[116.169,26.873],[116.151,26.918],[116.172,26.979],[116.186,27.034],[116.15,27.047],[116.125,27.1],[116.115,27.131],[116.05,27.134],[116.004,27.077],[115.971,27.011],[115.935,26.965],[115.882,26.925],[115.823,26.859],[115.785,26.804],[115.722,26.848],[115.691,26.815],[115.691,26.781],[115.705,26.754],[115.722,26.706],[115.704,26.685],[115.676,26.653],[115.644,26.661],[115.592,26.651],[115.527,26.695],[115.476,26.675],[115.427,26.675],[115.391,26.656],[115.347,26.674],[115.3,26.655],[115.269,26.603],[115.231,26.527],[115.185,26.521],[115.074,26.457],[115.038,26.41],[115.037,26.368],[115.067,26.324],[115.091,26.267],[115.061,26.228],[115.065,26.193],[115.095,26.154],[115.046,26.157],[115.009,26.189],[114.966,26.198],[114.909,26.212],[114.861,26.185],[114.826,26.19],[114.766,26.182],[114.726,26.174],[114.667,26.185],[114.636,26.202],[114.599,26.225],[114.552,26.226],[114.523,26.207],[114.481,26.152],[114.445,26.11],[114.412,26.107],[114.357,26.091],[114.292,26.049],[114.258,26.026],[114.161,26.025],[114.122,26.005],[114.055,25.991],[114.021,25.972]]]]}},{"type":"Feature","properties":{"id":"360800","名称":"吉安市","所属省":"江西"},"geometry":{"type":"MultiPolygon","coordinates":[[[[114.282,27.578],[114.24,27.558],[114.202,27.52],[114.181,27.466],[114.144,27.431],[114.07,27.436],[114.031,27.417],[114.039,27.381],[114.071,27.341],[114.142,27.319],[114.158,27.253],[114.095,27.209],[114.073,27.154],[114.004,27.095],[113.997,27.056],[113.96,27.021],[113.921,26.96],[113.891,26.898],[113.858,26.827],[113.853,26.769],[113.861,26.706],[113.882,26.654],[113.935,26.613],[113.996,26.616],[114.043,26.58],[114.108,26.575],[114.086,26.526],[114.098,26.484],[114.086,26.424],[114.063,26.406],[114.04,26.361],[114.042,26.309],[114.011,26.259],[113.98,26.227],[113.946,26.184],[113.972,26.155],[114.028,26.18],[114.059,26.166],[114.103,26.188],[114.184,26.201],[114.232,26.18],[114.237,26.152],[114.171,26.123],[114.119,26.09],[114.086,26.066],[114.035,26.059],[114.009,26.004],[114.021,25.972],[114.083,25.992],[114.151,26.012],[114.221,26.019],[114.282,26.032],[114.334,26.076],[114.394,26.112],[114.424,26.099],[114.453,26.143],[114.502,26.171],[114.533,26.221],[114.576,26.235],[114.61,26.216],[114.654,26.198],[114.698,26.169],[114.74,26.186],[114.799,26.183],[114.852,26.199],[114.89,26.204],[114.939,26.2],[114.985,26.196],[115.022,26.175],[115.064,26.143],[115.086,26.172],[115.052,26.203],[115.079,26.247],[115.07,26.296],[115.045,26.341],[115.033,26.393],[115.055,26.431],[115.115,26.504],[115.217,26.514],[115.235,26.559],[115.286,26.62],[115.329,26.663],[115.358,26.656],[115.411,26.659],[115.461,26.679],[115.502,26.677],[115.537,26.656],[115.607,26.658],[115.666,26.649],[115.688,26.666],[115.702,26.701],[115.728,26.745],[115.681,26.765],[115.696,26.8],[115.705,26.841],[115.749,26.833],[115.793,26.828],[115.835,26.898],[115.921,26.957],[115.914,26.985],[115.875,26.997],[115.853,27.056],[115.819,27.106],[115.757,27.11],[115.698,27.12],[115.665,27.169],[115.63,27.213],[115.671,27.266],[115.686,27.29],[115.683,27.356],[115.696,27.401],[115.713,27.452],[115.668,27.447],[115.62,27.484],[115.609,27.568],[115.635,27.616],[115.712,27.692],[115.698,27.77],[115.645,27.821],[115.578,27.863],[115.524,27.885],[115.529,27.925],[115.486,27.957],[115.46,27.922],[115.444,27.955],[115.413,27.955],[115.406,27.913],[115.408,27.878],[115.383,27.865],[115.324,27.812],[115.25,27.761],[115.191,27.743],[115.16,27.717],[115.129,27.741],[115.103,27.711],[115.058,27.733],[115.016,27.689],[115.01,27.651],[114.961,27.661],[114.944,27.64],[114.888,27.608],[114.847,27.588],[114.794,27.617],[114.76,27.605],[114.692,27.595],[114.652,27.542],[114.602,27.549],[114.54,27.56],[114.531,27.601],[114.484,27.576],[114.417,27.548],[114.373,27.547],[114.309,27.576],[114.282,27.578]]]]}},{"type":"Feature","properties":{"id":"360900","名称":"宜春市","所属省":"江西"},"geometry":{"type":"MultiPolygon","coordinates":[[[[114.531,27.601],[114.533,27.641],[114.57,27.7],[114.575,27.769],[114.559,27.771],[114.585,27.808],[114.547,27.817],[114.49,27.867],[114.512,27.92],[114.524,27.955],[114.601,27.98],[114.595,28.002],[114.581,28.064],[114.645,28.097],[114.686,28.099],[114.73,28.1],[114.783,28.108],[114.783,28.063],[114.796,28.03],[114.862,28.048],[114.905,28.035],[114.921,28.058],[114.995,28.074],[115.036,28.073],[115.091,28.082],[115.152,28.075],[115.146,28.041],[115.133,27.994],[115.117,27.96],[115.137,27.902],[115.181,27.88],[115.226,27.879],[115.263,27.877],[115.315,27.871],[115.363,27.868],[115.406,27.872],[115.391,27.903],[115.394,27.946],[115.428,27.96],[115.452,27.924],[115.464,27.942],[115.537,27.94],[115.511,27.897],[115.561,27.861],[115.63,27.822],[115.687,27.799],[115.752,27.738],[115.826,27.735],[115.848,27.764],[115.86,27.83],[115.907,27.881],[115.969,27.896],[116.027,27.908],[116.079,27.947],[116.104,27.986],[116.117,28.03],[116.137,28.07],[116.141,28.111],[116.124,28.132],[116.077,28.157],[116.116,28.237],[116.084,28.276],[115.997,28.282],[115.966,28.276],[115.94,28.307],[115.909,28.315],[115.863,28.343],[115.801,28.399],[115.769,28.362],[115.707,28.367],[115.674,28.375],[115.672,28.337],[115.635,28.337],[115.652,28.376],[115.622,28.398],[115.59,28.409],[115.559,28.389],[115.539,28.407],[115.551,28.454],[115.562,28.515],[115.563,28.559],[115.575,28.59],[115.537,28.612],[115.54,28.643],[115.554,28.695],[115.536,28.733],[115.477,28.732],[115.453,28.732],[115.453,28.773],[115.482,28.797],[115.494,28.844],[115.521,28.883],[115.506,28.922],[115.476,28.994],[115.451,29.03],[115.424,29.066],[115.368,29.085],[115.295,29.096],[115.217,29.095],[115.146,29.073],[115.069,29.033],[115.041,29.013],[114.984,28.984],[114.971,28.943],[114.951,28.896],[114.924,28.869],[114.915,28.814],[114.88,28.774],[114.856,28.747],[114.817,28.77],[114.803,28.73],[114.742,28.7],[114.675,28.691],[114.615,28.711],[114.567,28.771],[114.531,28.76],[114.484,28.753],[114.466,28.697],[114.393,28.704],[114.341,28.713],[114.28,28.758],[114.247,28.809],[114.213,28.829],[114.164,28.776],[114.147,28.735],[114.122,28.689],[114.133,28.642],[114.105,28.583],[114.101,28.54],[114.141,28.523],[114.219,28.483],[114.172,28.433],[114.228,28.395],[114.251,28.368],[114.251,28.318],[114.199,28.273],[114.145,28.248],[114.107,28.202],[114.053,28.171],[114.007,28.166],[114.007,28.125],[114.047,28.058],[113.989,28.039],[113.962,28.015],[113.942,27.99],[113.975,27.968],[113.998,27.941],[113.947,27.9],[113.907,27.889],[113.906,27.857],[113.904,27.835],[113.934,27.83],[113.967,27.808],[113.974,27.761],[114.037,27.754],[114.095,27.756],[114.116,27.771],[114.149,27.752],[114.177,27.723],[114.217,27.665],[114.213,27.627],[114.273,27.577],[114.348,27.564],[114.385,27.556],[114.448,27.568],[114.503,27.596],[114.531,27.601]]]]}},{"type":"Feature","properties":{"id":"361000","名称":"抚州市","所属省":"江西"},"geometry":{"type":"MultiPolygon","coordinates":[[[[115.935,26.965],[115.971,27.011],[116.004,27.077],[116.05,27.134],[116.115,27.131],[116.125,27.1],[116.15,27.047],[116.186,27.034],[116.172,26.979],[116.151,26.918],[116.169,26.873],[116.139,26.822],[116.145,26.784],[116.119,26.73],[116.153,26.7],[116.191,26.681],[116.227,26.653],[116.277,26.647],[116.257,26.604],[116.239,26.549],[116.343,26.511],[116.377,26.537],[116.433,26.56],[116.464,26.598],[116.514,26.549],[116.559,26.596],[116.55,26.651],[116.515,26.721],[116.558,26.774],[116.549,26.84],[116.633,26.934],[116.734,26.994],[116.809,27.015],[116.88,27.027],[116.936,27.019],[117.032,27.09],[117.046,27.148],[117.097,27.206],[117.139,27.23],[117.172,27.29],[117.141,27.323],[117.1,27.339],[117.107,27.394],[117.126,27.452],[117.111,27.495],[117.091,27.547],[117.051,27.549],[117.025,27.593],[117.009,27.634],[117.041,27.67],[117.094,27.628],[117.102,27.663],[117.122,27.694],[117.186,27.683],[117.228,27.719],[117.268,27.74],[117.306,27.776],[117.294,27.843],[117.24,27.882],[117.186,27.884],[117.115,27.908],[117.083,27.891],[117.011,27.891],[117.047,27.944],[116.992,28.007],[116.965,28.049],[116.938,28.069],[116.905,28.072],[116.84,28.108],[116.805,28.115],[116.804,28.176],[116.732,28.181],[116.692,28.216],[116.739,28.264],[116.807,28.255],[116.797,28.329],[116.754,28.378],[116.716,28.389],[116.647,28.374],[116.57,28.388],[116.589,28.42],[116.591,28.451],[116.551,28.484],[116.559,28.42],[116.502,28.348],[116.48,28.294],[116.412,28.248],[116.371,28.211],[116.33,28.245],[116.295,28.225],[116.23,28.16],[116.168,28.189],[116.142,28.229],[116.083,28.179],[116.095,28.145],[116.151,28.129],[116.144,28.09],[116.135,28.043],[116.119,28.008],[116.087,27.962],[116.058,27.929],[115.995,27.901],[115.945,27.894],[115.886,27.855],[115.859,27.796],[115.843,27.73],[115.786,27.74],[115.725,27.71],[115.653,27.638],[115.607,27.576],[115.605,27.512],[115.651,27.451],[115.703,27.455],[115.713,27.415],[115.69,27.365],[115.682,27.311],[115.676,27.264],[115.628,27.247],[115.667,27.179],[115.696,27.127],[115.742,27.104],[115.814,27.11],[115.846,27.056],[115.861,27.006],[115.895,26.979],[115.935,26.965]]]]}},{"type":"Feature","properties":{"id":"361100","名称":"上饶市","所属省":"江西"},"geometry":{"type":"MultiPolygon","coordinates":[[[[117.446,27.933],[117.505,27.954],[117.533,27.973],[117.57,27.935],[117.589,27.918],[117.603,27.869],[117.673,27.828],[117.731,27.803],[117.776,27.837],[117.785,27.893],[117.849,27.936],[117.912,27.95],[117.958,27.969],[118.007,27.98],[118.061,27.983],[118.097,27.968],[118.123,28.012],[118.154,28.062],[118.225,28.059],[118.292,28.083],[118.356,28.092],[118.359,28.151],[118.334,28.207],[118.344,28.235],[118.388,28.267],[118.461,28.301],[118.474,28.339],[118.44,28.412],[118.463,28.455],[118.462,28.483],[118.415,28.497],[118.437,28.522],[118.421,28.545],[118.417,28.573],[118.414,28.595],[118.428,28.631],[118.433,28.677],[118.391,28.701],[118.392,28.739],[118.379,28.785],[118.358,28.815],[118.295,28.835],[118.288,28.864],[118.257,28.924],[118.194,28.908],[118.225,28.947],[118.164,28.986],[118.126,28.996],[118.11,28.992],[118.097,28.999],[118.067,29.054],[118.038,29.102],[118.041,29.161],[118.051,29.218],[118.076,29.247],[118.076,29.291],[118.153,29.286],[118.167,29.314],[118.209,29.36],[118.193,29.403],[118.129,29.433],[118.144,29.49],[118.103,29.531],[118.014,29.577],[117.965,29.57],[117.89,29.546],[117.83,29.564],[117.753,29.56],[117.674,29.527],[117.647,29.515],[117.605,29.476],[117.571,29.468],[117.546,29.447],[117.526,29.446],[117.511,29.406],[117.481,29.361],[117.432,29.311],[117.433,29.259],[117.385,29.206],[117.398,29.148],[117.454,29.16],[117.498,29.143],[117.499,29.082],[117.495,29.041],[117.492,28.992],[117.472,28.96],[117.5,28.936],[117.537,28.902],[117.543,28.843],[117.521,28.81],[117.476,28.837],[117.411,28.824],[117.402,28.784],[117.372,28.767],[117.325,28.764],[117.273,28.723],[117.243,28.737],[117.193,28.747],[117.175,28.771],[117.143,28.8],[117.117,28.801],[117.048,28.809],[116.984,28.87],[116.971,28.916],[117.009,28.959],[117.038,29.009],[117.045,29.083],[117.077,29.103],[117.069,29.136],[117.032,29.18],[117.014,29.243],[117.025,29.279],[117.056,29.302],[117.043,29.365],[117.071,29.398],[117.046,29.441],[117.048,29.513],[117.027,29.599],[117.071,29.642],[117.091,29.699],[117.015,29.686],[116.959,29.652],[116.849,29.576],[116.779,29.578],[116.76,29.599],[116.716,29.591],[116.653,29.604],[116.581,29.576],[116.501,29.586],[116.529,29.513],[116.538,29.467],[116.54,29.415],[116.56,29.377],[116.547,29.36],[116.563,29.301],[116.611,29.249],[116.473,29.156],[116.438,29.105],[116.41,29.032],[116.404,28.954],[116.344,28.888],[116.279,28.866],[116.238,28.851],[116.246,28.802],[116.302,28.786],[116.34,28.75],[116.38,28.744],[116.447,28.701],[116.449,28.654],[116.474,28.584],[116.555,28.497],[116.586,28.442],[116.584,28.411],[116.582,28.38],[116.661,28.374],[116.73,28.407],[116.774,28.366],[116.824,28.378],[116.878,28.399],[116.891,28.474],[116.904,28.505],[116.99,28.513],[117.032,28.526],[117.045,28.592],[117.096,28.59],[117.199,28.589],[117.237,28.627],[117.283,28.577],[117.314,28.506],[117.314,28.415],[117.318,28.349],[117.257,28.309],[117.295,28.253],[117.274,28.21],[117.271,28.162],[117.331,28.131],[117.426,28.112],[117.461,28.053],[117.446,27.964],[117.446,27.933]]]]}},{"type":"Feature","properties":{"id":"370100","名称":"济南市","所属省":"山东"},"geometry":{"type":"MultiPolygon","coordinates":[[[[116.546,36.409],[116.485,36.337],[116.407,36.319],[116.311,36.27],[116.255,36.204],[116.261,36.123],[116.268,36.053],[116.305,36.046],[116.353,36.071],[116.401,36.074],[116.43,36.052],[116.452,36.058],[116.543,36.087],[116.569,36.119],[116.525,36.135],[116.51,36.148],[116.502,36.193],[116.485,36.236],[116.536,36.246],[116.581,36.255],[116.632,36.296],[116.701,36.28],[116.773,36.312],[116.856,36.302],[116.891,36.255],[116.957,36.26],[117.003,36.265],[117.051,36.289],[117.077,36.322],[117.137,36.335],[117.183,36.361],[117.209,36.405],[117.264,36.449],[117.307,36.472],[117.347,36.456],[117.35,36.393],[117.389,36.326],[117.398,36.284],[117.393,36.237],[117.428,36.222],[117.44,36.191],[117.488,36.159],[117.447,36.121],[117.447,36.092],[117.491,36.097],[117.553,36.088],[117.631,36.06],[117.721,36.038],[117.75,36.012],[117.781,35.995],[117.825,36.013],[117.866,36.007],[117.923,36.016],[117.951,35.996],[117.933,36.052],[117.946,36.081],[117.94,36.094],[117.912,36.133],[117.912,36.172],[117.922,36.204],[117.968,36.215],[117.973,36.268],[117.931,36.284],[117.92,36.325],[117.903,36.352],[117.882,36.357],[117.855,36.413],[117.823,36.443],[117.787,36.434],[117.757,36.459],[117.756,36.496],[117.766,36.51],[117.739,36.54],[117.696,36.575],[117.715,36.6],[117.707,36.611],[117.712,36.642],[117.701,36.685],[117.74,36.721],[117.696,36.754],[117.609,36.822],[117.585,36.887],[117.54,36.941],[117.565,36.96],[117.537,36.978],[117.477,36.968],[117.417,36.953],[117.392,36.952],[117.329,37.011],[117.337,37.047],[117.391,37.084],[117.456,37.118],[117.443,37.171],[117.402,37.225],[117.431,37.254],[117.432,37.272],[117.414,37.349],[117.369,37.396],[117.353,37.451],[117.305,37.466],[117.318,37.499],[117.275,37.526],[117.23,37.529],[117.164,37.479],[117.099,37.47],[117.038,37.435],[117.02,37.405],[117.007,37.355],[117.002,37.286],[117.032,37.253],[117.036,37.224],[117.045,37.197],[117.051,37.161],[117.045,37.123],[116.931,37.1],[116.929,37.051],[116.908,37.019],[116.886,36.984],[116.933,36.96],[116.934,36.926],[116.963,36.843],[116.936,36.83],[116.887,36.833],[116.868,36.802],[116.887,36.745],[116.831,36.724],[116.781,36.672],[116.742,36.62],[116.682,36.581],[116.647,36.544],[116.61,36.516],[116.593,36.486],[116.621,36.441],[116.546,36.409]]]]}},{"type":"Feature","properties":{"id":"370200","名称":"青岛市","所属省":"山东"},"geometry":{"type":"MultiPolygon","coordinates":[[[[120.85,36.612],[120.766,36.607],[120.708,36.621],[120.68,36.589],[120.636,36.598],[120.661,36.648],[120.627,36.66],[120.617,36.69],[120.585,36.728],[120.546,36.745],[120.564,36.795],[120.612,36.829],[120.596,36.853],[120.593,36.882],[120.593,36.912],[120.56,36.961],[120.576,36.999],[120.602,37.013],[120.585,37.058],[120.542,37.044],[120.548,37.113],[120.517,37.149],[120.493,37.127],[120.439,37.117],[120.409,37.095],[120.362,37.1],[120.336,37.092],[120.315,37.113],[120.264,37.115],[120.23,37.09],[120.205,37.038],[120.173,37.034],[120.142,37.015],[120.093,37.018],[120.002,37.014],[119.962,37.014],[119.902,36.995],[119.82,37],[119.751,36.991],[119.717,37.007],[119.62,37.013],[119.598,36.989],[119.598,36.857],[119.539,36.8],[119.535,36.743],[119.58,36.712],[119.614,36.664],[119.67,36.616],[119.728,36.563],[119.798,36.552],[119.923,36.495],[119.972,36.522],[120.004,36.489],[120.013,36.468],[119.968,36.45],[119.934,36.42],[119.945,36.385],[119.904,36.382],[119.892,36.319],[119.849,36.293],[119.821,36.245],[119.823,36.199],[119.813,36.175],[119.772,36.168],[119.724,36.176],[119.661,36.154],[119.658,36.109],[119.667,36.063],[119.717,36.044],[119.685,35.983],[119.716,35.927],[119.737,35.863],[119.704,35.864],[119.65,35.845],[119.609,35.799],[119.592,35.753],[119.614,35.717],[119.567,35.715],[119.525,35.731],[119.515,35.698],[119.518,35.626],[119.556,35.593],[119.609,35.592],[119.662,35.589],[119.751,35.618],[119.78,35.585],[119.8,35.599],[119.801,35.627],[119.831,35.618],[119.878,35.611],[119.928,35.65],[119.945,35.706],[119.93,35.729],[119.96,35.759],[119.986,35.73],[120.02,35.722],[120.043,35.777],[120.036,35.825],[120.102,35.882],[120.136,35.905],[120.157,35.909],[120.211,35.938],[120.169,35.889],[120.209,35.918],[120.251,35.959],[120.317,36.002],[120.279,35.996],[120.248,35.983],[120.257,36.025],[120.224,36.016],[120.241,36.048],[120.182,36.066],[120.117,36.103],[120.143,36.144],[120.207,36.212],[120.245,36.199],[120.281,36.179],[120.298,36.204],[120.337,36.214],[120.357,36.166],[120.317,36.108],[120.29,36.06],[120.308,36.05],[120.338,36.055],[120.358,36.049],[120.389,36.059],[120.422,36.055],[120.468,36.087],[120.547,36.092],[120.573,36.114],[120.608,36.107],[120.651,36.118],[120.72,36.134],[120.698,36.159],[120.693,36.191],[120.69,36.251],[120.66,36.275],[120.666,36.309],[120.708,36.329],[120.73,36.35],[120.7,36.371],[120.727,36.423],[120.762,36.443],[120.843,36.458],[120.859,36.412],[120.872,36.367],[120.918,36.419],[120.919,36.425],[120.934,36.455],[120.964,36.464],[120.954,36.508],[120.969,36.559],[120.913,36.568],[120.866,36.606],[120.85,36.612]]],[[[120.584,36.096],[120.579,36.092],[120.595,36.09],[120.588,36.099],[120.584,36.096]]],[[[120.99,36.413],[120.978,36.429],[120.97,36.432],[120.964,36.425],[120.948,36.421],[120.95,36.415],[120.964,36.414],[120.981,36.417],[120.99,36.413]]],[[[121.004,36.488],[120.99,36.492],[120.989,36.485],[121.004,36.488]]],[[[120.877,35.894],[120.875,35.888],[120.889,35.897],[120.877,35.894]]],[[[119.735,35.596],[119.742,35.584],[119.744,35.591],[119.739,35.6],[119.735,35.596]]],[[[120.159,35.765],[120.188,35.749],[120.172,35.786],[120.159,35.765]]],[[[120.775,36.238],[120.768,36.231],[120.778,36.222],[120.775,36.238]]]]}},{"type":"Feature","properties":{"id":"370300","名称":"淄博市","所属省":"山东"},"geometry":{"type":"MultiPolygon","coordinates":[[[[117.989,35.948],[118.033,35.974],[118.076,36.009],[118.096,36.024],[118.178,36.017],[118.207,35.964],[118.237,35.939],[118.269,35.928],[118.314,35.951],[118.361,35.971],[118.431,35.97],[118.505,35.966],[118.487,36.006],[118.489,36.026],[118.523,36.044],[118.508,36.075],[118.478,36.098],[118.488,36.132],[118.441,36.133],[118.405,36.142],[118.382,36.207],[118.351,36.264],[118.314,36.277],[118.309,36.307],[118.27,36.34],[118.24,36.377],[118.227,36.408],[118.227,36.451],[118.213,36.49],[118.211,36.526],[118.184,36.561],[118.18,36.594],[118.207,36.638],[118.23,36.66],[118.228,36.694],[118.238,36.713],[118.264,36.724],[118.272,36.744],[118.308,36.776],[118.388,36.791],[118.441,36.828],[118.462,36.854],[118.465,36.861],[118.475,36.905],[118.492,36.932],[118.403,36.943],[118.385,36.974],[118.322,36.974],[118.289,37],[118.247,36.986],[118.21,36.963],[118.161,36.989],[118.139,37.015],[118.151,37.047],[118.136,37.065],[118.111,37.095],[118.046,37.098],[118.08,37.121],[118.075,37.17],[118.074,37.204],[118.037,37.221],[117.994,37.213],[117.981,37.238],[117.964,37.272],[117.909,37.265],[117.839,37.283],[117.76,37.245],[117.659,37.274],[117.615,37.213],[117.574,37.151],[117.577,37.115],[117.609,37.091],[117.703,37.069],[117.772,37.069],[117.842,37.026],[117.867,36.993],[117.91,36.963],[117.935,36.916],[117.961,36.91],[117.93,36.89],[117.891,36.864],[117.833,36.86],[117.821,36.801],[117.826,36.776],[117.833,36.745],[117.81,36.734],[117.778,36.695],[117.716,36.691],[117.709,36.652],[117.715,36.611],[117.698,36.599],[117.707,36.581],[117.724,36.547],[117.766,36.513],[117.743,36.498],[117.766,36.47],[117.78,36.441],[117.817,36.436],[117.829,36.418],[117.88,36.371],[117.894,36.339],[117.933,36.334],[117.922,36.3],[117.944,36.274],[117.963,36.225],[117.928,36.197],[117.903,36.172],[117.914,36.141],[117.931,36.094],[117.953,36.082],[117.936,36.061],[117.943,36.017],[117.947,35.971],[117.993,35.971],[117.989,35.948]]]]}},{"type":"Feature","properties":{"id":"370400","名称":"枣庄市","所属省":"山东"},"geometry":{"type":"MultiPolygon","coordinates":[[[[117.392,34.575],[117.427,34.525],[117.466,34.485],[117.493,34.473],[117.561,34.472],[117.61,34.49],[117.659,34.501],[117.701,34.545],[117.802,34.519],[117.791,34.585],[117.794,34.652],[117.832,34.708],[117.831,34.76],[117.777,34.801],[117.763,34.849],[117.715,34.896],[117.712,34.935],[117.727,34.98],[117.736,35.032],[117.677,35.066],[117.604,35.134],[117.584,35.164],[117.528,35.184],[117.481,35.223],[117.439,35.259],[117.404,35.301],[117.318,35.32],[117.306,35.295],[117.269,35.261],[117.177,35.243],[117.093,35.22],[117.015,35.215],[116.938,35.172],[116.898,35.196],[116.833,35.184],[116.818,35.151],[116.863,35.092],[116.88,35.063],[116.937,35.028],[116.943,34.976],[116.989,34.939],[117.041,34.925],[117.083,34.935],[117.121,34.904],[117.157,34.834],[117.173,34.799],[117.191,34.781],[117.242,34.73],[117.305,34.715],[117.335,34.693],[117.354,34.654],[117.384,34.628],[117.398,34.604],[117.392,34.575]]]]}},{"type":"Feature","properties":{"id":"370500","名称":"东营市","所属省":"山东"},"geometry":{"type":"MultiPolygon","coordinates":[[[[118.245,38.144],[118.246,38.103],[118.228,38.038],[118.408,38.026],[118.224,37.96],[118.227,37.94],[118.243,37.896],[118.248,37.872],[118.286,37.857],[118.34,37.838],[118.356,37.821],[118.341,37.774],[118.342,37.747],[118.316,37.714],[118.293,37.67],[118.239,37.656],[118.195,37.662],[118.163,37.631],[118.147,37.6],[118.131,37.571],[118.173,37.564],[118.157,37.53],[118.139,37.507],[118.129,37.484],[118.118,37.456],[118.164,37.417],[118.144,37.393],[118.156,37.364],[118.218,37.371],[118.258,37.379],[118.292,37.358],[118.32,37.306],[118.342,37.287],[118.363,37.274],[118.36,37.245],[118.376,37.206],[118.38,37.175],[118.356,37.139],[118.338,37.123],[118.333,37.082],[118.326,37.035],[118.289,37],[118.322,36.974],[118.385,36.974],[118.403,36.943],[118.504,36.952],[118.538,36.937],[118.56,36.977],[118.581,36.995],[118.584,37.008],[118.545,37.038],[118.58,37.063],[118.632,37.07],[118.668,37.092],[118.649,37.164],[118.645,37.178],[118.672,37.215],[118.778,37.28],[119.01,37.313],[118.986,37.366],[118.983,37.378],[118.943,37.498],[118.989,37.621],[119.153,37.655],[119.3,37.755],[119.264,37.882],[119.136,37.828],[119.045,37.968],[118.974,38.094],[118.877,38.15],[118.726,38.154],[118.598,38.079],[118.53,38.073],[118.483,38.123],[118.42,38.107],[118.36,38.121],[118.245,38.144]]],[[[118.41,38.053],[118.228,38.038],[118.223,38.001],[118.408,38.026],[118.41,38.053]]]]}},{"type":"Feature","properties":{"id":"370600","名称":"烟台市","所属省":"山东"},"geometry":{"type":"MultiPolygon","coordinates":[[[[119.576,37.128],[119.563,37.059],[119.619,37.018],[119.682,36.998],[119.743,36.992],[119.805,37.014],[119.9,36.998],[119.95,37.006],[119.993,37.012],[120.049,37.02],[120.138,37.022],[120.166,37.026],[120.193,37.034],[120.221,37.087],[120.246,37.119],[120.3,37.12],[120.337,37.104],[120.358,37.084],[120.398,37.096],[120.415,37.111],[120.479,37.124],[120.507,37.149],[120.543,37.129],[120.533,37.054],[120.571,37.046],[120.614,37.024],[120.582,37.002],[120.567,36.966],[120.575,36.927],[120.623,36.891],[120.588,36.859],[120.61,36.833],[120.564,36.803],[120.544,36.762],[120.584,36.735],[120.59,36.694],[120.625,36.671],[120.649,36.656],[120.643,36.613],[120.665,36.587],[120.708,36.613],[120.758,36.606],[120.786,36.59],[120.895,36.622],[120.929,36.59],[121.045,36.58],[121.146,36.64],[121.221,36.671],[121.285,36.7],[121.365,36.712],[121.41,36.715],[121.413,36.748],[121.462,36.785],[121.396,36.794],[121.362,36.841],[121.385,36.877],[121.348,36.921],[121.283,36.919],[121.249,36.954],[121.209,36.985],[121.181,37.016],[121.188,37.041],[121.243,37.092],[121.306,37.142],[121.341,37.127],[121.352,37.127],[121.391,37.098],[121.465,37.121],[121.58,37.107],[121.591,37.144],[121.629,37.138],[121.667,37.121],[121.682,37.131],[121.699,37.126],[121.768,37.171],[121.761,37.179],[121.754,37.212],[121.757,37.248],[121.792,37.288],[121.822,37.304],[121.87,37.369],[121.919,37.421],[121.888,37.47],[121.666,37.474],[121.619,37.482],[121.572,37.441],[121.515,37.462],[121.46,37.523],[121.396,37.59],[121.427,37.591],[121.386,37.628],[121.344,37.628],[121.305,37.583],[121.17,37.601],[121.157,37.657],[121.16,37.707],[121.076,37.718],[121.038,37.719],[120.976,37.762],[120.948,37.799],[120.915,37.824],[120.833,37.822],[120.763,37.83],[120.657,37.793],[120.58,37.761],[120.472,37.758],[120.368,37.698],[120.22,37.672],[120.274,37.651],[120.215,37.621],[120.247,37.557],[120.195,37.513],[120.065,37.449],[119.937,37.393],[119.843,37.361],[119.869,37.321],[119.888,37.294],[119.861,37.263],[119.865,37.234],[119.79,37.185],[119.74,37.134],[119.678,37.158],[119.576,37.128]]],[[[121.509,37.553],[121.527,37.563],[121.52,37.565],[121.507,37.557],[121.509,37.553]]],[[[120.73,37.947],[120.725,37.924],[120.741,37.909],[120.759,37.912],[120.738,37.955],[120.73,37.947]]],[[[120.692,37.984],[120.737,37.971],[120.697,37.995],[120.692,37.984]]],[[[120.653,37.98],[120.644,37.965],[120.654,37.964],[120.659,37.975],[120.653,37.98]]],[[[120.453,37.769],[120.463,37.786],[120.453,37.788],[120.436,37.787],[120.444,37.771],[120.453,37.769]]],[[[120.683,37.928],[120.688,37.931],[120.693,37.947],[120.678,37.945],[120.679,37.937],[120.674,37.929],[120.683,37.928]]],[[[120.751,38.15],[120.778,38.173],[120.743,38.199],[120.751,38.15]]],[[[120.919,38.345],[120.914,38.355],[120.921,38.363],[120.914,38.365],[120.915,38.373],[120.9,38.372],[120.895,38.363],[120.907,38.35],[120.919,38.345]]],[[[120.841,38.336],[120.857,38.343],[120.843,38.356],[120.841,38.336]]],[[[120.903,38.382],[120.922,38.385],[120.932,38.382],[120.932,38.391],[120.916,38.402],[120.898,38.386],[120.903,38.382]]],[[[120.626,37.946],[120.631,37.952],[120.632,37.979],[120.614,37.984],[120.602,37.978],[120.598,37.971],[120.605,37.957],[120.626,37.946]]],[[[120.802,38.284],[120.85,38.31],[120.797,38.288],[120.802,38.284]]],[[[120.944,38.02],[120.951,38.024],[120.948,38.032],[120.931,38.035],[120.933,38.027],[120.944,38.02]]],[[[119.821,37.309],[119.826,37.315],[119.819,37.317],[119.821,37.309]]],[[[121.389,36.266],[121.397,36.264],[121.391,36.272],[121.389,36.266]]],[[[120.646,38.132],[120.654,38.142],[120.647,38.15],[120.641,38.148],[120.638,38.139],[120.646,38.132]]],[[[120.878,38.027],[120.873,38.028],[120.877,38.018],[120.878,38.027]]],[[[120.645,38.055],[120.653,38.059],[120.652,38.069],[120.645,38.07],[120.641,38.061],[120.645,38.055]]]]}},{"type":"Feature","properties":{"id":"370700","名称":"潍坊市","所属省":"山东"},"geometry":{"type":"MultiPolygon","coordinates":[[[[118.508,36.075],[118.505,36.106],[118.542,36.125],[118.572,36.156],[118.641,36.171],[118.675,36.17],[118.704,36.15],[118.733,36.152],[118.746,36.192],[118.809,36.199],[118.845,36.185],[118.858,36.143],[118.866,36.114],[118.886,36.089],[118.936,36.113],[118.97,36.105],[119.014,36.099],[119.067,36.082],[119.04,36.043],[119.024,36.026],[119.025,36.004],[119.061,35.978],[119.122,35.963],[119.179,35.971],[119.17,35.917],[119.158,35.883],[119.217,35.88],[119.298,35.893],[119.371,35.861],[119.369,35.771],[119.428,35.802],[119.482,35.8],[119.488,35.755],[119.545,35.727],[119.589,35.716],[119.628,35.722],[119.612,35.777],[119.623,35.816],[119.676,35.843],[119.725,35.857],[119.728,35.903],[119.702,35.944],[119.681,36.012],[119.696,36.053],[119.632,36.092],[119.651,36.13],[119.681,36.181],[119.734,36.164],[119.792,36.172],[119.822,36.178],[119.82,36.212],[119.829,36.259],[119.863,36.302],[119.896,36.348],[119.93,36.385],[119.926,36.403],[119.95,36.447],[119.997,36.446],[120.004,36.477],[119.998,36.504],[119.936,36.511],[119.918,36.526],[119.756,36.566],[119.701,36.603],[119.625,36.639],[119.597,36.69],[119.561,36.721],[119.533,36.78],[119.564,36.803],[119.6,36.921],[119.61,37.014],[119.56,37.072],[119.519,37.13],[119.482,37.156],[119.446,37.131],[119.342,37.117],[119.299,37.143],[119.298,37.197],[119.245,37.211],[119.204,37.21],[119.204,37.246],[119.213,37.273],[119.142,37.263],[119.17,37.279],[119.134,37.263],[119.085,37.239],[119.045,37.299],[118.778,37.28],[118.672,37.215],[118.645,37.178],[118.649,37.164],[118.668,37.092],[118.632,37.07],[118.58,37.063],[118.545,37.038],[118.584,37.008],[118.581,36.995],[118.56,36.977],[118.538,36.937],[118.504,36.952],[118.492,36.932],[118.475,36.905],[118.465,36.861],[118.462,36.854],[118.441,36.828],[118.388,36.791],[118.308,36.776],[118.272,36.744],[118.264,36.724],[118.238,36.713],[118.228,36.694],[118.23,36.66],[118.207,36.638],[118.18,36.594],[118.184,36.561],[118.211,36.526],[118.213,36.49],[118.227,36.451],[118.227,36.408],[118.24,36.377],[118.27,36.34],[118.309,36.307],[118.314,36.277],[118.351,36.264],[118.382,36.207],[118.405,36.142],[118.441,36.133],[118.488,36.132],[118.478,36.098],[118.508,36.075]]]]}},{"type":"Feature","properties":{"id":"370800","名称":"济宁市","所属省":"山东"},"geometry":{"type":"MultiPolygon","coordinates":[[[[116.41,34.853],[116.456,34.901],[116.523,34.904],[116.623,34.94],[116.658,34.933],[116.706,34.934],[116.781,34.917],[116.785,34.947],[116.802,34.971],[116.807,34.937],[116.858,34.928],[116.922,34.871],[116.977,34.868],[116.966,34.844],[116.952,34.795],[116.978,34.764],[117.043,34.736],[117.077,34.697],[117.073,34.639],[117.115,34.628],[117.151,34.559],[117.157,34.481],[117.2,34.442],[117.248,34.451],[117.252,34.486],[117.259,34.497],[117.268,34.533],[117.289,34.556],[117.308,34.572],[117.325,34.571],[117.371,34.585],[117.398,34.604],[117.384,34.628],[117.354,34.654],[117.335,34.693],[117.305,34.715],[117.242,34.73],[117.191,34.781],[117.173,34.799],[117.157,34.834],[117.121,34.904],[117.083,34.935],[117.041,34.925],[116.989,34.939],[116.943,34.976],[116.937,35.028],[116.88,35.063],[116.863,35.092],[116.818,35.151],[116.833,35.184],[116.898,35.196],[116.938,35.172],[117.015,35.215],[117.093,35.22],[117.177,35.243],[117.269,35.261],[117.306,35.295],[117.318,35.32],[117.404,35.301],[117.463,35.288],[117.439,35.349],[117.475,35.401],[117.428,35.459],[117.467,35.512],[117.502,35.513],[117.504,35.532],[117.529,35.547],[117.593,35.59],[117.576,35.65],[117.511,35.712],[117.453,35.742],[117.391,35.767],[117.343,35.784],[117.298,35.788],[117.2,35.775],[117.135,35.767],[117.103,35.79],[117.05,35.801],[116.993,35.794],[116.952,35.737],[116.93,35.709],[116.881,35.697],[116.823,35.697],[116.802,35.684],[116.77,35.704],[116.699,35.721],[116.627,35.706],[116.62,35.757],[116.687,35.798],[116.617,35.855],[116.667,35.898],[116.628,35.939],[116.566,35.899],[116.525,35.847],[116.487,35.841],[116.46,35.816],[116.401,35.795],[116.356,35.8],[116.302,35.777],[116.275,35.803],[116.231,35.861],[116.215,35.89],[116.167,35.905],[116.126,35.891],[116.075,35.928],[116.06,35.956],[116.049,35.97],[115.958,35.968],[115.908,35.927],[115.889,35.898],[115.876,35.867],[115.898,35.805],[115.945,35.792],[116.041,35.734],[116.103,35.687],[116.116,35.618],[116.114,35.578],[116.121,35.498],[116.161,35.472],[116.178,35.466],[116.207,35.466],[116.216,35.42],[116.221,35.359],[116.2,35.305],[116.266,35.272],[116.269,35.191],[116.228,35.194],[116.215,35.156],[116.141,35.091],[116.119,35.053],[116.171,34.975],[116.162,34.944],[116.227,34.912],[116.326,34.875],[116.374,34.865],[116.41,34.853]]]]}},{"type":"Feature","properties":{"id":"370900","名称":"泰安市","所属省":"山东"},"geometry":{"type":"MultiPolygon","coordinates":[[[[117.938,35.996],[117.915,36.02],[117.855,36.007],[117.801,36.013],[117.762,35.991],[117.757,36.019],[117.701,36.045],[117.602,36.076],[117.548,36.106],[117.485,36.101],[117.456,36.1],[117.46,36.15],[117.476,36.173],[117.452,36.203],[117.413,36.211],[117.417,36.244],[117.388,36.286],[117.388,36.338],[117.345,36.404],[117.346,36.464],[117.288,36.476],[117.25,36.437],[117.201,36.39],[117.18,36.353],[117.112,36.34],[117.078,36.307],[117.048,36.284],[117.003,36.255],[116.95,36.257],[116.873,36.264],[116.831,36.295],[116.763,36.305],[116.686,36.275],[116.61,36.291],[116.574,36.264],[116.526,36.255],[116.487,36.228],[116.51,36.177],[116.507,36.141],[116.543,36.14],[116.567,36.109],[116.532,36.074],[116.449,36.047],[116.433,36.06],[116.398,36.085],[116.339,36.06],[116.301,36.031],[116.267,36.074],[116.247,36.149],[116.164,36.169],[116.099,36.112],[116.076,36.057],[116.053,35.999],[116.06,35.956],[116.075,35.928],[116.126,35.891],[116.167,35.905],[116.215,35.89],[116.231,35.861],[116.275,35.803],[116.302,35.777],[116.356,35.8],[116.401,35.795],[116.46,35.816],[116.487,35.841],[116.525,35.847],[116.566,35.899],[116.628,35.939],[116.667,35.898],[116.617,35.855],[116.687,35.798],[116.62,35.757],[116.627,35.706],[116.699,35.721],[116.77,35.704],[116.802,35.684],[116.823,35.697],[116.881,35.697],[116.93,35.709],[116.952,35.737],[116.993,35.794],[117.05,35.801],[117.103,35.79],[117.135,35.767],[117.2,35.775],[117.298,35.788],[117.343,35.784],[117.391,35.767],[117.453,35.742],[117.511,35.712],[117.576,35.65],[117.626,35.704],[117.707,35.726],[117.782,35.734],[117.834,35.761],[117.841,35.812],[117.855,35.85],[117.925,35.881],[117.979,35.89],[117.997,35.935],[117.971,35.97],[117.937,35.981],[117.938,35.996]]]]}},{"type":"Feature","properties":{"id":"371000","名称":"威海市","所属省":"山东"},"geometry":{"type":"MultiPolygon","coordinates":[[[[121.924,37.473],[121.908,37.401],[121.865,37.337],[121.815,37.3],[121.785,37.268],[121.748,37.242],[121.762,37.218],[121.749,37.176],[121.748,37.136],[121.694,37.141],[121.684,37.123],[121.654,37.122],[121.625,37.132],[121.585,37.132],[121.575,37.11],[121.448,37.123],[121.383,37.112],[121.364,37.129],[121.327,37.128],[121.288,37.136],[121.204,37.079],[121.189,37.03],[121.178,37.004],[121.223,36.987],[121.253,36.938],[121.304,36.918],[121.361,36.922],[121.364,36.872],[121.373,36.841],[121.409,36.79],[121.478,36.771],[121.523,36.808],[121.57,36.828],[121.496,36.792],[121.508,36.761],[121.547,36.746],[121.542,36.735],[121.556,36.764],[121.6,36.746],[121.653,36.728],[121.642,36.806],[121.726,36.826],[121.762,36.866],[121.829,36.898],[121.927,36.932],[121.995,36.954],[122.037,36.896],[122.053,36.896],[122.101,36.922],[122.128,36.946],[122.118,36.896],[122.176,36.895],[122.175,36.843],[122.251,36.84],[122.327,36.83],[122.378,36.844],[122.403,36.861],[122.464,36.879],[122.434,36.914],[122.485,36.892],[122.543,36.913],[122.557,36.979],[122.583,37.037],[122.524,37.04],[122.46,37.046],[122.481,37.118],[122.534,37.153],[122.587,37.164],[122.606,37.193],[122.604,37.221],[122.593,37.261],[122.571,37.279],[122.611,37.331],[122.612,37.367],[122.675,37.384],[122.716,37.396],[122.685,37.429],[122.66,37.422],[122.644,37.428],[122.58,37.41],[122.487,37.42],[122.437,37.42],[122.337,37.414],[122.28,37.434],[122.26,37.461],[122.233,37.461],[122.186,37.442],[122.157,37.459],[122.132,37.499],[122.163,37.519],[122.144,37.55],[122.119,37.564],[122.07,37.569],[122.07,37.537],[122.017,37.531],[121.979,37.488],[121.924,37.473]]],[[[122.184,37.5],[122.216,37.498],[122.203,37.502],[122.2,37.51],[122.188,37.51],[122.185,37.516],[122.172,37.502],[122.184,37.5]]],[[[122.258,36.756],[122.26,36.749],[122.267,36.754],[122.258,36.756]]],[[[121.485,36.733],[121.5,36.737],[121.492,36.74],[121.485,36.733]]],[[[121.621,36.714],[121.631,36.726],[121.623,36.729],[121.621,36.714]]],[[[122.482,37.447],[122.491,37.45],[122.484,37.455],[122.482,37.447]]]]}},{"type":"Feature","properties":{"id":"371100","名称":"日照市","所属省":"山东"},"geometry":{"type":"MultiPolygon","coordinates":[[[[119.662,35.589],[119.609,35.592],[119.556,35.593],[119.518,35.626],[119.515,35.698],[119.525,35.731],[119.497,35.779],[119.456,35.809],[119.391,35.779],[119.372,35.83],[119.346,35.894],[119.282,35.91],[119.169,35.895],[119.145,35.904],[119.179,35.926],[119.153,35.971],[119.079,35.959],[119.021,35.977],[119.014,36.013],[118.999,36.038],[118.88,35.992],[118.837,35.949],[118.775,35.917],[118.754,35.853],[118.725,35.821],[118.707,35.765],[118.743,35.729],[118.806,35.718],[118.751,35.64],[118.735,35.57],[118.699,35.514],[118.709,35.458],[118.662,35.462],[118.633,35.431],[118.601,35.414],[118.632,35.368],[118.71,35.37],[118.769,35.368],[118.817,35.373],[118.874,35.389],[118.922,35.348],[118.962,35.334],[118.984,35.382],[119.049,35.371],[119.086,35.354],[119.134,35.336],[119.143,35.314],[119.18,35.288],[119.175,35.23],[119.135,35.192],[119.173,35.162],[119.19,35.138],[119.241,35.123],[119.302,35.093],[119.38,35.07],[119.403,35.107],[119.428,35.121],[119.396,35.158],[119.411,35.232],[119.502,35.322],[119.538,35.297],[119.54,35.33],[119.589,35.376],[119.6,35.444],[119.639,35.509],[119.662,35.589]]]]}},{"type":"Feature","properties":{"id":"371300","名称":"临沂市","所属省":"山东"},"geometry":{"type":"MultiPolygon","coordinates":[[[[119.203,35.111],[119.164,35.143],[119.157,35.182],[119.161,35.204],[119.182,35.252],[119.156,35.294],[119.148,35.327],[119.096,35.327],[119.076,35.366],[119.024,35.387],[118.987,35.353],[118.93,35.331],[118.89,35.357],[118.86,35.382],[118.784,35.371],[118.724,35.368],[118.683,35.369],[118.625,35.387],[118.636,35.421],[118.648,35.453],[118.694,35.459],[118.734,35.486],[118.725,35.553],[118.736,35.593],[118.791,35.683],[118.799,35.73],[118.707,35.738],[118.701,35.791],[118.733,35.848],[118.765,35.898],[118.804,35.94],[118.893,35.963],[118.957,36.008],[119.024,36.026],[119.04,36.043],[119.067,36.082],[119.014,36.099],[118.97,36.105],[118.936,36.113],[118.886,36.089],[118.866,36.114],[118.858,36.143],[118.845,36.185],[118.809,36.199],[118.746,36.192],[118.733,36.152],[118.704,36.15],[118.675,36.17],[118.641,36.171],[118.572,36.156],[118.542,36.125],[118.505,36.106],[118.508,36.075],[118.523,36.044],[118.489,36.026],[118.487,36.006],[118.505,35.966],[118.431,35.97],[118.361,35.971],[118.314,35.951],[118.269,35.928],[118.237,35.939],[118.207,35.964],[118.178,36.017],[118.096,36.024],[118.076,36.009],[118.033,35.974],[117.989,35.948],[117.981,35.906],[117.938,35.875],[117.867,35.87],[117.828,35.822],[117.829,35.774],[117.811,35.733],[117.733,35.712],[117.635,35.709],[117.597,35.63],[117.59,35.574],[117.515,35.551],[117.516,35.527],[117.498,35.503],[117.463,35.498],[117.454,35.442],[117.463,35.39],[117.447,35.33],[117.44,35.282],[117.45,35.247],[117.495,35.206],[117.549,35.162],[117.586,35.153],[117.623,35.113],[117.693,35.06],[117.745,35.023],[117.719,34.968],[117.704,34.934],[117.729,34.877],[117.795,34.836],[117.784,34.795],[117.83,34.741],[117.826,34.684],[117.832,34.654],[117.864,34.645],[117.91,34.67],[117.992,34.67],[118.018,34.647],[118.078,34.654],[118.1,34.627],[118.082,34.58],[118.137,34.563],[118.185,34.544],[118.133,34.483],[118.177,34.409],[118.19,34.381],[118.231,34.399],[118.289,34.412],[118.353,34.417],[118.405,34.437],[118.431,34.489],[118.424,34.591],[118.474,34.623],[118.468,34.674],[118.523,34.692],[118.559,34.707],[118.634,34.687],[118.69,34.679],[118.759,34.703],[118.74,34.737],[118.727,34.769],[118.738,34.792],[118.777,34.819],[118.802,34.846],[118.859,34.963],[118.886,35.034],[118.945,35.041],[119.027,35.055],[119.115,35.055],[119.138,35.096],[119.203,35.111]]]]}},{"type":"Feature","properties":{"id":"371400","名称":"德州市","所属省":"山东"},"geometry":{"type":"MultiPolygon","coordinates":[[[[117.273,37.533],[117.308,37.59],[117.305,37.641],[117.347,37.683],[117.364,37.68],[117.373,37.649],[117.429,37.666],[117.477,37.654],[117.531,37.689],[117.543,37.726],[117.522,37.755],[117.56,37.8],[117.595,37.835],[117.581,37.859],[117.543,37.89],[117.571,37.957],[117.524,37.989],[117.481,37.915],[117.406,37.843],[117.32,37.861],[117.26,37.838],[117.15,37.84],[117.027,37.832],[116.919,37.846],[116.813,37.844],[116.786,37.826],[116.754,37.793],[116.723,37.767],[116.699,37.739],[116.664,37.688],[116.636,37.676],[116.58,37.613],[116.538,37.568],[116.483,37.522],[116.434,37.473],[116.383,37.524],[116.376,37.56],[116.336,37.581],[116.3,37.57],[116.286,37.533],[116.28,37.511],[116.286,37.491],[116.257,37.479],[116.225,37.48],[116.227,37.434],[116.271,37.427],[116.283,37.401],[116.252,37.377],[116.169,37.384],[116.088,37.373],[116.031,37.356],[116.01,37.343],[115.973,37.324],[115.971,37.296],[115.967,37.266],[115.969,37.239],[115.921,37.224],[115.912,37.179],[115.885,37.129],[115.855,37.071],[115.812,37.029],[115.776,36.991],[115.797,36.969],[115.762,36.924],[115.791,36.914],[115.832,36.911],[115.859,36.908],[115.882,36.918],[115.948,36.889],[116.076,36.889],[116.115,36.898],[116.173,36.93],[116.212,36.963],[116.212,36.99],[116.226,37.025],[116.255,37.008],[116.305,36.99],[116.341,36.98],[116.406,36.969],[116.458,36.955],[116.443,36.932],[116.453,36.906],[116.418,36.894],[116.434,36.877],[116.407,36.847],[116.409,36.807],[116.396,36.792],[116.386,36.725],[116.411,36.677],[116.408,36.581],[116.413,36.519],[116.459,36.48],[116.489,36.455],[116.527,36.424],[116.546,36.409],[116.621,36.441],[116.593,36.486],[116.61,36.516],[116.647,36.544],[116.682,36.581],[116.742,36.62],[116.781,36.672],[116.831,36.724],[116.887,36.745],[116.868,36.802],[116.887,36.833],[116.936,36.83],[116.963,36.843],[116.934,36.926],[116.933,36.96],[116.886,36.984],[116.908,37.019],[116.929,37.051],[116.931,37.1],[117.045,37.123],[117.051,37.161],[117.045,37.197],[117.036,37.224],[117.032,37.253],[117.002,37.286],[117.007,37.355],[117.02,37.405],[117.038,37.435],[117.099,37.47],[117.164,37.479],[117.23,37.529],[117.273,37.533]]]]}},{"type":"Feature","properties":{"id":"371500","名称":"聊城市","所属省":"山东"},"geometry":{"type":"MultiPolygon","coordinates":[[[[116.546,36.409],[116.527,36.424],[116.489,36.455],[116.459,36.48],[116.413,36.519],[116.408,36.581],[116.411,36.677],[116.386,36.725],[116.396,36.792],[116.409,36.807],[116.407,36.847],[116.434,36.877],[116.418,36.894],[116.453,36.906],[116.443,36.932],[116.458,36.955],[116.406,36.969],[116.341,36.98],[116.305,36.99],[116.255,37.008],[116.226,37.025],[116.212,36.99],[116.212,36.963],[116.173,36.93],[116.115,36.898],[116.076,36.889],[115.948,36.889],[115.882,36.918],[115.859,36.908],[115.832,36.911],[115.791,36.914],[115.765,36.909],[115.726,36.894],[115.689,36.84],[115.666,36.813],[115.572,36.775],[115.549,36.783],[115.524,36.764],[115.475,36.744],[115.451,36.702],[115.406,36.663],[115.366,36.622],[115.341,36.603],[115.338,36.589],[115.3,36.526],[115.293,36.514],[115.276,36.487],[115.289,36.47],[115.317,36.433],[115.325,36.405],[115.369,36.343],[115.395,36.323],[115.423,36.303],[115.446,36.274],[115.477,36.246],[115.481,36.172],[115.469,36.092],[115.46,36.063],[115.443,36.009],[115.363,35.972],[115.367,35.92],[115.338,35.865],[115.335,35.797],[115.418,35.825],[115.488,35.881],[115.511,35.908],[115.584,35.922],[115.675,35.938],[115.718,35.971],[115.775,35.982],[115.817,36.013],[115.869,36.015],[115.964,36.042],[116.057,36.105],[116.164,36.146],[116.226,36.174],[116.286,36.239],[116.331,36.291],[116.441,36.322],[116.52,36.384],[116.546,36.409]]],[[[115.495,35.896],[115.488,35.881],[115.503,35.889],[115.513,35.89],[115.505,35.899],[115.495,35.896]]]]}},{"type":"Feature","properties":{"id":"371600","名称":"滨州市","所属省":"山东"},"geometry":{"type":"MultiPolygon","coordinates":[[[[117.273,37.533],[117.307,37.508],[117.284,37.472],[117.309,37.447],[117.36,37.406],[117.408,37.354],[117.43,37.285],[117.444,37.25],[117.409,37.24],[117.436,37.184],[117.451,37.144],[117.409,37.089],[117.339,37.056],[117.317,37.021],[117.378,36.957],[117.415,36.957],[117.478,36.961],[117.52,36.957],[117.549,36.965],[117.551,36.934],[117.584,36.894],[117.581,36.851],[117.688,36.764],[117.737,36.729],[117.726,36.695],[117.793,36.708],[117.826,36.763],[117.851,36.765],[117.816,36.789],[117.832,36.837],[117.866,36.867],[117.917,36.87],[117.94,36.901],[117.949,36.918],[117.932,36.942],[117.907,36.982],[117.871,37.013],[117.847,37.066],[117.74,37.065],[117.645,37.084],[117.575,37.089],[117.558,37.124],[117.592,37.17],[117.63,37.247],[117.693,37.258],[117.782,37.249],[117.878,37.273],[117.949,37.268],[117.991,37.249],[117.981,37.219],[118.02,37.21],[118.048,37.206],[118.083,37.186],[118.06,37.151],[118.057,37.106],[118.063,37.083],[118.13,37.091],[118.158,37.058],[118.139,37.033],[118.153,37.001],[118.193,36.978],[118.231,36.975],[118.263,37.003],[118.308,37.02],[118.338,37.054],[118.338,37.103],[118.341,37.132],[118.367,37.147],[118.383,37.191],[118.347,37.233],[118.376,37.258],[118.358,37.281],[118.326,37.297],[118.315,37.352],[118.274,37.36],[118.245,37.368],[118.202,37.382],[118.142,37.377],[118.16,37.4],[118.136,37.442],[118.113,37.464],[118.135,37.497],[118.142,37.519],[118.173,37.547],[118.134,37.559],[118.135,37.59],[118.157,37.62],[118.172,37.644],[118.207,37.662],[118.261,37.655],[118.305,37.683],[118.317,37.728],[118.353,37.758],[118.362,37.792],[118.346,37.832],[118.313,37.861],[118.258,37.844],[118.239,37.869],[118.233,37.922],[118.216,37.949],[118.23,37.986],[118.227,38.08],[118.228,38.119],[118.178,38.186],[118.019,38.203],[117.893,38.288],[117.824,38.236],[117.796,38.194],[117.772,38.166],[117.743,38.123],[117.68,38.08],[117.605,38.073],[117.556,38.057],[117.549,38.01],[117.529,37.932],[117.569,37.882],[117.607,37.845],[117.566,37.813],[117.547,37.767],[117.544,37.748],[117.54,37.714],[117.504,37.681],[117.452,37.67],[117.407,37.679],[117.358,37.658],[117.353,37.707],[117.318,37.662],[117.318,37.615],[117.281,37.566],[117.273,37.533]]],[[[118.408,38.026],[118.42,38.026],[118.419,38.053],[118.41,38.053],[118.408,38.026]]]]}},{"type":"Feature","properties":{"id":"371700","名称":"菏泽市","所属省":"山东"},"geometry":{"type":"MultiPolygon","coordinates":[[[[115.876,35.867],[115.86,35.858],[115.817,35.844],[115.753,35.833],[115.717,35.803],[115.698,35.768],[115.62,35.739],[115.553,35.73],[115.486,35.71],[115.416,35.624],[115.384,35.578],[115.359,35.566],[115.361,35.543],[115.356,35.49],[115.271,35.457],[115.21,35.423],[115.137,35.422],[115.118,35.418],[115.085,35.41],[115.043,35.377],[115.014,35.318],[114.976,35.27],[114.93,35.248],[114.877,35.189],[114.842,35.151],[114.883,35.099],[114.819,35.052],[114.847,35.023],[114.884,35.022],[114.914,34.978],[114.97,34.99],[115.038,34.982],[115.128,35.004],[115.157,34.967],[115.208,34.958],[115.203,34.926],[115.249,34.895],[115.256,34.845],[115.317,34.859],[115.379,34.829],[115.414,34.808],[115.449,34.744],[115.447,34.699],[115.479,34.626],[115.555,34.569],[115.61,34.572],[115.669,34.557],[115.711,34.599],[115.802,34.572],[115.85,34.566],[115.984,34.589],[116.01,34.616],[116.083,34.608],[116.135,34.56],[116.199,34.578],[116.253,34.566],[116.279,34.602],[116.325,34.601],[116.374,34.64],[116.385,34.687],[116.377,34.718],[116.371,34.75],[116.374,34.865],[116.326,34.875],[116.227,34.912],[116.162,34.944],[116.171,34.975],[116.119,35.053],[116.141,35.091],[116.215,35.156],[116.228,35.194],[116.269,35.191],[116.266,35.272],[116.2,35.305],[116.221,35.359],[116.216,35.42],[116.207,35.466],[116.178,35.466],[116.161,35.472],[116.121,35.498],[116.114,35.578],[116.116,35.618],[116.103,35.687],[116.041,35.734],[115.945,35.792],[115.898,35.805],[115.876,35.867]]]]}},{"type":"Feature","properties":{"id":"410100","名称":"郑州市","所属省":"河南"},"geometry":{"type":"MultiPolygon","coordinates":[[[[114.221,34.919],[114.161,34.934],[114.051,34.944],[113.974,34.91],[113.826,34.878],[113.766,34.915],[113.685,34.906],[113.631,34.929],[113.543,34.968],[113.45,34.96],[113.376,34.98],[113.315,34.942],[113.239,34.94],[113.18,34.894],[113.108,34.845],[113.004,34.864],[112.943,34.831],[112.885,34.853],[112.853,34.811],[112.81,34.795],[112.846,34.78],[112.909,34.771],[112.939,34.724],[112.894,34.695],[112.83,34.694],[112.847,34.64],[112.84,34.623],[112.862,34.59],[112.891,34.547],[112.968,34.541],[112.93,34.526],[112.923,34.477],[112.856,34.478],[112.775,34.5],[112.742,34.434],[112.734,34.393],[112.728,34.361],[112.777,34.345],[112.824,34.333],[112.841,34.298],[112.912,34.294],[112.993,34.297],[113.037,34.28],[113.098,34.262],[113.175,34.282],[113.21,34.312],[113.268,34.338],[113.314,34.374],[113.349,34.405],[113.39,34.376],[113.414,34.349],[113.483,34.343],[113.517,34.329],[113.58,34.32],[113.635,34.29],[113.68,34.282],[113.713,34.301],[113.777,34.315],[113.832,34.323],[113.885,34.328],[113.879,34.395],[113.912,34.452],[113.949,34.453],[114.007,34.439],[114.008,34.47],[114.063,34.49],[114.094,34.502],[114.13,34.575],[114.126,34.608],[114.155,34.606],[114.16,34.666],[114.138,34.735],[114.134,34.802],[114.185,34.826],[114.221,34.919]]]]}},{"type":"Feature","properties":{"id":"410200","名称":"开封市","所属省":"河南"},"geometry":{"type":"MultiPolygon","coordinates":[[[[113.885,34.328],[113.905,34.294],[113.964,34.293],[113.993,34.273],[114.011,34.242],[114.069,34.25],[114.108,34.229],[114.123,34.204],[114.198,34.218],[114.26,34.252],[114.301,34.268],[114.386,34.244],[114.441,34.271],[114.424,34.309],[114.44,34.336],[114.462,34.33],[114.51,34.31],[114.552,34.285],[114.602,34.271],[114.668,34.25],[114.724,34.228],[114.765,34.254],[114.831,34.268],[114.897,34.266],[114.862,34.329],[114.888,34.384],[114.849,34.41],[114.856,34.437],[114.881,34.45],[114.912,34.484],[114.918,34.512],[114.918,34.542],[114.905,34.586],[114.902,34.645],[114.927,34.669],[114.908,34.698],[114.856,34.711],[114.836,34.747],[114.867,34.769],[114.923,34.748],[114.988,34.765],[115.104,34.772],[115.164,34.783],[115.203,34.806],[115.257,34.812],[115.239,34.875],[115.239,34.912],[115.222,34.946],[115.175,34.962],[115.131,34.984],[115.075,35],[115.016,34.977],[114.924,34.969],[114.88,35.004],[114.827,35.01],[114.766,34.978],[114.768,34.928],[114.734,34.889],[114.68,34.909],[114.557,34.906],[114.418,34.931],[114.35,34.908],[114.227,34.913],[114.2,34.833],[114.123,34.818],[114.158,34.759],[114.157,34.687],[114.152,34.618],[114.128,34.617],[114.128,34.585],[114.1,34.535],[114.07,34.481],[114.01,34.48],[114.02,34.445],[113.949,34.435],[113.916,34.445],[113.878,34.411],[113.888,34.348],[113.885,34.328]]]]}},{"type":"Feature","properties":{"id":"410300","名称":"洛阳市","所属省":"河南"},"geometry":{"type":"MultiPolygon","coordinates":[[[[111.261,33.797],[111.315,33.764],[111.39,33.771],[111.484,33.727],[111.541,33.733],[111.645,33.721],[111.729,33.688],[111.828,33.606],[111.885,33.596],[111.994,33.585],[112.019,33.594],[112.038,33.622],[112.092,33.607],[112.074,33.653],[112.142,33.692],[112.178,33.716],[112.23,33.717],[112.263,33.744],[112.277,33.792],[112.323,33.828],[112.41,33.806],[112.462,33.846],[112.534,33.88],[112.503,33.913],[112.539,33.968],[112.549,34.017],[112.577,34.062],[112.616,34.129],[112.589,34.186],[112.576,34.254],[112.573,34.298],[112.624,34.338],[112.669,34.325],[112.741,34.334],[112.757,34.357],[112.722,34.38],[112.73,34.417],[112.74,34.491],[112.806,34.479],[112.896,34.476],[112.927,34.5],[112.977,34.531],[112.93,34.547],[112.878,34.568],[112.839,34.596],[112.825,34.629],[112.836,34.668],[112.868,34.708],[112.916,34.711],[112.902,34.753],[112.888,34.783],[112.817,34.778],[112.827,34.819],[112.753,34.829],[112.657,34.86],[112.638,34.897],[112.579,34.933],[112.564,34.95],[112.505,34.943],[112.527,34.929],[112.506,34.899],[112.433,34.921],[112.335,34.941],[112.267,34.953],[112.212,34.965],[112.126,35.021],[112.035,35.034],[112.021,35.068],[111.959,35.049],[111.992,35.005],[111.958,34.986],[111.951,34.948],[111.89,34.92],[111.922,34.884],[111.981,34.858],[112.014,34.818],[112.03,34.793],[112.019,34.763],[111.996,34.737],[111.993,34.694],[111.98,34.654],[111.943,34.63],[111.889,34.619],[111.821,34.634],[111.764,34.609],[111.696,34.576],[111.693,34.536],[111.608,34.562],[111.562,34.559],[111.503,34.545],[111.452,34.506],[111.371,34.473],[111.307,34.474],[111.272,34.447],[111.213,34.437],[111.189,34.399],[111.141,34.373],[111.167,34.345],[111.182,34.279],[111.167,34.229],[111.215,34.181],[111.268,34.147],[111.305,34.14],[111.345,34.109],[111.342,34.056],[111.356,33.984],[111.303,33.928],[111.24,33.933],[111.234,33.895],[111.219,33.873],[111.262,33.823],[111.261,33.797]]],[[[112.029,34.779],[112.03,34.783],[112.019,34.786],[112.021,34.778],[112.029,34.779]]]]}},{"type":"Feature","properties":{"id":"410400","名称":"平顶山市","所属省":"河南"},"geometry":{"type":"MultiPolygon","coordinates":[[[[113.585,33.711],[113.573,33.752],[113.504,33.751],[113.435,33.765],[113.386,33.802],[113.368,33.863],[113.386,33.928],[113.402,34.003],[113.355,34.043],[113.321,34.055],[113.279,34.1],[113.24,34.108],[113.222,34.102],[113.15,34.108],[113.13,34.146],[113.106,34.198],[113.067,34.224],[113.076,34.276],[113.021,34.29],[112.954,34.302],[112.874,34.298],[112.855,34.316],[112.789,34.331],[112.741,34.334],[112.669,34.325],[112.624,34.338],[112.573,34.298],[112.576,34.254],[112.589,34.186],[112.616,34.129],[112.577,34.062],[112.549,34.017],[112.539,33.968],[112.503,33.913],[112.534,33.88],[112.462,33.846],[112.41,33.806],[112.323,33.828],[112.277,33.792],[112.263,33.744],[112.278,33.712],[112.353,33.67],[112.408,33.675],[112.477,33.638],[112.523,33.596],[112.576,33.602],[112.611,33.602],[112.66,33.605],[112.706,33.585],[112.76,33.572],[112.82,33.575],[112.87,33.611],[112.943,33.608],[112.987,33.576],[113.028,33.547],[113.044,33.517],[113.041,33.474],[113.075,33.448],[113.142,33.426],[113.198,33.42],[113.241,33.374],[113.277,33.35],[113.335,33.352],[113.401,33.315],[113.4,33.261],[113.384,33.197],[113.382,33.156],[113.398,33.15],[113.46,33.157],[113.532,33.153],[113.574,33.157],[113.626,33.15],[113.627,33.187],[113.619,33.291],[113.639,33.355],[113.683,33.419],[113.621,33.411],[113.547,33.406],[113.506,33.415],[113.474,33.444],[113.483,33.5],[113.532,33.497],[113.546,33.549],[113.552,33.587],[113.621,33.62],[113.588,33.655],[113.585,33.711]]]]}},{"type":"Feature","properties":{"id":"410500","名称":"安阳市","所属省":"河南"},"geometry":{"type":"MultiPolygon","coordinates":[[[[114.419,35.474],[114.405,35.426],[114.413,35.37],[114.404,35.326],[114.408,35.292],[114.391,35.258],[114.394,35.22],[114.432,35.209],[114.488,35.207],[114.541,35.243],[114.608,35.293],[114.68,35.291],[114.697,35.337],[114.762,35.345],[114.857,35.388],[114.968,35.399],[114.962,35.446],[114.939,35.481],[114.969,35.518],[114.909,35.586],[114.876,35.629],[114.919,35.665],[114.908,35.723],[114.908,35.766],[114.945,35.825],[114.953,35.858],[114.978,35.905],[114.983,35.983],[114.974,36.012],[114.942,36.038],[114.922,36.103],[114.893,36.14],[114.858,36.128],[114.803,36.131],[114.764,36.126],[114.734,36.156],[114.691,36.138],[114.619,36.123],[114.587,36.141],[114.544,36.162],[114.506,36.178],[114.466,36.198],[114.408,36.225],[114.354,36.243],[114.328,36.248],[114.274,36.255],[114.224,36.271],[114.181,36.243],[114.163,36.265],[114.093,36.278],[114.043,36.297],[114.045,36.326],[114.031,36.351],[113.986,36.358],[113.994,36.337],[113.982,36.318],[113.953,36.358],[113.956,36.336],[113.901,36.337],[113.854,36.33],[113.797,36.347],[113.755,36.366],[113.731,36.363],[113.709,36.3],[113.704,36.238],[113.682,36.216],[113.686,36.196],[113.652,36.172],[113.696,36.153],[113.714,36.133],[113.656,36.125],[113.684,36.078],[113.661,36.043],[113.695,36.018],[113.679,35.986],[113.648,35.967],[113.637,35.87],[113.701,35.837],[113.727,35.823],[113.752,35.788],[113.777,35.759],[113.8,35.714],[113.806,35.673],[113.868,35.681],[113.927,35.686],[113.97,35.69],[114.002,35.725],[114.055,35.749],[114.078,35.803],[114.025,35.797],[114.026,35.829],[114.039,35.859],[114.075,35.904],[114.039,35.944],[114.066,35.964],[114.108,35.982],[114.136,36.032],[114.175,36.031],[114.182,35.983],[114.218,35.998],[114.28,35.947],[114.303,35.931],[114.271,35.9],[114.244,35.872],[114.237,35.809],[114.263,35.774],[114.284,35.783],[114.365,35.819],[114.446,35.819],[114.51,35.837],[114.588,35.84],[114.637,35.794],[114.709,35.787],[114.751,35.738],[114.706,35.69],[114.661,35.651],[114.592,35.629],[114.543,35.603],[114.498,35.584],[114.456,35.558],[114.395,35.509],[114.419,35.474]]]]}},{"type":"Feature","properties":{"id":"410600","名称":"鹤壁市","所属省":"河南"},"geometry":{"type":"MultiPolygon","coordinates":[[[[113.996,35.705],[114.05,35.676],[114.06,35.611],[114.105,35.554],[114.192,35.522],[114.26,35.505],[114.276,35.49],[114.312,35.447],[114.36,35.469],[114.395,35.478],[114.409,35.489],[114.426,35.544],[114.483,35.584],[114.503,35.609],[114.577,35.617],[114.645,35.655],[114.688,35.684],[114.736,35.709],[114.72,35.778],[114.659,35.791],[114.598,35.825],[114.553,35.828],[114.451,35.829],[114.397,35.817],[114.295,35.794],[114.256,35.774],[114.242,35.806],[114.243,35.863],[114.281,35.892],[114.296,35.925],[114.297,35.958],[114.224,35.982],[114.192,35.981],[114.178,36.013],[114.159,36.047],[114.103,35.995],[114.073,35.974],[114.029,35.95],[114.082,35.915],[114.057,35.87],[114.015,35.845],[114.022,35.804],[114.069,35.805],[114.067,35.759],[114.018,35.726],[113.996,35.705]]]]}},{"type":"Feature","properties":{"id":"410700","名称":"新乡市","所属省":"河南"},"geometry":{"type":"MultiPolygon","coordinates":[[[[114.951,35.381],[114.81,35.354],[114.754,35.341],[114.702,35.329],[114.663,35.292],[114.597,35.286],[114.527,35.236],[114.465,35.217],[114.431,35.222],[114.392,35.227],[114.395,35.264],[114.416,35.303],[114.423,35.325],[114.424,35.38],[114.412,35.436],[114.41,35.469],[114.37,35.462],[114.324,35.444],[114.272,35.476],[114.276,35.501],[114.202,35.525],[114.12,35.551],[114.056,35.594],[114.059,35.657],[114.02,35.696],[113.956,35.691],[113.923,35.682],[113.859,35.682],[113.785,35.674],[113.802,35.733],[113.779,35.763],[113.756,35.794],[113.712,35.818],[113.661,35.837],[113.606,35.824],[113.586,35.806],[113.593,35.79],[113.591,35.728],[113.624,35.672],[113.592,35.632],[113.56,35.66],[113.557,35.62],[113.53,35.588],[113.509,35.523],[113.463,35.516],[113.392,35.507],[113.404,35.462],[113.462,35.397],[113.47,35.353],[113.485,35.316],[113.523,35.264],[113.521,35.212],[113.543,35.145],[113.6,35.121],[113.645,35.019],[113.635,34.998],[113.592,34.934],[113.671,34.91],[113.749,34.919],[113.8,34.88],[113.954,34.898],[114.028,34.959],[114.121,34.957],[114.209,34.927],[114.284,34.908],[114.383,34.937],[114.513,34.895],[114.634,34.905],[114.709,34.892],[114.775,34.901],[114.741,34.961],[114.816,35.014],[114.851,35.042],[114.861,35.083],[114.873,35.126],[114.85,35.173],[114.928,35.195],[114.958,35.261],[114.98,35.295],[114.977,35.352],[114.951,35.381]]]]}},{"type":"Feature","properties":{"id":"410800","名称":"焦作市","所属省":"河南"},"geometry":{"type":"MultiPolygon","coordinates":[[[[112.827,34.819],[112.873,34.833],[112.914,34.847],[112.989,34.856],[113.04,34.842],[113.148,34.856],[113.228,34.908],[113.26,34.954],[113.344,34.95],[113.427,34.984],[113.496,34.96],[113.575,34.951],[113.618,34.992],[113.63,35.017],[113.607,35.099],[113.565,35.138],[113.521,35.193],[113.539,35.243],[113.487,35.294],[113.467,35.35],[113.482,35.37],[113.428,35.449],[113.383,35.495],[113.326,35.469],[113.309,35.466],[113.306,35.461],[113.278,35.435],[113.245,35.448],[113.191,35.434],[113.176,35.414],[113.17,35.387],[113.149,35.351],[113.108,35.341],[113.061,35.352],[112.991,35.356],[112.992,35.302],[112.948,35.286],[112.907,35.246],[112.857,35.247],[112.784,35.235],[112.767,35.183],[112.753,35.085],[112.727,35.035],[112.666,34.987],[112.614,34.98],[112.572,34.949],[112.618,34.92],[112.636,34.883],[112.697,34.841],[112.788,34.838],[112.827,34.819]]]]}},{"type":"Feature","properties":{"id":"410900","名称":"濮阳市","所属省":"河南"},"geometry":{"type":"MultiPolygon","coordinates":[[[[115.017,35.337],[115.058,35.379],[115.092,35.416],[115.118,35.4],[115.168,35.426],[115.237,35.423],[115.287,35.465],[115.358,35.507],[115.346,35.547],[115.37,35.56],[115.39,35.577],[115.439,35.644],[115.511,35.727],[115.563,35.739],[115.665,35.751],[115.704,35.789],[115.728,35.816],[115.764,35.838],[115.841,35.85],[115.873,35.873],[115.883,35.88],[115.872,35.909],[115.906,35.945],[116.008,35.973],[116.063,36.029],[116.087,36.071],[116.057,36.105],[115.964,36.042],[115.896,36.026],[115.838,36.011],[115.787,35.991],[115.736,35.967],[115.684,35.944],[115.584,35.922],[115.434,35.839],[115.371,35.789],[115.344,35.839],[115.357,35.87],[115.354,35.938],[115.396,35.992],[115.449,36.047],[115.46,36.08],[115.47,36.153],[115.431,36.149],[115.4,36.14],[115.36,36.095],[115.308,36.091],[115.264,36.159],[115.203,36.204],[115.157,36.195],[115.11,36.199],[115.063,36.178],[115.046,36.112],[114.969,36.07],[114.921,36.048],[114.983,36.019],[114.986,35.992],[114.972,35.923],[114.959,35.863],[114.934,35.828],[114.921,35.78],[114.89,35.739],[114.918,35.688],[114.89,35.647],[114.885,35.6],[114.968,35.538],[114.941,35.491],[114.968,35.457],[114.986,35.414],[114.968,35.354],[115.017,35.337]]],[[[115.505,35.899],[115.511,35.908],[115.505,35.914],[115.491,35.908],[115.49,35.9],[115.497,35.895],[115.505,35.899]]]]}},{"type":"Feature","properties":{"id":"411000","名称":"许昌市","所属省":"河南"},"geometry":{"type":"MultiPolygon","coordinates":[[[[114.26,34.252],[114.198,34.218],[114.123,34.204],[114.108,34.229],[114.069,34.25],[114.011,34.242],[113.993,34.273],[113.964,34.293],[113.905,34.294],[113.885,34.328],[113.832,34.323],[113.777,34.315],[113.713,34.301],[113.68,34.282],[113.635,34.29],[113.58,34.32],[113.517,34.329],[113.483,34.343],[113.414,34.349],[113.39,34.376],[113.349,34.405],[113.314,34.374],[113.268,34.338],[113.21,34.312],[113.175,34.282],[113.098,34.262],[113.067,34.224],[113.106,34.198],[113.13,34.146],[113.15,34.108],[113.222,34.102],[113.24,34.108],[113.279,34.1],[113.321,34.055],[113.355,34.043],[113.402,34.003],[113.386,33.928],[113.368,33.863],[113.386,33.802],[113.435,33.765],[113.504,33.751],[113.573,33.752],[113.585,33.711],[113.612,33.696],[113.645,33.696],[113.707,33.694],[113.742,33.702],[113.75,33.74],[113.753,33.772],[113.731,33.836],[113.736,33.859],[113.766,33.884],[113.807,33.881],[113.82,33.891],[113.862,33.885],[113.86,33.949],[113.9,33.943],[113.952,33.974],[114.038,33.986],[114.065,33.949],[114.104,33.926],[114.117,33.872],[114.16,33.816],[114.18,33.799],[114.218,33.793],[114.31,33.781],[114.316,33.833],[114.312,33.853],[114.306,33.89],[114.312,33.982],[114.282,34.047],[114.273,34.103],[114.275,34.175],[114.273,34.228],[114.26,34.252]]],[[[113.813,33.886],[113.812,33.886],[113.812,33.879],[113.827,33.876],[113.824,33.89],[113.82,33.891],[113.818,33.887],[113.813,33.886]]]]}},{"type":"Feature","properties":{"id":"411100","名称":"漯河市","所属省":"河南"},"geometry":{"type":"MultiPolygon","coordinates":[[[[113.688,33.408],[113.721,33.433],[113.806,33.446],[113.865,33.479],[113.954,33.474],[113.999,33.501],[114.034,33.524],[114.076,33.518],[114.104,33.499],[114.132,33.472],[114.172,33.459],[114.195,33.448],[114.267,33.462],[114.281,33.514],[114.279,33.57],[114.277,33.622],[114.26,33.681],[114.197,33.691],[114.162,33.67],[114.116,33.651],[114.091,33.716],[114.098,33.765],[114.134,33.791],[114.16,33.816],[114.117,33.872],[114.104,33.926],[114.065,33.949],[114.038,33.986],[113.952,33.974],[113.9,33.943],[113.86,33.949],[113.862,33.885],[113.812,33.886],[113.778,33.885],[113.739,33.869],[113.73,33.845],[113.753,33.791],[113.737,33.742],[113.744,33.713],[113.71,33.708],[113.671,33.699],[113.629,33.689],[113.609,33.709],[113.581,33.682],[113.628,33.629],[113.577,33.593],[113.557,33.554],[113.538,33.498],[113.503,33.5],[113.472,33.463],[113.484,33.421],[113.54,33.419],[113.597,33.412],[113.659,33.424],[113.688,33.408]]]]}},{"type":"Feature","properties":{"id":"411200","名称":"三门峡市","所属省":"河南"},"geometry":{"type":"MultiPolygon","coordinates":[[[[111.973,35.07],[111.918,35.071],[111.862,35.075],[111.809,35.037],[111.749,35.016],[111.687,34.989],[111.682,34.951],[111.618,34.895],[111.583,34.853],[111.544,34.853],[111.503,34.83],[111.439,34.838],[111.355,34.823],[111.306,34.815],[111.255,34.82],[111.209,34.801],[111.148,34.807],[111.066,34.752],[110.964,34.706],[110.916,34.723],[110.884,34.644],[110.824,34.616],[110.761,34.654],[110.713,34.608],[110.594,34.603],[110.476,34.611],[110.408,34.589],[110.399,34.563],[110.361,34.518],[110.393,34.465],[110.41,34.429],[110.467,34.41],[110.503,34.345],[110.466,34.306],[110.433,34.273],[110.508,34.218],[110.589,34.19],[110.642,34.161],[110.618,34.124],[110.588,34.062],[110.62,34.036],[110.639,34.005],[110.676,33.947],[110.626,33.908],[110.601,33.871],[110.65,33.846],[110.723,33.819],[110.766,33.795],[110.808,33.757],[110.823,33.693],[110.858,33.658],[110.941,33.62],[111.004,33.579],[111.07,33.566],[111.123,33.599],[111.152,33.645],[111.141,33.679],[111.186,33.704],[111.196,33.758],[111.24,33.797],[111.232,33.857],[111.206,33.892],[111.227,33.913],[111.277,33.935],[111.325,33.963],[111.355,34.015],[111.367,34.093],[111.313,34.117],[111.282,34.139],[111.249,34.163],[111.176,34.209],[111.188,34.25],[111.185,34.317],[111.141,34.353],[111.157,34.395],[111.198,34.419],[111.228,34.46],[111.289,34.486],[111.344,34.473],[111.395,34.482],[111.485,34.526],[111.539,34.543],[111.584,34.556],[111.67,34.541],[111.672,34.572],[111.74,34.6],[111.797,34.626],[111.831,34.649],[111.929,34.6],[111.967,34.643],[111.985,34.686],[112.015,34.724],[111.998,34.751],[112.031,34.778],[112.03,34.783],[112.013,34.804],[111.983,34.846],[111.949,34.852],[111.883,34.894],[111.922,34.934],[111.983,34.971],[111.981,34.99],[111.94,35.031],[111.973,35.07]]],[[[112.032,34.783],[112.03,34.783],[112.029,34.779],[112.031,34.778],[112.032,34.783]]]]}},{"type":"Feature","properties":{"id":"411300","名称":"南阳市","所属省":"河南"},"geometry":{"type":"MultiPolygon","coordinates":[[[[111.01,33.56],[111.027,33.493],[111.011,33.407],[111.027,33.365],[111,33.324],[110.998,33.291],[110.985,33.255],[111.03,33.215],[111.037,33.161],[111.089,33.182],[111.132,33.138],[111.18,33.115],[111.168,33.064],[111.18,33.044],[111.241,33.02],[111.268,32.964],[111.25,32.914],[111.28,32.904],[111.316,32.851],[111.385,32.821],[111.41,32.769],[111.447,32.755],[111.468,32.771],[111.457,32.727],[111.425,32.733],[111.468,32.707],[111.525,32.647],[111.604,32.61],[111.641,32.617],[111.714,32.607],[111.767,32.565],[111.828,32.531],[111.89,32.503],[111.956,32.512],[111.99,32.458],[112.032,32.462],[112.07,32.46],[112.081,32.426],[112.124,32.399],[112.165,32.385],[112.15,32.412],[112.179,32.392],[112.231,32.377],[112.288,32.346],[112.339,32.349],[112.388,32.364],[112.45,32.343],[112.477,32.381],[112.531,32.377],[112.578,32.388],[112.612,32.387],[112.686,32.358],[112.735,32.352],[112.804,32.372],[112.879,32.393],[112.912,32.391],[112.988,32.372],[113.013,32.417],[113.079,32.394],[113.156,32.381],[113.186,32.422],[113.26,32.391],[113.325,32.347],[113.332,32.316],[113.394,32.288],[113.429,32.271],[113.512,32.317],[113.548,32.316],[113.551,32.329],[113.59,32.349],[113.604,32.365],[113.637,32.386],[113.665,32.422],[113.702,32.42],[113.725,32.436],[113.741,32.465],[113.759,32.509],[113.769,32.559],[113.814,32.601],[113.792,32.642],[113.729,32.67],[113.649,32.708],[113.61,32.697],[113.596,32.65],[113.565,32.603],[113.513,32.572],[113.459,32.586],[113.401,32.613],[113.352,32.574],[113.316,32.588],[113.281,32.596],[113.205,32.57],[113.202,32.614],[113.188,32.652],[113.236,32.679],[113.269,32.662],[113.231,32.702],[113.194,32.733],[113.185,32.788],[113.176,32.832],[113.187,32.866],[113.208,32.916],[113.156,32.936],[113.11,32.942],[113.12,33.001],[113.165,33.049],[113.219,33.065],[113.271,33.081],[113.334,33.086],[113.38,33.136],[113.37,33.183],[113.391,33.226],[113.388,33.299],[113.4,33.336],[113.303,33.349],[113.258,33.366],[113.231,33.389],[113.176,33.436],[113.126,33.44],[113.041,33.447],[113.049,33.492],[113.036,33.54],[112.997,33.569],[112.964,33.584],[112.894,33.616],[112.853,33.584],[112.784,33.568],[112.743,33.579],[112.684,33.592],[112.634,33.595],[112.6,33.618],[112.549,33.594],[112.503,33.622],[112.454,33.645],[112.375,33.667],[112.313,33.685],[112.249,33.719],[112.185,33.699],[112.159,33.72],[112.121,33.669],[112.076,33.634],[112.066,33.608],[112.015,33.614],[112.028,33.593],[111.916,33.572],[111.843,33.596],[111.819,33.653],[111.685,33.678],[111.591,33.728],[111.516,33.74],[111.434,33.748],[111.336,33.768],[111.289,33.78],[111.235,33.801],[111.194,33.745],[111.181,33.687],[111.133,33.679],[111.144,33.633],[111.115,33.579],[111.058,33.556],[111.01,33.56]]],[[[111.034,33.178],[111.038,33.185],[111.032,33.189],[111.016,33.174],[111.034,33.178]]],[[[112.734,32.357],[112.731,32.363],[112.723,32.361],[112.734,32.357]]]]}},{"type":"Feature","properties":{"id":"411400","名称":"商丘市","所属省":"河南"},"geometry":{"type":"MultiPolygon","coordinates":[[[[115.654,34.06],[115.706,34.06],[115.78,34.073],[115.832,34.038],[115.877,34.003],[115.899,34.015],[115.958,34.008],[116,33.963],[115.999,33.902],[116.059,33.861],[116.046,33.829],[116.055,33.805],[116.099,33.775],[116.174,33.709],[116.23,33.735],[116.308,33.758],[116.349,33.779],[116.408,33.806],[116.434,33.812],[116.474,33.861],[116.521,33.871],[116.547,33.883],[116.567,33.908],[116.627,33.889],[116.64,33.949],[116.63,33.984],[116.604,34.023],[116.567,34.084],[116.528,34.123],[116.566,34.169],[116.547,34.228],[116.582,34.267],[116.49,34.291],[116.453,34.287],[116.416,34.268],[116.372,34.266],[116.358,34.32],[116.277,34.36],[116.214,34.382],[116.205,34.416],[116.179,34.484],[116.204,34.519],[116.19,34.571],[116.125,34.572],[116.055,34.595],[116.002,34.619],[115.97,34.583],[115.838,34.568],[115.762,34.588],[115.697,34.569],[115.639,34.572],[115.561,34.572],[115.492,34.607],[115.445,34.675],[115.437,34.734],[115.427,34.805],[115.394,34.832],[115.33,34.852],[115.267,34.853],[115.243,34.813],[115.198,34.795],[115.154,34.782],[115.039,34.774],[114.981,34.761],[114.894,34.763],[114.836,34.767],[114.859,34.74],[114.858,34.692],[114.932,34.687],[114.906,34.667],[114.898,34.632],[114.907,34.574],[114.911,34.535],[114.91,34.495],[114.904,34.468],[114.872,34.454],[114.865,34.434],[114.852,34.4],[114.879,34.371],[114.871,34.306],[114.934,34.282],[114.987,34.253],[115.052,34.225],[115.126,34.209],[115.128,34.147],[115.118,34.099],[115.14,34.056],[115.083,34.025],[115.07,33.991],[115.05,33.95],[115.107,33.936],[115.142,33.958],[115.205,33.974],[115.241,33.975],[115.258,34.015],[115.293,33.996],[115.349,34.018],[115.44,33.986],[115.503,34.015],[115.548,34.038],[115.574,34.086],[115.654,34.06]]]]}},{"type":"Feature","properties":{"id":"411500","名称":"信阳市","所属省":"河南"},"geometry":{"type":"MultiPolygon","coordinates":[[[[113.749,32.273],[113.748,32.235],[113.783,32.19],[113.74,32.113],[113.728,32.083],[113.781,32.049],[113.759,32.001],[113.788,31.974],[113.805,31.931],[113.835,31.893],[113.859,31.841],[113.907,31.869],[113.955,31.856],[113.953,31.794],[113.979,31.754],[114.048,31.773],[114.087,31.782],[114.128,31.826],[114.163,31.841],[114.209,31.843],[114.249,31.811],[114.293,31.752],[114.374,31.744],[114.419,31.733],[114.461,31.733],[114.504,31.756],[114.545,31.746],[114.573,31.763],[114.584,31.732],[114.586,31.693],[114.55,31.642],[114.561,31.561],[114.596,31.576],[114.644,31.575],[114.678,31.544],[114.723,31.521],[114.771,31.52],[114.783,31.495],[114.824,31.47],[114.875,31.478],[114.925,31.48],[114.976,31.496],[115.011,31.488],[115.03,31.528],[115.096,31.508],[115.106,31.54],[115.127,31.579],[115.177,31.599],[115.207,31.564],[115.218,31.515],[115.217,31.463],[115.253,31.422],[115.281,31.4],[115.327,31.391],[115.383,31.419],[115.372,31.496],[115.416,31.526],[115.439,31.58],[115.491,31.624],[115.495,31.673],[115.565,31.709],[115.619,31.738],[115.69,31.777],[115.737,31.763],[115.768,31.788],[115.815,31.762],[115.858,31.774],[115.915,31.812],[115.896,31.867],[115.916,31.936],[115.925,31.996],[115.928,32.036],[115.943,32.078],[115.938,32.152],[115.923,32.204],[115.911,32.284],[115.905,32.341],[115.889,32.413],[115.883,32.456],[115.883,32.489],[115.846,32.502],[115.876,32.542],[115.912,32.578],[115.846,32.532],[115.804,32.485],[115.786,32.489],[115.719,32.486],[115.701,32.473],[115.681,32.44],[115.658,32.429],[115.586,32.419],[115.568,32.422],[115.524,32.448],[115.485,32.504],[115.466,32.52],[115.432,32.552],[115.412,32.575],[115.33,32.561],[115.296,32.563],[115.306,32.583],[115.267,32.578],[115.243,32.593],[115.201,32.592],[115.146,32.58],[115.112,32.607],[115.065,32.629],[114.958,32.66],[114.901,32.649],[114.863,32.624],[114.806,32.609],[114.803,32.583],[114.781,32.535],[114.774,32.509],[114.725,32.541],[114.677,32.515],[114.607,32.513],[114.575,32.486],[114.57,32.436],[114.648,32.388],[114.623,32.352],[114.576,32.316],[114.535,32.286],[114.491,32.287],[114.438,32.288],[114.377,32.292],[114.348,32.348],[114.287,32.37],[114.269,32.409],[114.243,32.459],[114.201,32.453],[114.197,32.486],[114.165,32.462],[114.098,32.452],[114.087,32.481],[114.067,32.527],[114.015,32.516],[113.954,32.514],[113.933,32.578],[113.893,32.605],[113.85,32.617],[113.82,32.602],[113.782,32.566],[113.768,32.534],[113.753,32.465],[113.731,32.449],[113.735,32.411],[113.744,32.369],[113.771,32.359],[113.765,32.319],[113.77,32.276],[113.749,32.273]]],[[[113.768,32.284],[113.769,32.301],[113.749,32.292],[113.744,32.284],[113.749,32.273],[113.758,32.277],[113.754,32.288],[113.758,32.292],[113.768,32.284]]]]}},{"type":"Feature","properties":{"id":"411600","名称":"周口市","所属省":"河南"},"geometry":{"type":"MultiPolygon","coordinates":[[[[114.897,33.087],[114.91,33.137],[114.969,33.134],[115.012,33.098],[115.057,33.084],[115.168,33.089],[115.224,33.126],[115.27,33.138],[115.3,33.163],[115.316,33.218],[115.34,33.261],[115.347,33.301],[115.348,33.339],[115.316,33.371],[115.316,33.431],[115.325,33.458],[115.344,33.481],[115.395,33.507],[115.415,33.542],[115.485,33.559],[115.553,33.566],[115.64,33.585],[115.603,33.673],[115.602,33.717],[115.57,33.765],[115.591,33.784],[115.617,33.82],[115.633,33.867],[115.58,33.877],[115.547,33.888],[115.56,33.914],[115.578,33.95],[115.584,33.989],[115.615,34.033],[115.648,34.046],[115.62,34.083],[115.55,34.047],[115.513,34.019],[115.459,33.987],[115.362,34.016],[115.313,33.996],[115.288,34.02],[115.252,33.983],[115.195,33.987],[115.148,33.95],[115.106,33.948],[115.05,33.942],[115.062,33.979],[115.074,34.023],[115.14,34.051],[115.121,34.078],[115.127,34.134],[115.119,34.19],[115.083,34.223],[114.999,34.25],[114.941,34.274],[114.897,34.266],[114.831,34.268],[114.765,34.254],[114.724,34.228],[114.668,34.25],[114.602,34.271],[114.552,34.285],[114.51,34.31],[114.462,34.33],[114.44,34.336],[114.424,34.309],[114.441,34.271],[114.386,34.244],[114.301,34.268],[114.26,34.252],[114.288,34.207],[114.285,34.121],[114.27,34.063],[114.295,34.008],[114.31,33.96],[114.311,33.871],[114.301,33.842],[114.325,33.818],[114.25,33.779],[114.199,33.797],[114.161,33.8],[114.134,33.791],[114.098,33.765],[114.091,33.716],[114.116,33.651],[114.162,33.67],[114.197,33.691],[114.26,33.681],[114.277,33.622],[114.279,33.57],[114.281,33.514],[114.308,33.481],[114.369,33.447],[114.447,33.465],[114.49,33.435],[114.554,33.427],[114.577,33.39],[114.605,33.358],[114.654,33.342],[114.684,33.315],[114.729,33.289],[114.698,33.197],[114.718,33.144],[114.762,33.105],[114.795,33.069],[114.85,33.053],[114.897,33.087]]]]}},{"type":"Feature","properties":{"id":"411700","名称":"驻马店市","所属省":"河南"},"geometry":{"type":"MultiPolygon","coordinates":[[[[113.814,32.601],[113.844,32.622],[113.887,32.607],[113.922,32.594],[113.954,32.527],[114.007,32.508],[114.067,32.535],[114.076,32.493],[114.085,32.451],[114.157,32.458],[114.192,32.493],[114.21,32.458],[114.227,32.454],[114.254,32.425],[114.281,32.407],[114.343,32.365],[114.37,32.299],[114.429,32.289],[114.484,32.285],[114.522,32.299],[114.582,32.308],[114.611,32.35],[114.645,32.376],[114.576,32.426],[114.572,32.467],[114.582,32.514],[114.666,32.527],[114.713,32.544],[114.752,32.524],[114.787,32.524],[114.81,32.569],[114.794,32.614],[114.857,32.619],[114.902,32.635],[114.934,32.649],[115.05,32.64],[115.1,32.62],[115.137,32.587],[115.192,32.603],[115.202,32.633],[115.21,32.637],[115.205,32.673],[115.183,32.667],[115.179,32.702],[115.184,32.777],[115.212,32.787],[115.196,32.829],[115.191,32.858],[115.142,32.884],[115.086,32.903],[115.037,32.916],[114.979,32.941],[114.924,32.959],[114.883,32.99],[114.924,33.017],[114.915,33.06],[114.897,33.081],[114.834,33.059],[114.772,33.069],[114.743,33.107],[114.706,33.148],[114.699,33.208],[114.722,33.301],[114.666,33.313],[114.646,33.346],[114.589,33.363],[114.572,33.396],[114.538,33.427],[114.48,33.443],[114.408,33.461],[114.362,33.454],[114.285,33.472],[114.211,33.454],[114.18,33.454],[114.151,33.468],[114.103,33.492],[114.099,33.503],[114.039,33.53],[114.001,33.511],[113.968,33.477],[113.914,33.478],[113.826,33.461],[113.767,33.432],[113.693,33.418],[113.639,33.355],[113.619,33.291],[113.627,33.187],[113.626,33.15],[113.574,33.157],[113.532,33.153],[113.46,33.157],[113.398,33.15],[113.334,33.086],[113.271,33.081],[113.219,33.065],[113.165,33.049],[113.12,33.001],[113.11,32.942],[113.156,32.936],[113.208,32.916],[113.187,32.866],[113.176,32.832],[113.185,32.788],[113.194,32.733],[113.231,32.702],[113.269,32.662],[113.236,32.679],[113.188,32.652],[113.202,32.614],[113.205,32.57],[113.281,32.596],[113.316,32.588],[113.352,32.574],[113.401,32.613],[113.459,32.586],[113.513,32.572],[113.565,32.603],[113.596,32.65],[113.61,32.697],[113.649,32.708],[113.729,32.67],[113.792,32.642],[113.814,32.601]]]]}},{"type":"Feature","properties":{"id":"419001","名称":"济源市","所属省":"河南"},"geometry":{"type":"MultiPolygon","coordinates":[[[[112.758,35.204],[112.713,35.187],[112.684,35.227],[112.651,35.259],[112.618,35.254],[112.619,35.22],[112.559,35.213],[112.482,35.225],[112.401,35.242],[112.321,35.219],[112.294,35.253],[112.217,35.24],[112.174,35.264],[112.116,35.273],[112.055,35.272],[112.059,35.206],[112.066,35.154],[112.057,35.089],[112.039,35.045],[112.108,35.029],[112.188,34.973],[112.258,34.942],[112.321,34.941],[112.391,34.919],[112.496,34.896],[112.537,34.916],[112.497,34.922],[112.551,34.939],[112.596,34.971],[112.653,34.989],[112.699,35.023],[112.743,35.065],[112.762,35.158],[112.758,35.204]]]]}},{"type":"Feature","properties":{"id":"420100","名称":"武汉市","所属省":"湖北"},"geometry":{"type":"MultiPolygon","coordinates":[[[[113.71,30.389],[113.741,30.349],[113.764,30.305],[113.776,30.284],[113.779,30.25],[113.801,30.203],[113.843,30.187],[113.867,30.209],[113.954,30.297],[114.028,30.244],[114.037,30.208],[114.075,30.208],[114.151,30.144],[114.168,30.091],[114.199,30.041],[114.237,29.996],[114.325,30.017],[114.373,30.028],[114.451,30.005],[114.498,29.992],[114.532,29.969],[114.544,30.008],[114.55,30.032],[114.545,30.054],[114.534,30.095],[114.508,30.138],[114.52,30.176],[114.544,30.219],[114.591,30.285],[114.597,30.347],[114.583,30.438],[114.62,30.451],[114.633,30.5],[114.631,30.539],[114.666,30.572],[114.76,30.609],[114.851,30.628],[114.84,30.658],[114.813,30.686],[114.811,30.726],[114.878,30.776],[114.901,30.789],[114.952,30.774],[114.972,30.806],[115.001,30.834],[115.011,30.859],[115.052,30.86],[115.057,30.896],[115.028,30.917],[114.987,30.957],[114.991,30.982],[114.969,30.994],[114.943,30.994],[114.906,31.006],[114.856,30.984],[114.843,30.945],[114.818,30.956],[114.799,31.001],[114.763,30.966],[114.758,30.995],[114.703,30.974],[114.694,30.948],[114.643,30.933],[114.609,30.944],[114.552,30.998],[114.512,31.014],[114.516,31.064],[114.528,31.122],[114.487,31.16],[114.472,31.184],[114.435,31.206],[114.412,31.259],[114.397,31.311],[114.347,31.323],[114.302,31.337],[114.24,31.339],[114.204,31.302],[114.184,31.267],[114.203,31.218],[114.243,31.192],[114.223,31.143],[114.183,31.084],[114.168,31.038],[114.166,31.007],[114.164,30.955],[114.159,30.906],[114.171,30.83],[114.178,30.758],[114.114,30.768],[114.022,30.78],[113.949,30.78],[113.905,30.764],[113.916,30.725],[113.897,30.708],[113.938,30.698],[113.925,30.648],[113.941,30.609],[113.881,30.552],[113.863,30.53],[113.821,30.494],[113.775,30.433],[113.702,30.395],[113.71,30.389]]],[[[114.939,31.02],[114.948,31.023],[114.946,31.034],[114.933,31.037],[114.929,31.025],[114.939,31.02]]],[[[114.969,30.994],[114.983,31.002],[114.978,31.006],[114.969,30.994]]]]}},{"type":"Feature","properties":{"id":"420200","名称":"黄石市","所属省":"湖北"},"geometry":{"type":"MultiPolygon","coordinates":[[[[114.546,30.063],[114.562,30.027],[114.534,30.022],[114.541,29.975],[114.553,29.954],[114.563,29.936],[114.648,29.912],[114.724,29.895],[114.733,29.81],[114.746,29.741],[114.79,29.739],[114.845,29.699],[114.896,29.641],[114.906,29.586],[114.957,29.554],[115.001,29.572],[115.047,29.552],[115.1,29.55],[115.154,29.51],[115.157,29.564],[115.171,29.596],[115.131,29.602],[115.132,29.632],[115.109,29.663],[115.132,29.679],[115.189,29.657],[115.269,29.658],[115.286,29.619],[115.35,29.651],[115.413,29.689],[115.472,29.743],[115.487,29.818],[115.46,29.859],[115.415,29.909],[115.385,29.965],[115.322,30.075],[115.223,30.196],[115.147,30.208],[115.08,30.24],[115.025,30.248],[114.996,30.213],[114.954,30.204],[114.862,30.262],[114.836,30.292],[114.788,30.309],[114.737,30.301],[114.698,30.309],[114.674,30.267],[114.666,30.218],[114.724,30.179],[114.7,30.146],[114.731,30.104],[114.725,30.064],[114.703,30.04],[114.688,30.022],[114.645,30.015],[114.599,30.047],[114.567,30.041],[114.546,30.063]]],[[[115.14,30.237],[115.147,30.233],[115.163,30.23],[115.164,30.235],[115.15,30.244],[115.135,30.248],[115.14,30.237]]]]}},{"type":"Feature","properties":{"id":"420300","名称":"十堰市","所属省":"湖北"},"geometry":{"type":"MultiPolygon","coordinates":[[[[111.047,33.203],[111.011,33.234],[110.957,33.251],[110.922,33.204],[110.859,33.207],[110.824,33.16],[110.766,33.152],[110.72,33.1],[110.657,33.154],[110.601,33.154],[110.585,33.225],[110.529,33.247],[110.482,33.199],[110.422,33.17],[110.361,33.181],[110.297,33.171],[110.232,33.159],[110.174,33.203],[110.114,33.204],[110.018,33.2],[109.959,33.208],[109.845,33.247],[109.733,33.231],[109.676,33.256],[109.636,33.276],[109.588,33.23],[109.507,33.23],[109.472,33.181],[109.514,33.14],[109.592,33.12],[109.666,33.115],[109.746,33.084],[109.796,33.058],[109.773,32.952],[109.773,32.904],[109.828,32.891],[109.884,32.902],[109.951,32.887],[110.032,32.871],[110.101,32.835],[110.141,32.809],[110.14,32.765],[110.154,32.69],[110.206,32.633],[110.154,32.593],[110.085,32.613],[110.028,32.548],[109.971,32.578],[109.91,32.593],[109.758,32.59],[109.698,32.604],[109.62,32.567],[109.618,32.525],[109.566,32.481],[109.542,32.444],[109.511,32.399],[109.511,32.325],[109.529,32.27],[109.574,32.225],[109.59,32.174],[109.609,32.122],[109.588,32.025],[109.631,31.962],[109.585,31.901],[109.634,31.825],[109.605,31.804],[109.593,31.752],[109.606,31.715],[109.683,31.72],[109.731,31.7],[109.74,31.635],[109.746,31.578],[109.74,31.546],[109.822,31.554],[109.878,31.529],[109.945,31.507],[110.013,31.524],[110.066,31.545],[110.098,31.586],[110.192,31.581],[110.223,31.587],[110.206,31.619],[110.233,31.668],[110.234,31.733],[110.299,31.764],[110.37,31.772],[110.405,31.818],[110.464,31.814],[110.483,31.847],[110.531,31.841],[110.611,31.844],[110.652,31.843],[110.685,31.854],[110.753,31.84],[110.783,31.844],[110.808,31.853],[110.873,31.852],[110.892,31.875],[110.939,31.877],[110.995,31.864],[111.001,31.823],[111.017,31.88],[111.005,31.918],[110.984,31.935],[110.995,31.991],[111.037,32.014],[111.065,31.96],[111.099,31.963],[111.066,31.982],[111.08,32.019],[111.077,32.047],[111.064,32.084],[111.128,32.106],[111.219,32.149],[111.249,32.235],[111.225,32.266],[111.235,32.322],[111.316,32.365],[111.375,32.408],[111.424,32.413],[111.474,32.471],[111.508,32.489],[111.542,32.515],[111.585,32.578],[111.53,32.628],[111.48,32.695],[111.441,32.723],[111.445,32.737],[111.475,32.761],[111.447,32.755],[111.41,32.769],[111.385,32.821],[111.316,32.851],[111.28,32.904],[111.25,32.914],[111.268,32.964],[111.24,33.02],[111.18,33.044],[111.168,33.064],[111.18,33.115],[111.132,33.138],[111.089,33.182],[111.037,33.161],[111.031,33.188],[111.047,33.203]]],[[[111.144,32.047],[111.111,32.048],[111.085,32.001],[111.123,32.02],[111.144,32.047]]],[[[110.999,31.986],[111.006,31.922],[111.008,31.967],[110.999,31.986]]],[[[111.047,33.203],[111.036,33.188],[111.034,33.178],[111.046,33.17],[111.058,33.184],[111.056,33.193],[111.047,33.203]]]]}},{"type":"Feature","properties":{"id":"420500","名称":"宜昌市","所属省":"湖北"},"geometry":{"type":"MultiPolygon","coordinates":[[[[112.08,30.659],[112.061,30.688],[112.067,30.732],[112.049,30.786],[112.049,30.819],[112.024,30.873],[112.028,30.921],[112.015,30.934],[112.013,30.985],[111.989,31.014],[111.97,31.05],[111.919,31.05],[111.92,31.074],[111.963,31.117],[111.928,31.141],[111.918,31.18],[111.902,31.193],[111.877,31.197],[111.862,31.229],[111.81,31.251],[111.782,31.264],[111.755,31.28],[111.737,31.295],[111.757,31.319],[111.744,31.351],[111.71,31.359],[111.66,31.35],[111.519,31.302],[111.438,31.313],[111.431,31.364],[111.362,31.347],[111.315,31.375],[111.263,31.417],[111.264,31.452],[111.202,31.439],[111.169,31.451],[111.116,31.43],[111.061,31.431],[111.053,31.442],[111.052,31.497],[111.036,31.538],[111.001,31.569],[110.914,31.552],[110.856,31.5],[110.829,31.538],[110.79,31.553],[110.733,31.516],[110.686,31.485],[110.617,31.486],[110.606,31.45],[110.581,31.381],[110.574,31.33],[110.523,31.337],[110.491,31.37],[110.448,31.329],[110.439,31.29],[110.453,31.261],[110.505,31.249],[110.488,31.206],[110.499,31.163],[110.536,31.121],[110.479,31.085],[110.46,31.032],[110.445,30.97],[110.443,30.881],[110.376,30.847],[110.333,30.813],[110.318,30.762],[110.375,30.768],[110.443,30.743],[110.466,30.713],[110.469,30.649],[110.442,30.606],[110.467,30.563],[110.474,30.542],[110.439,30.49],[110.367,30.467],[110.367,30.416],[110.363,30.381],[110.351,30.331],[110.352,30.259],[110.276,30.244],[110.297,30.212],[110.284,30.176],[110.348,30.127],[110.325,30.069],[110.317,30.017],[110.307,29.954],[110.383,29.956],[110.466,30.007],[110.496,30.055],[110.551,30.056],[110.627,30.064],[110.682,30.054],[110.736,30.04],[110.756,30.083],[110.763,30.119],[110.836,30.123],[110.898,30.11],[110.93,30.063],[111.032,30.049],[111.179,30.041],[111.244,30.04],[111.317,30.051],[111.376,30.106],[111.436,30.11],[111.507,30.11],[111.573,30.122],[111.578,30.169],[111.599,30.216],[111.576,30.239],[111.609,30.282],[111.715,30.363],[111.782,30.346],[111.832,30.284],[111.908,30.318],[111.94,30.348],[112.044,30.277],[112.027,30.309],[111.981,30.407],[111.952,30.441],[111.928,30.475],[111.982,30.524],[111.977,30.573],[112.018,30.627],[112.08,30.659]]],[[[111.053,31.442],[111.052,31.438],[111.061,31.431],[111.092,31.424],[111.09,31.431],[111.074,31.442],[111.065,31.438],[111.053,31.442]]],[[[111.597,30.155],[111.601,30.155],[111.598,30.168],[111.588,30.167],[111.597,30.155]]],[[[112.08,30.684],[112.073,30.699],[112.07,30.696],[112.07,30.687],[112.08,30.684]]]]}},{"type":"Feature","properties":{"id":"420600","名称":"襄阳市","所属省":"湖北"},"geometry":{"type":"MultiPolygon","coordinates":[[[[111.583,32.596],[111.556,32.533],[111.526,32.498],[111.483,32.471],[111.441,32.425],[111.382,32.428],[111.317,32.376],[111.255,32.337],[111.212,32.277],[111.238,32.24],[111.232,32.164],[111.145,32.122],[111.133,32.058],[111.123,32.029],[111.099,32.002],[111.072,32.008],[111.074,31.995],[111.105,31.949],[111.063,31.971],[111.019,32.014],[110.999,31.986],[111.011,31.952],[111.005,31.918],[111.017,31.88],[111.001,31.823],[110.995,31.864],[110.939,31.877],[110.892,31.875],[110.873,31.852],[110.808,31.853],[110.783,31.844],[110.778,31.817],[110.849,31.771],[110.873,31.716],[110.907,31.666],[110.976,31.65],[110.942,31.594],[111.001,31.569],[111.036,31.538],[111.052,31.497],[111.053,31.442],[111.092,31.424],[111.126,31.438],[111.176,31.442],[111.212,31.458],[111.272,31.446],[111.267,31.397],[111.314,31.367],[111.376,31.359],[111.432,31.345],[111.468,31.307],[111.597,31.34],[111.676,31.35],[111.722,31.357],[111.754,31.343],[111.748,31.318],[111.749,31.296],[111.767,31.282],[111.787,31.273],[111.831,31.241],[111.873,31.237],[111.93,31.256],[111.928,31.299],[111.938,31.36],[111.947,31.425],[111.995,31.45],[112.036,31.444],[112.075,31.456],[112.138,31.463],[112.191,31.47],[112.226,31.525],[112.28,31.547],[112.357,31.517],[112.423,31.503],[112.495,31.55],[112.567,31.561],[112.653,31.507],[112.717,31.478],[112.708,31.553],[112.745,31.574],[112.734,31.647],[112.752,31.725],[112.783,31.737],[112.84,31.774],[112.898,31.805],[112.951,31.834],[112.961,31.889],[113.001,31.942],[113.032,31.967],[112.99,32.05],[113.049,32.126],[113.036,32.199],[113.04,32.276],[113.091,32.322],[113.109,32.365],[113.059,32.405],[113.001,32.417],[112.97,32.371],[112.902,32.389],[112.871,32.398],[112.776,32.358],[112.736,32.356],[112.714,32.353],[112.63,32.38],[112.577,32.383],[112.545,32.395],[112.496,32.375],[112.447,32.357],[112.414,32.363],[112.36,32.366],[112.328,32.322],[112.255,32.36],[112.206,32.393],[112.165,32.411],[112.159,32.402],[112.157,32.377],[112.108,32.405],[112.086,32.435],[112.064,32.474],[112.014,32.45],[111.993,32.467],[111.949,32.517],[111.87,32.506],[111.827,32.538],[111.747,32.578],[111.692,32.606],[111.641,32.635],[111.583,32.596]]],[[[111.144,32.047],[111.128,32.106],[111.064,32.084],[111.077,32.047],[111.08,32.019],[111.111,32.048],[111.144,32.047]]],[[[110.993,31.927],[110.996,31.941],[110.988,31.941],[110.978,31.941],[110.984,31.935],[110.989,31.92],[110.993,31.927]]],[[[111.061,31.431],[111.052,31.438],[111.04,31.423],[111.046,31.421],[111.061,31.431]]],[[[112.717,32.358],[112.724,32.358],[112.731,32.363],[112.734,32.357],[112.736,32.356],[112.734,32.366],[112.717,32.358]]]]}},{"type":"Feature","properties":{"id":"420700","名称":"鄂州市","所属省":"湖北"},"geometry":{"type":"MultiPolygon","coordinates":[[[[115.08,30.259],[115.071,30.367],[114.979,30.401],[114.846,30.446],[114.84,30.527],[114.809,30.615],[114.739,30.593],[114.63,30.556],[114.624,30.531],[114.641,30.478],[114.608,30.457],[114.591,30.421],[114.599,30.339],[114.57,30.273],[114.541,30.203],[114.513,30.173],[114.505,30.124],[114.536,30.082],[114.573,30.046],[114.593,30.049],[114.639,30.026],[114.675,30.023],[114.698,30.05],[114.732,30.059],[114.742,30.091],[114.716,30.136],[114.712,30.167],[114.677,30.212],[114.672,30.257],[114.689,30.29],[114.727,30.316],[114.784,30.304],[114.838,30.304],[114.872,30.272],[114.936,30.218],[114.989,30.219],[115.019,30.238],[115.08,30.259]]]]}},{"type":"Feature","properties":{"id":"420800","名称":"荆门市","所属省":"湖北"},"geometry":{"type":"MultiPolygon","coordinates":[[[[112.08,30.659],[112.117,30.626],[112.134,30.571],[112.152,30.523],[112.175,30.493],[112.214,30.47],[112.222,30.505],[112.273,30.499],[112.303,30.48],[112.303,30.437],[112.356,30.407],[112.439,30.433],[112.516,30.4],[112.535,30.437],[112.583,30.472],[112.572,30.51],[112.598,30.515],[112.617,30.535],[112.626,30.584],[112.623,30.619],[112.652,30.634],[112.671,30.639],[112.718,30.634],[112.695,30.655],[112.593,30.665],[112.607,30.711],[112.648,30.721],[112.727,30.78],[112.812,30.823],[112.832,30.778],[112.835,30.731],[112.849,30.716],[112.891,30.711],[112.931,30.736],[113.011,30.788],[113.068,30.78],[113.076,30.821],[113.144,30.802],[113.217,30.851],[113.231,30.866],[113.28,30.902],[113.328,30.911],[113.346,30.932],[113.366,30.96],[113.382,30.992],[113.429,31.014],[113.468,31.103],[113.478,31.132],[113.474,31.231],[113.434,31.254],[113.394,31.287],[113.369,31.284],[113.343,31.315],[113.298,31.328],[113.25,31.359],[113.169,31.412],[113.154,31.42],[113.135,31.427],[113.055,31.437],[112.992,31.433],[112.952,31.473],[112.902,31.49],[112.872,31.56],[112.782,31.6],[112.746,31.566],[112.703,31.543],[112.709,31.477],[112.634,31.502],[112.547,31.563],[112.481,31.535],[112.413,31.502],[112.344,31.514],[112.273,31.544],[112.204,31.532],[112.172,31.479],[112.125,31.462],[112.073,31.444],[112.032,31.436],[111.985,31.443],[111.943,31.389],[111.936,31.332],[111.939,31.295],[111.919,31.261],[111.862,31.229],[111.877,31.197],[111.902,31.193],[111.918,31.18],[111.928,31.141],[111.963,31.117],[111.92,31.074],[111.919,31.05],[111.97,31.05],[111.989,31.014],[112.013,30.985],[112.015,30.934],[112.028,30.921],[112.024,30.873],[112.049,30.819],[112.049,30.786],[112.067,30.732],[112.086,30.67],[112.08,30.659]]],[[[112.07,30.687],[112.07,30.696],[112.061,30.688],[112.07,30.687]]],[[[112.615,30.704],[112.606,30.704],[112.605,30.703],[112.617,30.702],[112.615,30.704]]]]}},{"type":"Feature","properties":{"id":"420900","名称":"孝感市","所属省":"湖北"},"geometry":{"type":"MultiPolygon","coordinates":[[[[113.466,30.392],[113.501,30.398],[113.546,30.449],[113.585,30.482],[113.622,30.486],[113.622,30.431],[113.682,30.392],[113.723,30.424],[113.79,30.457],[113.838,30.516],[113.882,30.526],[113.921,30.571],[113.941,30.635],[113.957,30.683],[113.918,30.699],[113.903,30.728],[113.917,30.753],[113.924,30.762],[113.995,30.786],[114.087,30.782],[114.15,30.769],[114.174,30.799],[114.157,30.886],[114.161,30.943],[114.173,30.979],[114.159,31.021],[114.186,31.054],[114.182,31.113],[114.244,31.17],[114.212,31.199],[114.184,31.241],[114.196,31.279],[114.229,31.318],[114.283,31.361],[114.318,31.326],[114.367,31.311],[114.432,31.312],[114.441,31.342],[114.45,31.387],[114.478,31.405],[114.512,31.462],[114.511,31.524],[114.528,31.55],[114.554,31.595],[114.55,31.642],[114.586,31.692],[114.584,31.732],[114.573,31.763],[114.545,31.746],[114.504,31.756],[114.463,31.734],[114.419,31.733],[114.374,31.744],[114.293,31.752],[114.249,31.811],[114.209,31.843],[114.163,31.842],[114.128,31.826],[114.1,31.753],[114.097,31.712],[114.126,31.659],[114.097,31.604],[114.089,31.556],[114.096,31.517],[114.062,31.474],[114.042,31.438],[113.989,31.429],[113.982,31.394],[113.929,31.39],[113.928,31.416],[113.893,31.414],[113.848,31.448],[113.818,31.434],[113.728,31.465],[113.664,31.408],[113.624,31.389],[113.58,31.418],[113.545,31.398],[113.507,31.406],[113.46,31.424],[113.416,31.421],[113.358,31.427],[113.334,31.355],[113.33,31.319],[113.366,31.299],[113.389,31.292],[113.423,31.28],[113.465,31.224],[113.491,31.148],[113.481,31.113],[113.436,31.027],[113.394,30.985],[113.372,30.966],[113.363,30.93],[113.334,30.918],[113.339,30.879],[113.372,30.85],[113.433,30.762],[113.44,30.723],[113.441,30.677],[113.455,30.636],[113.453,30.598],[113.448,30.514],[113.44,30.489],[113.466,30.444],[113.466,30.392]]],[[[113.44,30.489],[113.448,30.493],[113.454,30.507],[113.448,30.514],[113.437,30.495],[113.44,30.489]]],[[[113.391,30.676],[113.399,30.685],[113.39,30.685],[113.387,30.679],[113.391,30.676]]]]}},{"type":"Feature","properties":{"id":"421000","名称":"荆州市","所属省":"湖北"},"geometry":{"type":"MultiPolygon","coordinates":[[[[111.584,30.166],[111.597,30.155],[111.559,30.115],[111.484,30.1],[111.425,30.116],[111.352,30.091],[111.306,30.046],[111.258,30.032],[111.297,29.99],[111.349,29.942],[111.378,29.937],[111.404,29.911],[111.462,29.927],[111.538,29.905],[111.578,29.894],[111.622,29.895],[111.682,29.885],[111.757,29.92],[111.831,29.888],[111.863,29.857],[111.937,29.832],[111.955,29.797],[112.01,29.778],[112.065,29.746],[112.076,29.744],[112.066,29.682],[112.113,29.659],[112.151,29.654],[112.186,29.634],[112.22,29.637],[112.231,29.64],[112.255,29.61],[112.303,29.567],[112.278,29.509],[112.316,29.524],[112.392,29.568],[112.424,29.596],[112.469,29.631],[112.535,29.6],[112.59,29.62],[112.64,29.608],[112.679,29.59],[112.699,29.62],[112.732,29.645],[112.789,29.68],[112.806,29.726],[112.862,29.783],[112.887,29.796],[112.94,29.78],[112.931,29.752],[112.935,29.682],[112.979,29.738],[113.031,29.762],[112.976,29.672],[112.912,29.607],[112.943,29.494],[112.99,29.498],[113.065,29.512],[113.091,29.431],[113.133,29.457],[113.222,29.544],[113.298,29.614],[113.439,29.752],[113.572,29.849],[113.696,29.924],[113.828,29.935],[113.929,30.034],[114.092,30.111],[113.977,30.196],[113.894,30.186],[113.843,30.187],[113.789,30.131],[113.731,30.13],[113.684,30.092],[113.619,30.083],[113.534,30.068],[113.481,30.117],[113.437,30.165],[113.333,30.171],[113.251,30.153],[113.138,30.142],[113.067,30.165],[113.025,30.183],[113.002,30.136],[112.947,30.143],[112.893,30.171],[112.853,30.18],[112.81,30.152],[112.793,30.109],[112.817,30.078],[112.7,30.093],[112.633,30.114],[112.583,30.127],[112.58,30.175],[112.57,30.231],[112.517,30.317],[112.502,30.374],[112.506,30.411],[112.434,30.422],[112.346,30.402],[112.304,30.449],[112.297,30.486],[112.263,30.503],[112.2,30.494],[112.201,30.473],[112.183,30.52],[112.136,30.533],[112.125,30.586],[112.101,30.63],[112.067,30.652],[112.012,30.616],[111.997,30.567],[111.975,30.504],[111.909,30.457],[111.957,30.448],[111.978,30.387],[112.05,30.298],[112.014,30.275],[111.93,30.354],[111.901,30.282],[111.825,30.301],[111.779,30.362],[111.693,30.346],[111.602,30.268],[111.594,30.234],[111.592,30.213],[111.584,30.166]]],[[[113.93,30.028],[113.914,30.023],[113.904,30.017],[113.894,30.005],[113.894,29.998],[113.924,30.02],[113.936,30.027],[113.93,30.028]]],[[[111.574,30.148],[111.597,30.155],[111.588,30.167],[111.584,30.166],[111.574,30.148]]],[[[112.902,29.791],[112.894,29.784],[112.924,29.767],[112.929,29.774],[112.902,29.791]]]]}},{"type":"Feature","properties":{"id":"421100","名称":"黄冈市","所属省":"湖北"},"geometry":{"type":"MultiPolygon","coordinates":[[[[115.147,30.233],[115.132,30.217],[115.175,30.219],[115.302,30.117],[115.329,30.029],[115.411,29.942],[115.437,29.894],[115.512,29.84],[115.668,29.85],[115.837,29.748],[115.988,29.734],[116.135,29.819],[116.104,29.927],[116.082,29.982],[116.08,30.057],[116.088,30.103],[116.057,30.17],[116.046,30.224],[115.995,30.255],[115.954,30.306],[115.904,30.316],[115.885,30.38],[115.931,30.421],[115.918,30.441],[115.898,30.482],[115.9,30.538],[115.879,30.578],[115.828,30.606],[115.815,30.625],[115.775,30.669],[115.766,30.707],[115.811,30.759],[115.854,30.767],[115.866,30.798],[115.864,30.855],[115.913,30.888],[115.976,30.931],[116.034,30.951],[116.06,30.995],[116.01,31.017],[115.961,31.047],[115.94,31.072],[115.888,31.109],[115.857,31.143],[115.781,31.113],[115.741,31.153],[115.655,31.211],[115.604,31.174],[115.543,31.187],[115.516,31.264],[115.473,31.265],[115.45,31.316],[115.399,31.343],[115.383,31.376],[115.336,31.403],[115.294,31.395],[115.26,31.412],[115.21,31.445],[115.212,31.49],[115.236,31.555],[115.193,31.57],[115.135,31.602],[115.103,31.556],[115.102,31.521],[115.049,31.517],[115.01,31.505],[114.998,31.472],[114.94,31.477],[114.887,31.469],[114.841,31.462],[114.789,31.48],[114.774,31.512],[114.747,31.524],[114.697,31.526],[114.657,31.563],[114.617,31.585],[114.575,31.559],[114.552,31.553],[114.521,31.542],[114.504,31.499],[114.482,31.441],[114.451,31.415],[114.428,31.361],[114.441,31.327],[114.406,31.23],[114.453,31.196],[114.462,31.169],[114.518,31.145],[114.528,31.108],[114.505,31.045],[114.541,31],[114.576,30.97],[114.616,30.927],[114.655,30.932],[114.701,30.953],[114.731,30.98],[114.77,30.986],[114.778,30.979],[114.807,30.994],[114.826,30.949],[114.876,30.969],[114.864,30.991],[114.929,31.025],[114.939,31.02],[114.954,30.991],[114.972,31.021],[114.989,30.996],[114.994,30.965],[115.036,30.927],[115.06,30.903],[115.062,30.869],[115.03,30.858],[114.993,30.844],[114.984,30.816],[114.958,30.789],[114.918,30.784],[114.876,30.793],[114.829,30.735],[114.796,30.708],[114.831,30.668],[114.86,30.636],[114.809,30.615],[114.84,30.527],[114.846,30.446],[114.979,30.401],[115.071,30.367],[115.08,30.259],[115.14,30.237],[115.163,30.23],[115.147,30.233]]],[[[114.939,31.02],[114.929,31.025],[114.921,31.014],[114.932,30.995],[114.938,31.002],[114.939,31.02]]],[[[115.126,30.21],[115.132,30.217],[115.134,30.221],[115.135,30.222],[115.135,30.223],[115.147,30.233],[115.14,30.237],[115.112,30.214],[115.126,30.21]]]]}},{"type":"Feature","properties":{"id":"421200","名称":"咸宁市","所属省":"湖北"},"geometry":{"type":"MultiPolygon","coordinates":[[[[114.532,29.969],[114.498,29.992],[114.451,30.005],[114.373,30.028],[114.325,30.017],[114.237,29.996],[114.199,30.041],[114.168,30.091],[114.151,30.144],[114.075,30.208],[114.037,30.208],[114.028,30.244],[113.954,30.297],[113.867,30.209],[113.894,30.186],[113.977,30.196],[114.092,30.111],[113.929,30.034],[113.894,29.998],[113.828,29.935],[113.696,29.924],[113.572,29.849],[113.569,29.805],[113.551,29.768],[113.54,29.7],[113.6,29.671],[113.653,29.684],[113.688,29.641],[113.708,29.609],[113.736,29.576],[113.692,29.548],[113.657,29.537],[113.643,29.508],[113.707,29.486],[113.755,29.448],[113.732,29.395],[113.672,29.387],[113.643,29.327],[113.61,29.252],[113.666,29.232],[113.68,29.182],[113.668,29.144],[113.686,29.082],[113.723,29.105],[113.741,29.058],[113.776,29.095],[113.832,29.069],[113.876,29.057],[113.915,29.036],[113.953,29.093],[114.013,29.142],[114.052,29.176],[114.121,29.211],[114.192,29.224],[114.252,29.235],[114.254,29.282],[114.262,29.322],[114.324,29.358],[114.399,29.337],[114.45,29.343],[114.466,29.324],[114.548,29.338],[114.648,29.382],[114.719,29.397],[114.76,29.363],[114.812,29.383],[114.877,29.392],[114.931,29.422],[114.935,29.475],[114.907,29.462],[114.884,29.438],[114.872,29.483],[114.901,29.53],[114.927,29.52],[114.958,29.5],[114.948,29.543],[114.937,29.583],[114.892,29.623],[114.867,29.696],[114.814,29.739],[114.761,29.744],[114.737,29.797],[114.713,29.85],[114.666,29.91],[114.593,29.941],[114.541,29.948],[114.532,29.969]]],[[[113.93,30.028],[113.929,30.034],[113.903,30.023],[113.887,30.008],[113.894,30.005],[113.904,30.017],[113.914,30.023],[113.93,30.028]]]]}},{"type":"Feature","properties":{"id":"421300","名称":"随州市","所属省":"湖北"},"geometry":{"type":"MultiPolygon","coordinates":[[[[114.118,31.806],[114.072,31.785],[114.038,31.769],[113.972,31.763],[113.953,31.814],[113.933,31.869],[113.896,31.849],[113.839,31.855],[113.836,31.911],[113.807,31.949],[113.776,31.98],[113.77,32.017],[113.766,32.053],[113.728,32.099],[113.75,32.116],[113.777,32.208],[113.74,32.243],[113.744,32.284],[113.754,32.328],[113.769,32.37],[113.753,32.389],[113.707,32.411],[113.673,32.418],[113.643,32.403],[113.616,32.358],[113.606,32.354],[113.583,32.343],[113.561,32.307],[113.542,32.327],[113.48,32.299],[113.41,32.278],[113.365,32.295],[113.318,32.327],[113.295,32.367],[113.227,32.425],[113.159,32.411],[113.119,32.376],[113.068,32.338],[113.052,32.276],[113.036,32.235],[113.028,32.144],[112.995,32.057],[113.017,31.974],[113.007,31.941],[112.966,31.897],[112.964,31.829],[112.903,31.816],[112.854,31.801],[112.79,31.741],[112.747,31.744],[112.729,31.67],[112.752,31.61],[112.833,31.59],[112.898,31.527],[112.917,31.469],[112.969,31.452],[113.026,31.45],[113.103,31.443],[113.154,31.429],[113.148,31.416],[113.227,31.374],[113.28,31.346],[113.323,31.359],[113.336,31.42],[113.404,31.419],[113.447,31.421],[113.484,31.421],[113.54,31.389],[113.57,31.405],[113.614,31.398],[113.651,31.397],[113.7,31.445],[113.813,31.442],[113.834,31.433],[113.879,31.416],[113.919,31.434],[113.931,31.397],[113.966,31.396],[113.98,31.43],[114.025,31.436],[114.071,31.463],[114.083,31.511],[114.089,31.544],[114.102,31.592],[114.112,31.634],[114.097,31.704],[114.101,31.747],[114.118,31.806]]],[[[113.768,32.284],[113.758,32.292],[113.754,32.288],[113.76,32.268],[113.762,32.275],[113.77,32.276],[113.768,32.284]]]]}},{"type":"Feature","properties":{"id":"422800","名称":"恩施土家族苗族自治州","所属省":"湖北"},"geometry":{"type":"MultiPolygon","coordinates":[[[[110.448,31.329],[110.425,31.362],[110.359,31.391],[110.273,31.344],[110.214,31.306],[110.156,31.279],[110.17,31.228],[110.197,31.164],[110.18,31.122],[110.135,31.106],[110.127,31.055],[110.136,30.987],[110.162,30.968],[110.152,30.912],[110.096,30.821],[110.043,30.807],[110.018,30.855],[109.976,30.889],[109.932,30.888],[109.856,30.88],[109.759,30.833],[109.703,30.77],[109.657,30.761],[109.602,30.699],[109.577,30.655],[109.534,30.642],[109.515,30.655],[109.457,30.614],[109.418,30.56],[109.353,30.487],[109.345,30.534],[109.314,30.6],[109.299,30.631],[109.228,30.581],[109.169,30.546],[109.139,30.535],[109.105,30.565],[109.112,30.613],[109.098,30.638],[109.045,30.654],[108.987,30.623],[108.919,30.589],[108.854,30.522],[108.799,30.506],[108.745,30.495],[108.716,30.53],[108.69,30.587],[108.643,30.562],[108.62,30.523],[108.599,30.494],[108.57,30.47],[108.528,30.488],[108.469,30.487],[108.428,30.492],[108.412,30.436],[108.425,30.399],[108.422,30.366],[108.469,30.344],[108.526,30.305],[108.546,30.276],[108.582,30.256],[108.554,30.174],[108.546,30.104],[108.516,30.064],[108.526,30.049],[108.533,29.969],[108.524,29.897],[108.498,29.879],[108.453,29.872],[108.387,29.86],[108.394,29.817],[108.424,29.815],[108.441,29.779],[108.46,29.741],[108.513,29.711],[108.521,29.73],[108.522,29.764],[108.58,29.831],[108.601,29.866],[108.633,29.857],[108.667,29.842],[108.681,29.801],[108.678,29.748],[108.685,29.694],[108.711,29.679],[108.753,29.649],[108.783,29.654],[108.758,29.679],[108.785,29.677],[108.786,29.651],[108.814,29.631],[108.835,29.668],[108.856,29.636],[108.87,29.597],[108.909,29.593],[108.878,29.539],[108.867,29.473],[108.898,29.442],[108.944,29.411],[108.917,29.335],[108.986,29.337],[109.01,29.36],[109.053,29.403],[109.099,29.375],[109.114,29.332],[109.106,29.289],[109.12,29.228],[109.139,29.169],[109.203,29.152],[109.245,29.115],[109.264,29.144],[109.276,29.2],[109.315,29.252],[109.344,29.306],[109.347,29.374],[109.382,29.383],[109.397,29.439],[109.405,29.469],[109.435,29.489],[109.445,29.529],[109.459,29.53],[109.489,29.553],[109.496,29.599],[109.514,29.618],[109.55,29.613],[109.609,29.634],[109.663,29.6],[109.711,29.63],[109.715,29.673],[109.76,29.713],[109.769,29.744],[109.837,29.77],[109.908,29.764],[109.97,29.772],[110.064,29.783],[110.161,29.754],[110.26,29.72],[110.3,29.662],[110.352,29.655],[110.417,29.662],[110.494,29.701],[110.563,29.712],[110.624,29.756],[110.63,29.798],[110.584,29.835],[110.536,29.88],[110.508,29.909],[110.517,29.961],[110.547,30],[110.466,30.007],[110.383,29.956],[110.307,29.954],[110.317,30.017],[110.325,30.069],[110.348,30.127],[110.284,30.176],[110.297,30.212],[110.276,30.244],[110.352,30.259],[110.351,30.331],[110.363,30.381],[110.367,30.416],[110.367,30.467],[110.439,30.49],[110.474,30.542],[110.467,30.563],[110.442,30.606],[110.469,30.649],[110.466,30.713],[110.443,30.743],[110.375,30.768],[110.318,30.762],[110.333,30.813],[110.376,30.847],[110.443,30.881],[110.445,30.97],[110.46,31.032],[110.479,31.085],[110.536,31.121],[110.499,31.163],[110.488,31.206],[110.505,31.249],[110.453,31.261],[110.439,31.29],[110.448,31.329]]]]}},{"type":"Feature","properties":{"id":"429004","名称":"仙桃市","所属省":"湖北"},"geometry":{"type":"MultiPolygon","coordinates":[[[[113.466,30.392],[113.438,30.394],[113.365,30.42],[113.277,30.429],[113.194,30.441],[113.159,30.43],[113.124,30.484],[113.069,30.485],[113.049,30.514],[112.954,30.526],[112.951,30.478],[112.979,30.472],[112.981,30.447],[112.986,30.418],[112.973,30.356],[113.001,30.305],[113.007,30.26],[113.021,30.196],[113.047,30.19],[113.097,30.146],[113.213,30.157],[113.31,30.157],[113.377,30.193],[113.463,30.148],[113.515,30.08],[113.558,30.069],[113.668,30.08],[113.717,30.117],[113.765,30.119],[113.824,30.17],[113.801,30.203],[113.779,30.25],[113.776,30.284],[113.761,30.298],[113.763,30.324],[113.737,30.373],[113.663,30.414],[113.629,30.453],[113.611,30.475],[113.57,30.48],[113.542,30.428],[113.501,30.384],[113.466,30.392]]],[[[113.762,30.298],[113.761,30.298],[113.761,30.296],[113.762,30.296],[113.762,30.298]]]]}},{"type":"Feature","properties":{"id":"429005","名称":"潜江市","所属省":"湖北"},"geometry":{"type":"MultiPolygon","coordinates":[[[[112.528,30.394],[112.521,30.351],[112.528,30.275],[112.575,30.205],[112.598,30.16],[112.604,30.115],[112.67,30.102],[112.74,30.089],[112.794,30.097],[112.819,30.122],[112.836,30.161],[112.881,30.181],[112.923,30.165],[112.978,30.138],[113.016,30.163],[113.033,30.192],[113.021,30.196],[113.007,30.26],[113.001,30.305],[112.973,30.356],[112.98,30.417],[112.993,30.427],[112.998,30.461],[112.978,30.471],[112.951,30.478],[112.954,30.526],[112.897,30.572],[112.885,30.518],[112.819,30.512],[112.786,30.576],[112.711,30.554],[112.676,30.599],[112.718,30.634],[112.671,30.639],[112.648,30.612],[112.624,30.613],[112.626,30.567],[112.622,30.523],[112.584,30.527],[112.568,30.495],[112.578,30.451],[112.527,30.424],[112.528,30.394]]],[[[112.671,30.628],[112.652,30.634],[112.641,30.615],[112.671,30.628]]],[[[112.986,30.418],[112.981,30.418],[112.98,30.417],[112.981,30.413],[112.986,30.418]]],[[[113.029,30.196],[113.03,30.194],[113.032,30.192],[113.033,30.192],[113.029,30.196]]],[[[112.979,30.472],[112.978,30.472],[112.978,30.471],[112.979,30.472],[112.979,30.472]]]]}},{"type":"Feature","properties":{"id":"429006","名称":"天门市","所属省":"湖北"},"geometry":{"type":"MultiPolygon","coordinates":[[[[113.44,30.489],[113.435,30.538],[113.46,30.615],[113.436,30.654],[113.385,30.679],[113.44,30.723],[113.433,30.762],[113.372,30.85],[113.339,30.879],[113.292,30.903],[113.247,30.87],[113.22,30.859],[113.166,30.812],[113.082,30.824],[113.076,30.785],[113.021,30.776],[112.947,30.749],[112.896,30.717],[112.871,30.705],[112.828,30.727],[112.834,30.758],[112.823,30.802],[112.78,30.814],[112.689,30.754],[112.617,30.702],[112.614,30.65],[112.704,30.656],[112.712,30.629],[112.677,30.584],[112.723,30.569],[112.791,30.573],[112.834,30.5],[112.876,30.538],[112.909,30.574],[112.962,30.522],[113.059,30.51],[113.073,30.473],[113.127,30.479],[113.158,30.432],[113.181,30.448],[113.229,30.426],[113.345,30.425],[113.41,30.396],[113.463,30.381],[113.461,30.43],[113.442,30.473],[113.44,30.489]]],[[[113.44,30.723],[113.385,30.679],[113.391,30.676],[113.425,30.697],[113.44,30.723]]],[[[113.454,30.507],[113.448,30.493],[113.458,30.506],[113.454,30.507]]],[[[112.83,30.729],[112.828,30.727],[112.826,30.723],[112.848,30.719],[112.841,30.729],[112.83,30.729]]],[[[112.615,30.704],[112.607,30.711],[112.606,30.704],[112.615,30.704]]],[[[113.167,30.436],[113.165,30.437],[113.158,30.432],[113.159,30.43],[113.167,30.436]]]]}},{"type":"Feature","properties":{"id":"429021","名称":"神农架林区","所属省":"湖北"},"geometry":{"type":"MultiPolygon","coordinates":[[[[109.982,31.512],[109.941,31.479],[109.988,31.475],[110.034,31.44],[110.106,31.408],[110.14,31.39],[110.147,31.346],[110.164,31.303],[110.24,31.33],[110.344,31.395],[110.387,31.377],[110.438,31.343],[110.483,31.34],[110.513,31.356],[110.537,31.317],[110.568,31.357],[110.588,31.409],[110.614,31.467],[110.657,31.483],[110.708,31.477],[110.744,31.539],[110.812,31.537],[110.841,31.514],[110.892,31.529],[110.942,31.594],[110.976,31.65],[110.907,31.666],[110.873,31.716],[110.849,31.771],[110.778,31.817],[110.753,31.84],[110.685,31.854],[110.652,31.843],[110.611,31.844],[110.531,31.841],[110.483,31.847],[110.464,31.814],[110.405,31.818],[110.37,31.772],[110.299,31.764],[110.234,31.733],[110.233,31.668],[110.206,31.619],[110.223,31.587],[110.192,31.581],[110.098,31.586],[110.066,31.545],[110.013,31.524],[109.982,31.512]]]]}},{"type":"Feature","properties":{"id":"430100","名称":"长沙市","所属省":"湖南"},"geometry":{"type":"MultiPolygon","coordinates":[[[[111.903,28.022],[111.913,27.974],[111.964,27.965],[112.017,27.906],[112.06,27.92],[112.118,27.898],[112.161,27.917],[112.183,27.947],[112.224,27.971],[112.299,27.971],[112.343,27.957],[112.39,27.962],[112.398,27.997],[112.413,28.041],[112.469,28.059],[112.508,28.009],[112.554,27.973],[112.597,27.953],[112.612,27.9],[112.649,27.88],[112.655,27.942],[112.713,27.916],[112.744,27.946],[112.77,28.017],[112.79,28.032],[112.792,28.05],[112.802,28.069],[112.834,28.038],[112.86,28.004],[112.878,28.004],[112.886,27.974],[112.924,27.975],[112.928,27.993],[112.957,27.999],[113.023,27.985],[113.072,28.011],[113.09,27.965],[113.122,27.914],[113.131,27.942],[113.159,27.966],[113.164,28.007],[113.215,28.024],[113.25,28.02],[113.271,27.991],[113.272,27.95],[113.273,27.919],[113.282,27.894],[113.288,27.877],[113.331,27.857],[113.4,27.853],[113.424,27.898],[113.464,27.918],[113.522,27.942],[113.576,27.96],[113.577,27.9],[113.602,27.914],[113.661,27.885],[113.73,27.885],[113.771,27.953],[113.822,27.982],[113.852,27.989],[113.9,27.988],[113.966,28.017],[113.989,28.039],[114.047,28.058],[114.027,28.092],[114.006,28.145],[114.012,28.175],[114.069,28.172],[114.121,28.213],[114.171,28.253],[114.198,28.291],[114.255,28.327],[114.258,28.373],[114.215,28.403],[114.183,28.437],[114.175,28.497],[114.123,28.535],[114.074,28.555],[114.025,28.543],[113.976,28.565],[113.935,28.531],[113.876,28.519],[113.833,28.489],[113.785,28.458],[113.718,28.424],[113.661,28.454],[113.598,28.512],[113.528,28.528],[113.491,28.57],[113.447,28.594],[113.421,28.61],[113.376,28.643],[113.332,28.619],[113.284,28.639],[113.246,28.641],[113.216,28.638],[113.183,28.597],[113.201,28.556],[113.183,28.51],[113.154,28.471],[113.112,28.499],[113.068,28.519],[113.019,28.473],[112.978,28.499],[112.94,28.509],[112.871,28.519],[112.823,28.513],[112.792,28.523],[112.773,28.546],[112.732,28.507],[112.673,28.517],[112.64,28.469],[112.595,28.415],[112.58,28.373],[112.564,28.333],[112.536,28.326],[112.501,28.312],[112.451,28.318],[112.42,28.313],[112.394,28.29],[112.345,28.29],[112.347,28.275],[112.306,28.261],[112.264,28.236],[112.227,28.221],[112.178,28.236],[112.123,28.266],[112.082,28.268],[112.01,28.244],[111.962,28.209],[111.933,28.168],[111.915,28.083],[111.907,28.042],[111.903,28.022]]]]}},{"type":"Feature","properties":{"id":"430200","名称":"株洲市","所属省":"湖南"},"geometry":{"type":"MultiPolygon","coordinates":[[[[113.73,27.885],[113.661,27.885],[113.602,27.914],[113.577,27.9],[113.576,27.96],[113.522,27.942],[113.464,27.918],[113.424,27.898],[113.4,27.853],[113.331,27.857],[113.288,27.877],[113.282,27.894],[113.273,27.919],[113.272,27.95],[113.271,27.991],[113.25,28.02],[113.215,28.024],[113.164,28.007],[113.159,27.966],[113.131,27.942],[113.122,27.914],[113.069,27.939],[113.039,27.864],[113.002,27.81],[113.035,27.763],[113.059,27.727],[112.995,27.677],[113.027,27.659],[113.039,27.622],[112.999,27.606],[112.971,27.562],[112.976,27.501],[112.979,27.468],[112.999,27.436],[113.022,27.378],[113.032,27.329],[113.068,27.281],[113.088,27.235],[113.133,27.23],[113.174,27.233],[113.255,27.224],[113.26,27.173],[113.236,27.145],[113.168,27.126],[113.194,27.076],[113.22,27.024],[113.219,27.003],[113.235,26.952],[113.266,26.918],[113.243,26.889],[113.252,26.839],[113.285,26.8],[113.299,26.768],[113.338,26.81],[113.405,26.798],[113.413,26.73],[113.392,26.675],[113.418,26.629],[113.415,26.587],[113.477,26.563],[113.523,26.596],[113.559,26.549],[113.604,26.508],[113.61,26.431],[113.593,26.36],[113.617,26.308],[113.672,26.257],[113.739,26.183],[113.703,26.124],[113.751,26.042],[113.792,26.104],[113.845,26.096],[113.896,26.136],[113.93,26.173],[113.972,26.219],[114.003,26.251],[114.026,26.297],[114.04,26.346],[114.043,26.39],[114.076,26.404],[114.086,26.44],[114.087,26.478],[114.097,26.541],[114.085,26.578],[114.033,26.586],[113.984,26.615],[113.906,26.616],[113.868,26.653],[113.856,26.715],[113.846,26.788],[113.859,26.834],[113.903,26.911],[113.892,26.965],[113.863,27.018],[113.824,27.036],[113.803,27.099],[113.774,27.12],[113.823,27.193],[113.872,27.285],[113.873,27.347],[113.823,27.365],[113.744,27.349],[113.672,27.333],[113.617,27.345],[113.63,27.401],[113.6,27.45],[113.627,27.498],[113.61,27.515],[113.602,27.579],[113.619,27.642],[113.696,27.719],[113.763,27.799],[113.756,27.86],[113.73,27.885]]]]}},{"type":"Feature","properties":{"id":"430300","名称":"湘潭市","所属省":"湖南"},"geometry":{"type":"MultiPolygon","coordinates":[[[[112,27.908],[112.04,27.84],[112.101,27.807],[112.113,27.762],[112.101,27.722],[112.092,27.716],[112.045,27.706],[112.058,27.68],[112.091,27.642],[112.125,27.646],[112.155,27.649],[112.207,27.652],[112.231,27.686],[112.29,27.706],[112.315,27.664],[112.284,27.634],[112.332,27.57],[112.306,27.493],[112.346,27.496],[112.394,27.492],[112.406,27.524],[112.43,27.5],[112.481,27.453],[112.539,27.417],[112.577,27.434],[112.615,27.466],[112.66,27.452],[112.678,27.429],[112.715,27.404],[112.76,27.404],[112.804,27.362],[112.816,27.344],[112.864,27.351],[112.925,27.367],[112.956,27.43],[112.986,27.47],[112.988,27.499],[112.977,27.542],[113.009,27.599],[113.019,27.613],[113.031,27.652],[112.995,27.666],[113.05,27.711],[113.029,27.752],[113.004,27.799],[113.046,27.846],[113.061,27.911],[113.082,27.964],[113.042,28.006],[113.024,27.977],[112.946,28.015],[112.938,27.992],[112.915,27.978],[112.884,27.979],[112.87,28.002],[112.85,28.021],[112.826,28.044],[112.783,28.074],[112.809,28.037],[112.777,28.037],[112.764,28.002],[112.743,27.932],[112.706,27.923],[112.642,27.923],[112.634,27.88],[112.607,27.918],[112.577,27.959],[112.54,27.975],[112.516,28.019],[112.459,28.052],[112.41,28.032],[112.415,27.992],[112.383,27.968],[112.328,27.964],[112.258,27.959],[112.211,27.954],[112.181,27.938],[112.15,27.908],[112.101,27.894],[112.051,27.919],[112,27.908]]]]}},{"type":"Feature","properties":{"id":"430400","名称":"衡阳市","所属省":"湖南"},"geometry":{"type":"MultiPolygon","coordinates":[[[[112.995,27.438],[112.925,27.419],[112.902,27.36],[112.835,27.354],[112.8,27.344],[112.774,27.376],[112.736,27.401],[112.686,27.406],[112.691,27.454],[112.64,27.46],[112.593,27.455],[112.553,27.432],[112.522,27.429],[112.504,27.404],[112.486,27.36],[112.432,27.354],[112.359,27.363],[112.312,27.367],[112.288,27.329],[112.255,27.296],[112.214,27.269],[112.191,27.312],[112.154,27.306],[112.151,27.255],[112.128,27.228],[112.107,27.214],[112.077,27.185],[112.052,27.143],[112.056,27.086],[112.078,27.042],[112.06,27.013],[112.02,26.965],[111.98,26.942],[111.962,26.951],[111.918,26.935],[111.894,26.978],[111.863,27.01],[111.816,27.045],[111.777,27.047],[111.738,27.062],[111.688,27.031],[111.65,27.001],[111.622,26.954],[111.581,26.962],[111.583,26.909],[111.564,26.87],[111.549,26.832],[111.575,26.809],[111.618,26.791],[111.642,26.817],[111.701,26.836],[111.731,26.833],[111.745,26.826],[111.772,26.8],[111.821,26.805],[111.832,26.786],[111.875,26.786],[111.927,26.711],[111.959,26.656],[111.998,26.605],[112.014,26.628],[112.028,26.652],[112.094,26.634],[112.116,26.643],[112.141,26.603],[112.168,26.575],[112.149,26.547],[112.153,26.503],[112.228,26.547],[112.211,26.503],[112.16,26.486],[112.162,26.451],[112.153,26.43],[112.142,26.387],[112.159,26.353],[112.19,26.312],[112.205,26.285],[112.19,26.224],[112.195,26.172],[112.223,26.151],[112.258,26.123],[112.291,26.144],[112.31,26.159],[112.364,26.181],[112.395,26.186],[112.451,26.18],[112.489,26.151],[112.524,26.137],[112.578,26.154],[112.572,26.193],[112.603,26.217],[112.63,26.154],[112.658,26.115],[112.665,26.11],[112.689,26.114],[112.735,26.135],[112.76,26.133],[112.784,26.164],[112.776,26.184],[112.796,26.18],[112.819,26.162],[112.87,26.156],[112.921,26.158],[112.95,26.16],[113.009,26.156],[113.026,26.245],[113.068,26.253],[113.103,26.291],[113.131,26.307],[113.174,26.33],[113.167,26.374],[113.179,26.405],[113.192,26.445],[113.227,26.467],[113.179,26.519],[113.179,26.564],[113.188,26.662],[113.135,26.713],[113.131,26.738],[113.102,26.753],[113.143,26.813],[113.184,26.825],[113.225,26.814],[113.252,26.839],[113.243,26.889],[113.266,26.918],[113.235,26.952],[113.219,27.003],[113.22,27.024],[113.194,27.076],[113.168,27.126],[113.236,27.145],[113.26,27.173],[113.255,27.224],[113.174,27.233],[113.133,27.23],[113.088,27.235],[113.068,27.281],[113.032,27.329],[113.022,27.378],[112.999,27.436],[112.995,27.438]]]]}},{"type":"Feature","properties":{"id":"430500","名称":"邵阳市","所属省":"湖南"},"geometry":{"type":"MultiPolygon","coordinates":[[[[111.009,26.359],[111.019,26.401],[111.053,26.457],[111.063,26.526],[111.074,26.588],[111.109,26.617],[111.127,26.578],[111.159,26.516],[111.156,26.483],[111.201,26.457],[111.26,26.48],[111.289,26.492],[111.297,26.568],[111.306,26.62],[111.299,26.661],[111.303,26.7],[111.324,26.738],[111.324,26.788],[111.33,26.837],[111.373,26.858],[111.43,26.868],[111.463,26.861],[111.508,26.86],[111.544,26.841],[111.569,26.884],[111.583,26.925],[111.588,26.967],[111.635,26.964],[111.651,27.009],[111.699,27.047],[111.758,27.063],[111.787,27.04],[111.823,27.037],[111.869,27.013],[111.898,26.969],[111.93,26.939],[111.972,26.958],[112.001,26.944],[112.047,26.975],[112.081,27.009],[112.072,27.065],[112.052,27.103],[112.049,27.151],[112.091,27.186],[112.068,27.219],[112.051,27.292],[111.991,27.317],[111.941,27.369],[111.893,27.427],[111.835,27.446],[111.804,27.475],[111.744,27.499],[111.691,27.524],[111.644,27.52],[111.642,27.548],[111.636,27.562],[111.612,27.581],[111.595,27.583],[111.568,27.627],[111.522,27.605],[111.458,27.595],[111.404,27.557],[111.368,27.525],[111.301,27.567],[111.245,27.525],[111.197,27.549],[111.163,27.576],[111.116,27.577],[111.071,27.621],[111.008,27.626],[110.984,27.66],[110.869,27.655],[110.846,27.624],[110.824,27.579],[110.777,27.574],[110.738,27.601],[110.714,27.616],[110.653,27.566],[110.68,27.497],[110.688,27.444],[110.649,27.365],[110.606,27.321],[110.599,27.281],[110.541,27.305],[110.484,27.262],[110.424,27.2],[110.356,27.175],[110.314,27.158],[110.227,27.13],[110.208,27.081],[110.15,27.023],[110.116,26.978],[110.072,26.932],[110.064,26.882],[110.049,26.825],[110.069,26.785],[110.064,26.751],[110.047,26.725],[110.065,26.695],[110.02,26.663],[109.988,26.685],[109.934,26.674],[109.885,26.654],[109.827,26.606],[109.864,26.561],[109.88,26.517],[109.856,26.465],[109.919,26.475],[109.951,26.437],[109.979,26.388],[110.013,26.335],[109.99,26.273],[109.974,26.218],[110.017,26.184],[110.068,26.168],[110.1,26.133],[110.073,26.04],[110.13,26.029],[110.173,26.045],[110.212,26.043],[110.246,25.969],[110.326,25.976],[110.373,26.078],[110.427,26.138],[110.49,26.166],[110.543,26.221],[110.569,26.29],[110.623,26.33],[110.698,26.309],[110.742,26.314],[110.735,26.271],[110.815,26.259],[110.924,26.263],[110.94,26.287],[110.951,26.357],[110.984,26.378],[111.009,26.359]]]]}},{"type":"Feature","properties":{"id":"430600","名称":"岳阳市","所属省":"湖南"},"geometry":{"type":"MultiPolygon","coordinates":[[[[112.316,29.524],[112.328,29.45],[112.367,29.442],[112.392,29.396],[112.486,29.343],[112.532,29.309],[112.59,29.318],[112.665,29.3],[112.7,29.287],[112.679,29.245],[112.678,29.205],[112.716,29.187],[112.776,29.177],[112.799,29.16],[112.925,29.149],[112.949,29.061],[112.876,28.984],[112.812,28.922],[112.723,28.884],[112.66,28.841],[112.642,28.79],[112.604,28.747],[112.556,28.72],[112.525,28.678],[112.544,28.639],[112.581,28.63],[112.583,28.59],[112.582,28.557],[112.635,28.559],[112.675,28.581],[112.713,28.587],[112.727,28.557],[112.7,28.52],[112.754,28.518],[112.809,28.559],[112.816,28.528],[112.853,28.512],[112.899,28.517],[112.979,28.523],[112.974,28.465],[113.041,28.485],[113.085,28.508],[113.132,28.491],[113.171,28.492],[113.195,28.541],[113.186,28.568],[113.216,28.621],[113.234,28.662],[113.259,28.628],[113.317,28.629],[113.359,28.622],[113.412,28.632],[113.424,28.579],[113.463,28.596],[113.507,28.537],[113.558,28.533],[113.636,28.483],[113.677,28.442],[113.762,28.451],[113.818,28.467],[113.844,28.524],[113.903,28.529],[113.951,28.536],[114.014,28.555],[114.052,28.544],[114.095,28.562],[114.132,28.607],[114.133,28.672],[114.14,28.703],[114.157,28.762],[114.152,28.802],[114.135,28.827],[114.069,28.847],[114.067,28.884],[114.028,28.891],[114.004,28.927],[113.974,28.938],[113.946,29.018],[113.915,29.036],[113.876,29.057],[113.832,29.069],[113.776,29.095],[113.74,29.059],[113.723,29.105],[113.686,29.082],[113.668,29.144],[113.68,29.182],[113.666,29.232],[113.61,29.252],[113.643,29.327],[113.67,29.385],[113.732,29.395],[113.755,29.448],[113.689,29.51],[113.635,29.51],[113.669,29.536],[113.702,29.555],[113.741,29.592],[113.704,29.619],[113.672,29.641],[113.662,29.684],[113.576,29.675],[113.558,29.727],[113.56,29.783],[113.576,29.808],[113.572,29.849],[113.439,29.752],[113.298,29.614],[113.222,29.544],[113.132,29.457],[113.091,29.431],[113.065,29.512],[112.99,29.498],[112.937,29.527],[112.912,29.616],[113.005,29.694],[113.026,29.773],[112.958,29.694],[112.927,29.708],[112.9,29.782],[112.815,29.747],[112.795,29.698],[112.764,29.665],[112.714,29.637],[112.687,29.593],[112.651,29.593],[112.607,29.612],[112.541,29.601],[112.482,29.634],[112.427,29.617],[112.397,29.564],[112.32,29.541],[112.316,29.524]]],[[[112.929,29.774],[112.938,29.767],[112.94,29.78],[112.934,29.789],[112.92,29.8],[112.901,29.803],[112.886,29.796],[112.899,29.793],[112.929,29.774]]]]}},{"type":"Feature","properties":{"id":"430700","名称":"常德市","所属省":"湖南"},"geometry":{"type":"MultiPolygon","coordinates":[[[[112.283,29.495],[112.303,29.566],[112.252,29.611],[112.232,29.641],[112.22,29.637],[112.186,29.634],[112.15,29.654],[112.112,29.66],[112.066,29.682],[112.073,29.735],[112.055,29.759],[112.031,29.762],[111.977,29.791],[111.961,29.837],[111.881,29.86],[111.829,29.874],[111.795,29.906],[111.719,29.901],[111.662,29.886],[111.584,29.898],[111.546,29.904],[111.484,29.918],[111.438,29.93],[111.383,29.924],[111.375,29.954],[111.336,29.963],[111.298,30.005],[111.242,30.04],[111.107,30.048],[110.998,30.059],[110.925,30.095],[110.858,30.119],[110.803,30.114],[110.753,30.101],[110.742,30.042],[110.682,30.054],[110.627,30.064],[110.531,30.061],[110.5,30.027],[110.547,30],[110.517,29.961],[110.508,29.909],[110.536,29.88],[110.58,29.836],[110.629,29.805],[110.632,29.758],[110.661,29.72],[110.732,29.69],[110.767,29.68],[110.875,29.685],[110.928,29.672],[110.999,29.667],[111.031,29.645],[111.111,29.614],[111.151,29.597],[111.225,29.603],[111.267,29.58],[111.303,29.55],[111.328,29.511],[111.33,29.444],[111.301,29.396],[111.235,29.333],[111.235,29.273],[111.231,29.232],[111.178,29.223],[111.093,29.204],[111.026,29.138],[110.984,29.119],[110.946,29.131],[110.89,29.11],[110.853,29.094],[110.873,29.066],[110.915,29.036],[110.949,28.997],[110.983,28.977],[110.957,28.951],[110.973,28.904],[111.013,28.851],[111.064,28.823],[111.086,28.785],[111.103,28.734],[111.066,28.697],[111.065,28.66],[110.992,28.62],[110.946,28.601],[110.978,28.585],[111.008,28.598],[111.05,28.608],[111.055,28.571],[111.049,28.537],[111.002,28.537],[110.959,28.492],[110.905,28.455],[110.86,28.406],[110.967,28.43],[111.02,28.446],[111.094,28.457],[111.126,28.471],[111.152,28.514],[111.198,28.526],[111.281,28.518],[111.334,28.52],[111.374,28.552],[111.431,28.547],[111.494,28.581],[111.567,28.639],[111.636,28.628],[111.674,28.591],[111.723,28.61],[111.731,28.652],[111.768,28.639],[111.811,28.641],[111.85,28.633],[111.901,28.636],[111.91,28.672],[111.98,28.656],[112.035,28.64],[112.07,28.672],[112.107,28.652],[112.159,28.667],[112.2,28.674],[112.231,28.712],[112.3,28.785],[112.257,28.861],[112.257,28.968],[112.242,29.068],[112.211,29.117],[112.201,29.146],[112.236,29.213],[112.224,29.267],[112.234,29.299],[112.251,29.319],[112.281,29.395],[112.3,29.448],[112.283,29.495]]]]}},{"type":"Feature","properties":{"id":"430800","名称":"张家界市","所属省":"湖南"},"geometry":{"type":"MultiPolygon","coordinates":[[[[110.39,28.881],[110.449,28.89],[110.482,28.889],[110.524,28.886],[110.521,28.933],[110.553,28.963],[110.593,28.969],[110.666,28.924],[110.691,28.924],[110.764,28.906],[110.799,28.955],[110.852,28.952],[110.861,28.999],[110.915,29.009],[110.91,29.049],[110.863,29.064],[110.869,29.108],[110.913,29.111],[110.942,29.138],[110.985,29.111],[111.043,29.139],[111.122,29.219],[111.193,29.218],[111.233,29.24],[111.251,29.295],[111.259,29.381],[111.292,29.408],[111.318,29.464],[111.32,29.521],[111.295,29.557],[111.255,29.587],[111.213,29.599],[111.148,29.605],[111.077,29.619],[111.039,29.653],[110.986,29.676],[110.927,29.677],[110.854,29.696],[110.765,29.71],[110.721,29.688],[110.661,29.736],[110.624,29.756],[110.563,29.713],[110.465,29.713],[110.414,29.655],[110.34,29.668],[110.292,29.672],[110.246,29.732],[110.145,29.771],[110.024,29.77],[109.95,29.773],[109.897,29.77],[109.821,29.77],[109.756,29.743],[109.76,29.713],[109.715,29.673],[109.711,29.63],[109.762,29.615],[109.782,29.577],[109.735,29.541],[109.769,29.492],[109.802,29.449],[109.821,29.389],[109.936,29.434],[109.955,29.358],[109.951,29.318],[110.049,29.315],[110.114,29.279],[110.073,29.226],[110.089,29.151],[110.14,29.145],[110.19,29.163],[110.224,29.137],[110.264,29.11],[110.273,29.074],[110.305,29.039],[110.342,29.027],[110.332,28.981],[110.308,28.944],[110.365,28.908],[110.39,28.881]]]]}},{"type":"Feature","properties":{"id":"430900","名称":"益阳市","所属省":"湖南"},"geometry":{"type":"MultiPolygon","coordinates":[[[[112.685,28.525],[112.736,28.568],[112.718,28.596],[112.668,28.584],[112.629,28.547],[112.563,28.564],[112.59,28.602],[112.574,28.624],[112.534,28.64],[112.526,28.703],[112.552,28.73],[112.606,28.758],[112.672,28.792],[112.668,28.85],[112.773,28.903],[112.838,28.929],[112.891,28.999],[112.939,29.066],[112.901,29.155],[112.813,29.179],[112.757,29.17],[112.711,29.185],[112.681,29.214],[112.694,29.254],[112.689,29.296],[112.653,29.321],[112.579,29.304],[112.502,29.312],[112.464,29.354],[112.387,29.406],[112.366,29.458],[112.324,29.48],[112.298,29.517],[112.293,29.456],[112.284,29.404],[112.249,29.328],[112.245,29.293],[112.222,29.287],[112.228,29.216],[112.196,29.16],[112.208,29.126],[112.245,29.101],[112.247,28.981],[112.259,28.901],[112.306,28.8],[112.265,28.719],[112.208,28.691],[112.162,28.676],[112.14,28.649],[112.078,28.655],[112.041,28.658],[111.992,28.657],[111.923,28.677],[111.911,28.643],[111.855,28.637],[111.816,28.626],[111.776,28.634],[111.742,28.652],[111.719,28.636],[111.688,28.589],[111.645,28.624],[111.575,28.639],[111.509,28.586],[111.443,28.557],[111.383,28.551],[111.339,28.528],[111.309,28.521],[111.215,28.536],[111.169,28.517],[111.145,28.474],[111.097,28.464],[111.035,28.455],[110.979,28.439],[110.882,28.408],[110.833,28.381],[110.741,28.326],[110.75,28.281],[110.803,28.264],[110.805,28.213],[110.848,28.213],[110.853,28.188],[110.844,28.116],[110.876,28.082],[110.866,28.014],[110.922,28.001],[110.956,28.051],[110.971,28.055],[111.013,28.029],[111.063,28.007],[111.094,28.027],[111.138,28.086],[111.189,28.155],[111.236,28.154],[111.296,28.225],[111.332,28.196],[111.387,28.179],[111.445,28.189],[111.496,28.19],[111.483,28.12],[111.493,28.075],[111.518,28.031],[111.515,28.065],[111.541,28.036],[111.564,28.018],[111.55,27.975],[111.589,28.019],[111.634,28.015],[111.652,28.016],[111.683,28.015],[111.698,27.994],[111.743,27.994],[111.779,28.007],[111.823,28.023],[111.87,28.027],[111.907,28.042],[111.915,28.083],[111.933,28.168],[111.962,28.209],[112.01,28.244],[112.082,28.268],[112.123,28.266],[112.178,28.236],[112.227,28.221],[112.264,28.236],[112.306,28.261],[112.347,28.275],[112.345,28.29],[112.394,28.29],[112.42,28.313],[112.451,28.318],[112.501,28.312],[112.536,28.326],[112.564,28.333],[112.58,28.373],[112.595,28.415],[112.64,28.469],[112.673,28.517],[112.685,28.525]]]]}},{"type":"Feature","properties":{"id":"431000","名称":"郴州市","所属省":"湖南"},"geometry":{"type":"MultiPolygon","coordinates":[[[[112.364,25.192],[112.4,25.141],[112.443,25.186],[112.478,25.151],[112.537,25.134],[112.625,25.134],[112.67,25.113],[112.716,25.078],[112.742,24.999],[112.751,24.955],[112.787,24.912],[112.844,24.897],[112.925,24.919],[112.967,24.919],[113.012,24.946],[113.002,24.991],[112.979,25.034],[113.004,25.089],[112.968,25.142],[113.031,25.195],[112.999,25.244],[112.952,25.246],[112.897,25.239],[112.874,25.274],[112.859,25.32],[112.878,25.334],[112.928,25.3],[112.965,25.342],[113.009,25.353],[113.065,25.382],[113.09,25.407],[113.128,25.413],[113.122,25.456],[113.169,25.488],[113.226,25.51],[113.269,25.505],[113.303,25.516],[113.316,25.468],[113.353,25.437],[113.376,25.401],[113.424,25.393],[113.462,25.37],[113.519,25.37],[113.544,25.367],[113.58,25.317],[113.629,25.33],[113.687,25.352],[113.734,25.349],[113.764,25.334],[113.821,25.331],[113.861,25.369],[113.892,25.412],[113.944,25.439],[113.952,25.487],[113.963,25.528],[113.98,25.573],[113.95,25.625],[113.933,25.663],[113.914,25.729],[113.962,25.777],[113.977,25.84],[114.028,25.893],[114.021,25.956],[114.018,25.993],[114.037,26.047],[114.07,26.078],[114.12,26.084],[114.157,26.116],[114.225,26.148],[114.219,26.169],[114.192,26.197],[114.142,26.203],[114.075,26.172],[114.036,26.189],[113.985,26.166],[113.952,26.178],[113.915,26.159],[113.86,26.119],[113.811,26.086],[113.781,26.066],[113.709,26.066],[113.729,26.139],[113.709,26.234],[113.644,26.268],[113.599,26.327],[113.583,26.395],[113.589,26.467],[113.587,26.521],[113.555,26.585],[113.496,26.584],[113.458,26.562],[113.4,26.605],[113.401,26.658],[113.382,26.699],[113.428,26.77],[113.385,26.797],[113.315,26.796],[113.278,26.778],[113.281,26.825],[113.225,26.814],[113.184,26.825],[113.143,26.813],[113.102,26.753],[113.131,26.738],[113.135,26.713],[113.188,26.662],[113.179,26.564],[113.179,26.519],[113.227,26.467],[113.192,26.445],[113.179,26.405],[113.167,26.374],[113.174,26.33],[113.131,26.307],[113.103,26.291],[113.068,26.253],[113.026,26.245],[113.009,26.156],[112.95,26.16],[112.921,26.158],[112.87,26.156],[112.819,26.162],[112.796,26.18],[112.776,26.184],[112.784,26.164],[112.76,26.133],[112.735,26.135],[112.689,26.114],[112.665,26.11],[112.658,26.115],[112.63,26.154],[112.603,26.217],[112.572,26.193],[112.578,26.154],[112.524,26.137],[112.489,26.151],[112.451,26.18],[112.395,26.186],[112.364,26.181],[112.31,26.159],[112.291,26.144],[112.258,26.123],[112.252,26.09],[112.292,26.1],[112.336,26.077],[112.293,25.974],[112.31,25.956],[112.266,25.897],[112.337,25.886],[112.378,25.859],[112.359,25.834],[112.385,25.806],[112.392,25.74],[112.343,25.694],[112.311,25.729],[112.243,25.685],[112.239,25.604],[112.246,25.568],[112.313,25.535],[112.372,25.53],[112.398,25.477],[112.427,25.423],[112.421,25.394],[112.453,25.366],[112.409,25.326],[112.362,25.298],[112.355,25.264],[112.368,25.223],[112.364,25.192]]]]}},{"type":"Feature","properties":{"id":"431100","名称":"永州市","所属省":"湖南"},"geometry":{"type":"MultiPolygon","coordinates":[[[[112.364,25.192],[112.358,25.244],[112.345,25.285],[112.386,25.313],[112.433,25.368],[112.455,25.381],[112.441,25.399],[112.412,25.441],[112.372,25.512],[112.358,25.542],[112.27,25.555],[112.26,25.582],[112.258,25.651],[112.278,25.711],[112.321,25.698],[112.362,25.72],[112.377,25.761],[112.362,25.809],[112.387,25.846],[112.36,25.906],[112.289,25.886],[112.315,25.936],[112.299,25.962],[112.306,26.007],[112.31,26.099],[112.271,26.089],[112.23,26.107],[112.223,26.151],[112.195,26.172],[112.19,26.224],[112.205,26.285],[112.19,26.312],[112.159,26.353],[112.142,26.387],[112.153,26.43],[112.162,26.451],[112.16,26.486],[112.211,26.503],[112.228,26.547],[112.153,26.503],[112.149,26.547],[112.168,26.575],[112.141,26.603],[112.116,26.643],[112.094,26.634],[112.028,26.652],[112.014,26.628],[111.998,26.605],[111.959,26.656],[111.927,26.711],[111.875,26.786],[111.832,26.786],[111.821,26.805],[111.772,26.8],[111.745,26.826],[111.731,26.833],[111.701,26.836],[111.642,26.817],[111.618,26.791],[111.575,26.809],[111.549,26.832],[111.517,26.865],[111.472,26.862],[111.438,26.861],[111.392,26.863],[111.35,26.852],[111.315,26.803],[111.329,26.758],[111.309,26.711],[111.294,26.673],[111.314,26.627],[111.298,26.577],[111.297,26.512],[111.263,26.493],[111.203,26.463],[111.168,26.474],[111.166,26.512],[111.126,26.554],[111.127,26.623],[111.089,26.589],[111.067,26.541],[111.06,26.474],[111.032,26.433],[111.017,26.366],[111.026,26.337],[111.061,26.325],[111.107,26.304],[111.169,26.311],[111.209,26.291],[111.232,26.262],[111.268,26.273],[111.291,26.221],[111.274,26.183],[111.269,26.129],[111.245,26.078],[111.253,26.057],[111.215,26.012],[111.189,25.953],[111.217,25.929],[111.243,25.888],[111.292,25.854],[111.328,25.9],[111.365,25.901],[111.409,25.885],[111.454,25.889],[111.486,25.859],[111.425,25.826],[111.433,25.767],[111.327,25.733],[111.314,25.683],[111.335,25.618],[111.324,25.549],[111.301,25.47],[111.279,25.423],[111.242,25.388],[111.182,25.367],[111.12,25.291],[111.118,25.239],[111.055,25.188],[111.001,25.15],[110.984,25.102],[110.952,25.041],[110.975,24.988],[110.992,24.959],[110.979,24.915],[111.019,24.93],[111.097,24.941],[111.108,25.01],[111.167,25.061],[111.222,25.106],[111.275,25.151],[111.322,25.105],[111.375,25.128],[111.413,25.101],[111.417,25.048],[111.468,25.02],[111.431,24.973],[111.47,24.929],[111.46,24.882],[111.471,24.821],[111.461,24.75],[111.436,24.681],[111.472,24.675],[111.522,24.642],[111.571,24.645],[111.619,24.684],[111.638,24.715],[111.704,24.778],[111.784,24.786],[111.856,24.772],[111.904,24.764],[111.964,24.77],[112.034,24.753],[112.084,24.805],[112.124,24.841],[112.171,24.863],[112.175,24.927],[112.122,24.989],[112.153,25.046],[112.177,25.107],[112.193,25.172],[112.256,25.172],[112.303,25.157],[112.364,25.192]]]]}},{"type":"Feature","properties":{"id":"431200","名称":"怀化市","所属省":"湖南"},"geometry":{"type":"MultiPolygon","coordinates":[[[[109.418,27.721],[109.47,27.68],[109.47,27.629],[109.459,27.56],[109.379,27.536],[109.307,27.434],[109.243,27.43],[109.189,27.437],[109.154,27.449],[109.115,27.425],[109.139,27.43],[109.125,27.388],[109.105,27.355],[109.074,27.332],[109.044,27.331],[109.041,27.277],[108.987,27.271],[108.951,27.236],[108.926,27.2],[108.927,27.161],[108.885,27.108],[108.856,27.098],[108.792,27.083],[108.846,27.058],[108.878,27.015],[108.901,27.017],[108.921,27.01],[108.943,27.037],[109.008,27.08],[109.036,27.098],[109.08,27.116],[109.134,27.118],[109.101,27.069],[109.163,27.066],[109.218,27.116],[109.264,27.132],[109.334,27.149],[109.385,27.144],[109.4,27.152],[109.448,27.121],[109.46,27.108],[109.482,27.081],[109.487,27.054],[109.499,27.079],[109.519,27.06],[109.541,27.013],[109.537,26.975],[109.53,26.927],[109.472,26.911],[109.439,26.877],[109.457,26.864],[109.487,26.895],[109.513,26.84],[109.517,26.78],[109.534,26.745],[109.57,26.748],[109.579,26.741],[109.547,26.718],[109.505,26.745],[109.438,26.755],[109.381,26.727],[109.355,26.693],[109.293,26.701],[109.334,26.646],[109.385,26.605],[109.385,26.571],[109.409,26.537],[109.364,26.476],[109.361,26.448],[109.299,26.368],[109.275,26.315],[109.326,26.29],[109.352,26.264],[109.421,26.289],[109.467,26.314],[109.44,26.239],[109.459,26.194],[109.493,26.144],[109.513,26.116],[109.45,26.102],[109.479,26.048],[109.513,25.998],[109.56,26.021],[109.635,26.047],[109.675,26.015],[109.708,26.014],[109.712,25.962],[109.683,25.934],[109.685,25.901],[109.702,25.882],[109.768,25.89],[109.813,25.88],[109.81,25.946],[109.802,26.034],[109.871,26.033],[109.899,26.095],[109.931,26.161],[109.989,26.245],[109.996,26.295],[110.011,26.365],[109.987,26.432],[109.935,26.457],[109.891,26.459],[109.879,26.497],[109.872,26.539],[109.862,26.584],[109.852,26.622],[109.901,26.668],[109.95,26.689],[110.007,26.673],[110.037,26.682],[110.067,26.718],[110.056,26.74],[110.068,26.76],[110.056,26.809],[110.049,26.861],[110.093,26.891],[110.09,26.949],[110.146,26.987],[110.163,27.046],[110.194,27.102],[110.267,27.154],[110.332,27.151],[110.376,27.223],[110.456,27.213],[110.526,27.29],[110.574,27.281],[110.606,27.302],[110.632,27.343],[110.663,27.421],[110.685,27.469],[110.633,27.536],[110.674,27.6],[110.741,27.626],[110.756,27.597],[110.799,27.559],[110.855,27.602],[110.852,27.628],[110.86,27.677],[110.811,27.758],[110.786,27.833],[110.877,27.846],[110.913,27.864],[110.974,27.911],[110.987,27.973],[110.98,28.029],[110.992,28.054],[110.954,28.057],[110.926,28.021],[110.878,28.013],[110.896,28.059],[110.823,28.087],[110.849,28.172],[110.849,28.205],[110.825,28.204],[110.806,28.253],[110.775,28.273],[110.733,28.311],[110.826,28.372],[110.86,28.406],[110.905,28.455],[110.959,28.492],[111.002,28.537],[111.049,28.537],[111.055,28.571],[111.05,28.608],[111.008,28.598],[110.978,28.585],[110.946,28.601],[110.992,28.62],[111.065,28.66],[111.066,28.697],[111.103,28.734],[111.086,28.785],[111.064,28.823],[111.013,28.851],[110.973,28.904],[110.957,28.951],[110.983,28.977],[110.949,28.997],[110.915,29.036],[110.905,28.996],[110.841,28.993],[110.849,28.947],[110.798,28.936],[110.739,28.924],[110.691,28.908],[110.657,28.935],[110.573,29.001],[110.551,28.953],[110.539,28.908],[110.49,28.911],[110.472,28.887],[110.433,28.891],[110.396,28.864],[110.341,28.802],[110.311,28.757],[110.272,28.701],[110.251,28.66],[110.219,28.644],[110.23,28.588],[110.207,28.575],[110.168,28.575],[110.149,28.484],[110.138,28.448],[110.103,28.453],[110.126,28.402],[110.18,28.377],[110.203,28.34],[110.186,28.286],[110.209,28.244],[110.236,28.198],[110.202,28.188],[110.182,28.146],[110.166,28.111],[110.112,28.091],[110.138,28.047],[110.118,28.016],[110.07,27.968],[110.044,27.919],[110.002,27.936],[109.958,27.961],[109.934,27.959],[109.877,27.956],[109.833,27.986],[109.776,27.999],[109.752,28.021],[109.733,27.987],[109.711,27.95],[109.662,27.919],[109.623,27.879],[109.648,27.843],[109.627,27.817],[109.586,27.803],[109.541,27.787],[109.512,27.8],[109.477,27.789],[109.454,27.795],[109.426,27.739],[109.418,27.721]]],[[[109.467,26.832],[109.469,26.826],[109.482,26.835],[109.467,26.832]]],[[[109.528,26.744],[109.529,26.744],[109.522,26.749],[109.522,26.749],[109.528,26.744]]]]}},{"type":"Feature","properties":{"id":"431300","名称":"娄底市","所属省":"湖南"},"geometry":{"type":"MultiPolygon","coordinates":[[[[112.092,27.206],[112.129,27.221],[112.16,27.247],[112.163,27.284],[112.182,27.31],[112.206,27.285],[112.239,27.288],[112.28,27.312],[112.309,27.36],[112.339,27.366],[112.409,27.361],[112.472,27.372],[112.499,27.398],[112.522,27.421],[112.47,27.462],[112.436,27.515],[112.4,27.51],[112.374,27.487],[112.334,27.496],[112.301,27.503],[112.334,27.581],[112.282,27.643],[112.321,27.675],[112.269,27.701],[112.223,27.672],[112.199,27.654],[112.146,27.665],[112.117,27.645],[112.078,27.646],[112.048,27.674],[112.053,27.714],[112.082,27.722],[112.106,27.717],[112.099,27.765],[112.087,27.814],[112.027,27.835],[111.99,27.941],[111.936,27.991],[111.908,28],[111.87,28.027],[111.823,28.023],[111.779,28.007],[111.743,27.994],[111.698,27.994],[111.683,28.015],[111.652,28.016],[111.634,28.015],[111.589,28.019],[111.55,27.975],[111.564,28.018],[111.541,28.036],[111.515,28.065],[111.518,28.031],[111.493,28.075],[111.483,28.12],[111.496,28.19],[111.445,28.189],[111.387,28.179],[111.332,28.196],[111.296,28.225],[111.236,28.154],[111.189,28.155],[111.138,28.086],[111.094,28.027],[111.063,28.007],[111.013,28.029],[111.001,27.992],[110.98,27.92],[110.922,27.863],[110.882,27.851],[110.792,27.856],[110.796,27.758],[110.849,27.676],[110.883,27.651],[110.995,27.652],[111.026,27.636],[111.074,27.591],[111.13,27.581],[111.169,27.563],[111.204,27.553],[111.256,27.543],[111.322,27.547],[111.376,27.533],[111.414,27.575],[111.468,27.58],[111.543,27.61],[111.568,27.617],[111.608,27.576],[111.626,27.575],[111.626,27.556],[111.653,27.54],[111.654,27.515],[111.693,27.534],[111.787,27.495],[111.811,27.471],[111.84,27.457],[111.913,27.41],[111.971,27.358],[112.018,27.318],[112.062,27.286],[112.085,27.204],[112.092,27.206]]]]}},{"type":"Feature","properties":{"id":"433100","名称":"湘西土家族苗族自治州","所属省":"湖南"},"geometry":{"type":"MultiPolygon","coordinates":[[[[109.418,27.721],[109.462,27.773],[109.479,27.799],[109.507,27.803],[109.533,27.796],[109.574,27.809],[109.613,27.816],[109.647,27.835],[109.637,27.876],[109.65,27.904],[109.696,27.937],[109.72,27.982],[109.732,28.024],[109.784,28.007],[109.816,27.981],[109.857,27.971],[109.914,27.951],[109.958,27.952],[109.984,27.946],[110.022,27.908],[110.063,27.959],[110.111,28.006],[110.131,28.04],[110.116,28.076],[110.167,28.103],[110.178,28.134],[110.194,28.174],[110.223,28.198],[110.227,28.241],[110.175,28.28],[110.185,28.333],[110.19,28.363],[110.141,28.383],[110.114,28.442],[110.126,28.449],[110.164,28.468],[110.165,28.557],[110.189,28.575],[110.237,28.573],[110.212,28.626],[110.244,28.658],[110.274,28.689],[110.288,28.767],[110.343,28.782],[110.378,28.85],[110.359,28.891],[110.315,28.938],[110.319,28.973],[110.347,29.019],[110.314,29.036],[110.284,29.085],[110.251,29.094],[110.217,29.129],[110.204,29.161],[110.158,29.165],[110.1,29.14],[110.07,29.212],[110.103,29.253],[110.068,29.324],[109.975,29.299],[109.96,29.341],[109.945,29.398],[109.829,29.373],[109.808,29.427],[109.779,29.487],[109.741,29.534],[109.76,29.562],[109.77,29.607],[109.716,29.613],[109.651,29.612],[109.575,29.628],[109.531,29.616],[109.52,29.608],[109.504,29.598],[109.48,29.553],[109.465,29.516],[109.431,29.529],[109.418,29.498],[109.417,29.455],[109.373,29.425],[109.391,29.372],[109.344,29.369],[109.352,29.305],[109.286,29.242],[109.271,29.183],[109.277,29.134],[109.233,29.119],[109.256,29.087],[109.312,29.066],[109.294,29.015],[109.262,28.953],[109.235,28.882],[109.246,28.813],[109.261,28.775],[109.293,28.75],[109.295,28.719],[109.253,28.692],[109.225,28.651],[109.186,28.611],[109.259,28.606],[109.307,28.621],[109.305,28.579],[109.275,28.525],[109.266,28.482],[109.258,28.429],[109.288,28.374],[109.298,28.293],[109.341,28.294],[109.366,28.274],[109.368,28.255],[109.36,28.22],[109.342,28.162],[109.325,28.115],[109.299,28.032],[109.335,28.062],[109.365,28.009],[109.307,27.968],[109.312,27.908],[109.338,27.869],[109.343,27.801],[109.338,27.776],[109.378,27.738],[109.413,27.725],[109.418,27.721]]]]}},{"type":"Feature","properties":{"id":"440100","名称":"广州市","所属省":"广东"},"geometry":{"type":"MultiPolygon","coordinates":[[[[113.365,22.773],[113.468,22.729],[113.541,22.666],[113.579,22.605],[113.639,22.548],[113.74,22.534],[113.648,22.762],[113.575,22.888],[113.529,22.983],[113.544,23.062],[113.601,23.095],[113.651,23.119],[113.688,23.12],[113.777,23.131],[113.845,23.126],[113.896,23.165],[113.894,23.213],[113.877,23.264],[113.889,23.334],[113.959,23.333],[113.997,23.297],[114.001,23.347],[114,23.393],[113.975,23.429],[113.975,23.465],[113.939,23.477],[113.93,23.494],[113.893,23.52],[113.853,23.571],[113.844,23.618],[113.817,23.636],[113.84,23.655],[113.901,23.715],[113.94,23.738],[113.976,23.758],[114.01,23.763],[114.038,23.771],[114.048,23.803],[114.058,23.847],[114.043,23.89],[114.018,23.925],[113.953,23.93],[113.892,23.932],[113.851,23.92],[113.792,23.904],[113.758,23.858],[113.713,23.863],[113.72,23.825],[113.666,23.814],[113.615,23.78],[113.636,23.732],[113.623,23.699],[113.597,23.665],[113.568,23.69],[113.527,23.686],[113.464,23.708],[113.398,23.731],[113.347,23.667],[113.328,23.645],[113.29,23.617],[113.24,23.606],[113.215,23.584],[113.212,23.544],[113.153,23.503],[113.076,23.484],[113.018,23.469],[112.973,23.45],[112.979,23.442],[113.001,23.406],[112.99,23.355],[113.043,23.351],[113.032,23.301],[113.045,23.252],[113.082,23.262],[113.106,23.29],[113.128,23.314],[113.178,23.271],[113.191,23.215],[113.188,23.159],[113.21,23.122],[113.209,23.084],[113.196,23.056],[113.258,23.014],[113.285,22.951],[113.277,22.895],[113.31,22.851],[113.374,22.823],[113.365,22.773]]]]}},{"type":"Feature","properties":{"id":"440200","名称":"韶关市","所属省":"广东"},"geometry":{"type":"MultiPolygon","coordinates":[[[[113.8,23.903],[113.865,23.929],[113.908,23.925],[113.982,23.93],[114.034,23.919],[114.057,23.936],[114.12,23.936],[114.174,23.959],[114.213,23.946],[114.259,23.953],[114.251,23.941],[114.249,23.907],[114.288,23.905],[114.35,23.888],[114.37,23.927],[114.385,23.968],[114.392,23.992],[114.398,24.026],[114.441,24.033],[114.464,24.076],[114.496,24.119],[114.534,24.139],[114.566,24.136],[114.6,24.175],[114.591,24.226],[114.548,24.231],[114.481,24.172],[114.463,24.162],[114.474,24.135],[114.447,24.121],[114.42,24.139],[114.352,24.143],[114.33,24.137],[114.289,24.182],[114.275,24.224],[114.255,24.266],[114.281,24.313],[114.294,24.353],[114.255,24.4],[114.284,24.454],[114.287,24.501],[114.289,24.538],[114.301,24.579],[114.282,24.621],[114.243,24.645],[114.194,24.653],[114.19,24.658],[114.21,24.689],[114.28,24.708],[114.32,24.742],[114.344,24.79],[114.357,24.829],[114.405,24.893],[114.402,24.928],[114.424,24.973],[114.48,25.006],[114.517,25.025],[114.546,25.053],[114.605,25.084],[114.666,25.091],[114.712,25.11],[114.732,25.142],[114.686,25.173],[114.694,25.214],[114.741,25.226],[114.749,25.243],[114.724,25.284],[114.703,25.314],[114.665,25.327],[114.612,25.358],[114.58,25.393],[114.579,25.398],[114.52,25.403],[114.478,25.372],[114.439,25.376],[114.403,25.334],[114.373,25.325],[114.306,25.334],[114.303,25.291],[114.266,25.294],[114.216,25.301],[114.174,25.305],[114.145,25.311],[114.104,25.294],[114.065,25.281],[114.031,25.264],[114.028,25.302],[114.029,25.328],[114.041,25.361],[114.041,25.391],[113.988,25.404],[113.962,25.453],[113.913,25.443],[113.882,25.407],[113.84,25.363],[113.815,25.329],[113.758,25.344],[113.725,25.359],[113.685,25.341],[113.631,25.331],[113.58,25.317],[113.544,25.367],[113.518,25.371],[113.462,25.37],[113.424,25.393],[113.373,25.403],[113.34,25.45],[113.309,25.481],[113.293,25.517],[113.269,25.505],[113.226,25.51],[113.169,25.488],[113.122,25.456],[113.132,25.415],[113.09,25.407],[113.065,25.382],[113.009,25.353],[112.965,25.342],[112.928,25.3],[112.878,25.334],[112.859,25.32],[112.874,25.274],[112.904,25.238],[112.952,25.246],[112.993,25.247],[113.034,25.201],[112.974,25.168],[112.991,25.11],[113.002,25.071],[112.992,25.018],[113.008,24.962],[112.995,24.927],[113.011,24.883],[112.999,24.851],[112.96,24.801],[112.934,24.755],[112.915,24.663],[112.888,24.595],[112.926,24.596],[112.969,24.568],[113.021,24.514],[113.087,24.472],[113.151,24.479],[113.187,24.481],[113.23,24.498],[113.253,24.498],[113.295,24.457],[113.362,24.479],[113.412,24.473],[113.479,24.478],[113.519,24.47],[113.553,24.511],[113.6,24.513],[113.637,24.486],[113.683,24.454],[113.724,24.435],[113.765,24.418],[113.801,24.377],[113.841,24.336],[113.85,24.275],[113.872,24.254],[113.89,24.23],[113.93,24.196],[113.88,24.174],[113.865,24.133],[113.837,24.112],[113.846,24.087],[113.813,24.053],[113.784,24.022],[113.747,24.023],[113.73,23.975],[113.774,23.953],[113.8,23.903]]]]}},{"type":"Feature","properties":{"id":"440300","名称":"深圳市","所属省":"广东"},"geometry":{"type":"MultiPolygon","coordinates":[[[[114.229,22.813],[114.181,22.776],[114.203,22.755],[114.197,22.71],[114.188,22.666],[114.167,22.681],[114.122,22.716],[114.084,22.751],[114.05,22.771],[114.003,22.764],[113.975,22.799],[113.955,22.821],[113.894,22.846],[113.878,22.855],[113.841,22.834],[113.825,22.793],[113.802,22.777],[113.751,22.715],[113.782,22.626],[113.835,22.54],[113.859,22.496],[113.892,22.443],[113.977,22.511],[114.065,22.511],[114.084,22.525],[114.135,22.539],[114.182,22.557],[114.233,22.54],[114.312,22.579],[114.382,22.602],[114.435,22.567],[114.474,22.465],[114.525,22.441],[114.611,22.482],[114.59,22.55],[114.572,22.603],[114.58,22.662],[114.506,22.669],[114.45,22.665],[114.445,22.689],[114.409,22.714],[114.418,22.766],[114.388,22.757],[114.343,22.784],[114.319,22.807],[114.283,22.802],[114.235,22.793],[114.229,22.813]]],[[[113.82,22.396],[113.824,22.404],[113.811,22.42],[113.799,22.422],[113.787,22.414],[113.801,22.407],[113.807,22.4],[113.82,22.396]]],[[[113.844,22.51],[113.857,22.504],[113.857,22.51],[113.843,22.516],[113.844,22.51]]],[[[113.84,22.498],[113.847,22.492],[113.852,22.497],[113.844,22.503],[113.84,22.498]]]]}},{"type":"Feature","properties":{"id":"440400","名称":"珠海市","所属省":"广东"},"geometry":{"type":"MultiPolygon","coordinates":[[[[113.263,22.392],[113.209,22.388],[113.165,22.4],[113.193,22.358],[113.168,22.238],[113.116,22.215],[113.092,22.137],[113.143,22.012],[113.182,21.953],[113.289,21.883],[113.33,21.962],[113.442,22.009],[113.483,22.055],[113.555,22.07],[113.555,22.142],[113.541,22.199],[113.569,22.225],[113.592,22.268],[113.613,22.309],[113.628,22.349],[113.659,22.441],[113.604,22.403],[113.514,22.409],[113.487,22.39],[113.49,22.341],[113.483,22.319],[113.505,22.267],[113.486,22.227],[113.416,22.203],[113.345,22.259],[113.307,22.346],[113.263,22.392]]],[[[114.052,22.086],[114.056,22.094],[114.048,22.109],[114.027,22.103],[114.034,22.091],[114.052,22.086]]],[[[114.231,22.016],[114.3,22.036],[114.323,22.064],[114.267,22.041],[114.231,22.016]]],[[[113.715,22.007],[113.73,22.016],[113.723,22.029],[113.703,22.029],[113.696,22.022],[113.706,22.016],[113.706,22.008],[113.715,22.007]]],[[[113.824,22.001],[113.825,21.991],[113.832,21.989],[113.842,21.999],[113.831,21.997],[113.824,22.001]]],[[[114.01,21.853],[114.016,21.863],[114.032,21.874],[114.01,21.864],[114.01,21.853]]],[[[113.815,22.157],[113.808,22.174],[113.8,22.166],[113.815,22.157]]],[[[113.999,22.045],[114.001,22.036],[114.005,22.045],[113.999,22.045]]],[[[113.765,21.962],[113.773,21.999],[113.756,21.975],[113.765,21.962]]],[[[114.034,21.886],[114.049,21.883],[114.053,21.893],[114.064,21.892],[114.059,21.902],[114.043,21.895],[114.034,21.886]]],[[[113.919,22.037],[113.924,22.033],[113.938,22.036],[113.935,22.044],[113.923,22.049],[113.919,22.037]]],[[[113.143,21.832],[113.18,21.847],[113.192,21.872],[113.145,21.873],[113.143,21.832]]],[[[113.723,21.922],[113.743,21.928],[113.752,21.941],[113.743,21.951],[113.728,21.955],[113.718,21.951],[113.717,21.935],[113.725,21.933],[113.723,21.922]]],[[[113.877,22.118],[113.87,22.113],[113.881,22.108],[113.884,22.113],[113.877,22.118]]],[[[113.828,22.118],[113.84,22.131],[113.829,22.156],[113.818,22.153],[113.822,22.137],[113.816,22.132],[113.821,22.121],[113.828,22.118]]],[[[114.19,21.986],[114.203,21.991],[114.22,21.99],[114.224,22.008],[114.218,22.011],[114.182,22.011],[114.179,22.003],[114.181,21.988],[114.19,21.986]]],[[[113.165,21.953],[113.172,21.941],[113.172,21.955],[113.165,21.953]]],[[[114.154,21.975],[114.16,21.995],[114.124,21.98],[114.154,21.975]]],[[[113.138,21.919],[113.156,21.92],[113.136,21.925],[113.138,21.919]]],[[[113.665,22.039],[113.67,22.033],[113.666,22.023],[113.676,22.029],[113.671,22.045],[113.665,22.039]]],[[[113.683,21.939],[113.709,21.945],[113.707,21.957],[113.693,21.963],[113.681,21.949],[113.683,21.939]]],[[[113.902,22.114],[113.9,22.124],[113.89,22.123],[113.886,22.111],[113.902,22.114]]],[[[113.708,22.143],[113.708,22.135],[113.722,22.142],[113.708,22.143]]],[[[114.007,22.027],[114.018,22.028],[114.013,22.038],[114.007,22.027]]],[[[113.703,22.102],[113.701,22.095],[113.711,22.092],[113.703,22.102]]],[[[114.127,21.962],[114.143,21.965],[114.139,21.97],[114.127,21.962]]],[[[113.577,22.212],[113.576,22.201],[113.587,22.201],[113.591,22.209],[113.577,22.212]]]]}},{"type":"Feature","properties":{"id":"440500","名称":"汕头市","所属省":"广东"},"geometry":{"type":"MultiPolygon","coordinates":[[[[116.553,23.106],[116.598,23.146],[116.701,23.198],[116.788,23.199],[116.817,23.243],[116.787,23.289],[116.859,23.408],[116.896,23.476],[116.917,23.532],[116.901,23.612],[116.863,23.623],[116.821,23.636],[116.815,23.613],[116.794,23.59],[116.756,23.576],[116.715,23.585],[116.706,23.543],[116.713,23.459],[116.687,23.43],[116.65,23.426],[116.59,23.453],[116.59,23.443],[116.578,23.402],[116.553,23.412],[116.47,23.438],[116.491,23.479],[116.449,23.488],[116.415,23.51],[116.355,23.472],[116.317,23.442],[116.345,23.4],[116.349,23.336],[116.331,23.317],[116.313,23.287],[116.294,23.24],[116.261,23.205],[116.262,23.175],[116.262,23.123],[116.313,23.103],[116.368,23.058],[116.396,23.044],[116.447,23.086],[116.51,23.101],[116.553,23.106]]],[[[117.145,23.456],[117.129,23.483],[117.085,23.462],[117.023,23.437],[116.974,23.457],[116.945,23.423],[117.029,23.415],[117.099,23.405],[117.143,23.4],[117.149,23.438],[117.145,23.456]]]]}},{"type":"Feature","properties":{"id":"440600","名称":"佛山市","所属省":"广东"},"geometry":{"type":"MultiPolygon","coordinates":[[[[112.975,23.464],[112.942,23.46],[112.928,23.483],[112.911,23.542],[112.872,23.571],[112.831,23.546],[112.845,23.503],[112.812,23.462],[112.794,23.407],[112.81,23.371],[112.86,23.365],[112.867,23.293],[112.824,23.246],[112.815,23.217],[112.8,23.228],[112.781,23.226],[112.764,23.203],[112.794,23.15],[112.819,23.073],[112.795,22.99],[112.789,23.001],[112.752,22.991],[112.734,22.941],[112.673,22.941],[112.692,22.902],[112.659,22.887],[112.592,22.87],[112.563,22.854],[112.532,22.823],[112.499,22.827],[112.463,22.789],[112.392,22.77],[112.403,22.7],[112.436,22.681],[112.477,22.716],[112.538,22.718],[112.536,22.678],[112.577,22.656],[112.6,22.688],[112.621,22.701],[112.66,22.727],[112.68,22.714],[112.69,22.726],[112.697,22.759],[112.709,22.73],[112.708,22.71],[112.745,22.697],[112.808,22.729],[112.818,22.765],[112.836,22.804],[112.845,22.835],[112.874,22.848],[112.906,22.851],[112.989,22.8],[113.075,22.778],[113.161,22.674],[113.199,22.683],[113.243,22.745],[113.285,22.739],[113.342,22.758],[113.383,22.799],[113.336,22.818],[113.301,22.866],[113.282,22.927],[113.252,22.97],[113.226,23.042],[113.177,23.077],[113.208,23.1],[113.192,23.143],[113.209,23.192],[113.177,23.237],[113.151,23.29],[113.106,23.303],[113.086,23.285],[113.07,23.249],[113.051,23.278],[113.023,23.325],[113.018,23.341],[112.988,23.39],[112.983,23.434],[112.96,23.426],[112.975,23.464]]],[[[112.79,23.001],[112.791,23.002],[112.788,23.001],[112.789,23.001],[112.79,23.001]]]]}},{"type":"Feature","properties":{"id":"440700","名称":"江门市","所属省":"广东"},"geometry":{"type":"MultiPolygon","coordinates":[[[[112.165,22.385],[112.151,22.353],[112.128,22.35],[112.099,22.352],[112.062,22.305],[112.037,22.263],[112.021,22.243],[112.052,22.207],[112.051,22.147],[112.073,22.125],[112.106,22.136],[112.143,22.095],[112.174,22.085],[112.227,22.064],[112.232,22.02],[112.274,21.994],[112.324,21.963],[112.347,21.92],[112.343,21.877],[112.359,21.834],[112.334,21.771],[112.31,21.733],[112.324,21.706],[112.427,21.79],[112.523,21.761],[112.639,21.756],[112.767,21.89],[112.841,21.921],[112.911,21.839],[113.038,21.935],[113.051,22.018],[113.046,22.088],[113.097,22.188],[113.12,22.21],[113.176,22.268],[113.183,22.37],[113.182,22.402],[113.212,22.399],[113.256,22.411],[113.225,22.497],[113.189,22.553],[113.157,22.632],[113.161,22.674],[113.075,22.778],[112.989,22.8],[112.906,22.851],[112.874,22.848],[112.845,22.835],[112.836,22.804],[112.818,22.765],[112.808,22.729],[112.745,22.697],[112.708,22.71],[112.709,22.73],[112.697,22.759],[112.69,22.726],[112.68,22.714],[112.66,22.727],[112.621,22.701],[112.6,22.688],[112.577,22.656],[112.536,22.678],[112.538,22.718],[112.477,22.716],[112.5,22.669],[112.522,22.607],[112.464,22.585],[112.441,22.628],[112.429,22.666],[112.4,22.636],[112.396,22.603],[112.371,22.558],[112.344,22.564],[112.343,22.551],[112.328,22.57],[112.302,22.545],[112.257,22.5],[112.236,22.427],[112.196,22.405],[112.189,22.365],[112.165,22.385]]],[[[112.775,21.564],[112.799,21.611],[112.813,21.675],[112.826,21.729],[112.876,21.773],[112.807,21.769],[112.776,21.751],[112.74,21.727],[112.705,21.683],[112.749,21.671],[112.776,21.656],[112.735,21.602],[112.767,21.588],[112.775,21.564]]],[[[112.531,21.584],[112.561,21.595],[112.584,21.613],[112.621,21.607],[112.66,21.631],[112.64,21.674],[112.657,21.708],[112.592,21.693],[112.562,21.657],[112.544,21.639],[112.531,21.584]]],[[[112.435,21.663],[112.446,21.649],[112.456,21.649],[112.461,21.661],[112.468,21.667],[112.466,21.687],[112.458,21.69],[112.45,21.673],[112.435,21.663]]],[[[112.68,21.698],[112.69,21.7],[112.686,21.714],[112.68,21.707],[112.68,21.698]]],[[[112.883,21.594],[112.893,21.595],[112.903,21.602],[112.903,21.611],[112.883,21.616],[112.862,21.607],[112.867,21.596],[112.883,21.594]]],[[[113.025,21.848],[113.033,21.855],[113.047,21.855],[113.052,21.869],[113.046,21.883],[113.023,21.88],[113.007,21.869],[113.02,21.85],[113.025,21.848]]],[[[112.656,21.596],[112.667,21.608],[112.654,21.606],[112.656,21.596]]],[[[112.588,21.586],[112.6,21.592],[112.6,21.599],[112.582,21.601],[112.579,21.592],[112.588,21.586]]],[[[112.674,21.611],[112.672,21.618],[112.665,21.613],[112.674,21.611]]],[[[112.802,21.564],[112.814,21.57],[112.818,21.58],[112.807,21.577],[112.794,21.569],[112.802,21.564]]]]}},{"type":"Feature","properties":{"id":"440800","名称":"湛江市","所属省":"广东"},"geometry":{"type":"MultiPolygon","coordinates":[[[[110.645,21.227],[110.613,21.286],[110.522,21.304],[110.552,21.326],[110.569,21.361],[110.539,21.377],[110.508,21.427],[110.484,21.447],[110.509,21.479],[110.498,21.517],[110.476,21.554],[110.444,21.556],[110.428,21.581],[110.418,21.598],[110.413,21.604],[110.397,21.633],[110.412,21.676],[110.392,21.682],[110.351,21.714],[110.37,21.77],[110.387,21.796],[110.348,21.802],[110.348,21.809],[110.352,21.846],[110.373,21.856],[110.381,21.893],[110.324,21.893],[110.272,21.895],[110.212,21.893],[110.151,21.897],[110.107,21.883],[110.092,21.884],[110.022,21.87],[109.979,21.866],[109.947,21.824],[109.94,21.768],[109.924,21.704],[109.907,21.672],[109.874,21.658],[109.82,21.638],[109.785,21.638],[109.766,21.657],[109.744,21.601],[109.773,21.531],[109.819,21.445],[109.89,21.396],[109.771,21.36],[109.764,21.226],[109.668,21.122],[109.656,20.929],[109.693,20.807],[109.745,20.621],[109.803,20.601],[109.825,20.503],[109.899,20.447],[109.861,20.392],[109.916,20.317],[109.929,20.212],[109.993,20.255],[110.118,20.22],[110.216,20.25],[110.297,20.249],[110.39,20.293],[110.452,20.311],[110.542,20.421],[110.523,20.515],[110.466,20.68],[110.405,20.721],[110.394,20.817],[110.269,20.84],[110.201,20.867],[110.18,20.96],[110.202,21.029],[110.217,21.041],[110.297,21.094],[110.36,21.114],[110.401,21.131],[110.44,21.186],[110.481,21.208],[110.535,21.204],[110.645,21.227]]],[[[110.508,21.491],[110.494,21.474],[110.49,21.439],[110.522,21.414],[110.547,21.372],[110.557,21.345],[110.539,21.33],[110.556,21.287],[110.623,21.291],[110.66,21.24],[110.769,21.365],[110.907,21.37],[110.965,21.433],[110.927,21.442],[110.88,21.445],[110.87,21.471],[110.867,21.506],[110.849,21.517],[110.819,21.552],[110.796,21.58],[110.787,21.633],[110.75,21.636],[110.747,21.589],[110.725,21.548],[110.715,21.527],[110.709,21.501],[110.694,21.514],[110.688,21.491],[110.658,21.504],[110.609,21.499],[110.575,21.516],[110.539,21.474],[110.508,21.491]]],[[[110.396,21.906],[110.415,21.933],[110.413,21.954],[110.384,21.931],[110.396,21.906]]],[[[110.381,21.783],[110.379,21.764],[110.389,21.762],[110.391,21.777],[110.381,21.783]]],[[[110.545,21.084],[110.616,21.178],[110.613,21.208],[110.557,21.202],[110.483,21.201],[110.434,21.184],[110.463,21.15],[110.52,21.114],[110.535,21.088],[110.545,21.084]]],[[[110.518,21.079],[110.434,21.079],[110.353,21.079],[110.284,21.054],[110.211,20.987],[110.215,20.938],[110.348,20.985],[110.434,20.985],[110.496,20.95],[110.536,20.923],[110.561,21.048],[110.518,21.079]]],[[[110.715,21.527],[110.707,21.521],[110.708,21.519],[110.717,21.52],[110.715,21.527]]],[[[110.405,20.678],[110.439,20.68],[110.409,20.696],[110.405,20.678]]],[[[110.645,20.936],[110.584,20.949],[110.552,20.873],[110.621,20.87],[110.645,20.936]]],[[[110.557,20.328],[110.564,20.325],[110.594,20.361],[110.594,20.371],[110.586,20.381],[110.576,20.351],[110.557,20.328]]],[[[110.421,21.16],[110.419,21.151],[110.442,21.148],[110.448,21.16],[110.428,21.163],[110.421,21.16]]],[[[110.395,21.104],[110.396,21.099],[110.427,21.095],[110.429,21.105],[110.416,21.112],[110.395,21.104]]]]}},{"type":"Feature","properties":{"id":"440900","名称":"茂名市","所属省":"广东"},"geometry":{"type":"MultiPolygon","coordinates":[[[[110.707,21.521],[110.736,21.533],[110.737,21.585],[110.736,21.624],[110.772,21.648],[110.794,21.596],[110.826,21.56],[110.848,21.528],[110.858,21.496],[110.878,21.477],[110.896,21.451],[110.91,21.44],[110.95,21.444],[111.035,21.439],[111.117,21.453],[111.239,21.472],[111.296,21.476],[111.254,21.453],[111.263,21.413],[111.33,21.447],[111.452,21.515],[111.439,21.576],[111.418,21.579],[111.421,21.617],[111.423,21.661],[111.431,21.719],[111.384,21.75],[111.401,21.798],[111.403,21.862],[111.34,21.874],[111.29,21.908],[111.284,21.972],[111.306,22.012],[111.288,22.058],[111.317,22.083],[111.338,22.119],[111.327,22.171],[111.361,22.234],[111.401,22.253],[111.454,22.27],[111.468,22.327],[111.494,22.339],[111.543,22.368],[111.601,22.375],[111.65,22.427],[111.68,22.482],[111.634,22.503],[111.621,22.521],[111.612,22.543],[111.559,22.529],[111.525,22.48],[111.477,22.48],[111.446,22.442],[111.421,22.447],[111.411,22.492],[111.374,22.516],[111.293,22.506],[111.285,22.524],[111.304,22.569],[111.249,22.584],[111.186,22.604],[111.143,22.639],[111.137,22.686],[111.105,22.695],[111.056,22.648],[110.997,22.631],[110.962,22.626],[110.898,22.592],[110.854,22.582],[110.806,22.559],[110.76,22.581],[110.757,22.548],[110.74,22.499],[110.726,22.461],[110.683,22.473],[110.713,22.438],[110.712,22.37],[110.75,22.345],[110.773,22.296],[110.759,22.275],[110.712,22.278],[110.665,22.245],[110.665,22.203],[110.665,22.165],[110.621,22.158],[110.585,22.185],[110.511,22.145],[110.46,22.179],[110.41,22.203],[110.394,22.171],[110.343,22.183],[110.327,22.153],[110.365,22.125],[110.351,22.089],[110.356,22.062],[110.356,22.007],[110.391,21.95],[110.442,21.941],[110.4,21.914],[110.398,21.862],[110.351,21.864],[110.339,21.806],[110.365,21.807],[110.377,21.807],[110.38,21.785],[110.379,21.764],[110.351,21.714],[110.392,21.682],[110.412,21.676],[110.397,21.633],[110.413,21.604],[110.418,21.598],[110.428,21.581],[110.444,21.556],[110.476,21.554],[110.498,21.517],[110.518,21.48],[110.542,21.493],[110.59,21.501],[110.645,21.483],[110.666,21.497],[110.672,21.513],[110.707,21.521]]],[[[110.508,21.491],[110.509,21.479],[110.491,21.483],[110.494,21.474],[110.507,21.472],[110.514,21.481],[110.508,21.491]]],[[[110.379,21.764],[110.381,21.783],[110.38,21.785],[110.373,21.784],[110.37,21.77],[110.375,21.76],[110.379,21.764]]],[[[110.717,21.52],[110.708,21.519],[110.713,21.512],[110.709,21.501],[110.723,21.504],[110.731,21.501],[110.717,21.52]]],[[[111.185,21.371],[111.195,21.38],[111.196,21.391],[111.185,21.382],[111.185,21.371]]],[[[110.484,21.447],[110.49,21.457],[110.484,21.457],[110.484,21.447]]]]}},{"type":"Feature","properties":{"id":"441200","名称":"肇庆市","所属省":"广东"},"geometry":{"type":"MultiPolygon","coordinates":[[[[112.831,23.546],[112.8,23.572],[112.757,23.603],[112.785,23.655],[112.751,23.675],[112.729,23.678],[112.713,23.707],[112.73,23.759],[112.701,23.793],[112.655,23.813],[112.68,23.857],[112.693,23.904],[112.676,23.94],[112.608,23.953],[112.564,23.977],[112.507,24.007],[112.498,24.064],[112.487,24.114],[112.447,24.122],[112.43,24.161],[112.44,24.191],[112.444,24.288],[112.394,24.327],[112.32,24.38],[112.294,24.345],[112.257,24.321],[112.249,24.243],[112.197,24.204],[112.148,24.19],[112.115,24.229],[112.058,24.247],[112.046,24.198],[111.998,24.187],[111.962,24.235],[111.878,24.229],[111.879,24.127],[111.888,24.079],[111.921,24.012],[111.912,23.944],[111.866,23.946],[111.846,23.904],[111.813,23.887],[111.825,23.832],[111.792,23.809],[111.746,23.821],[111.697,23.836],[111.654,23.822],[111.639,23.787],[111.622,23.726],[111.643,23.696],[111.615,23.659],[111.589,23.638],[111.538,23.631],[111.489,23.592],[111.48,23.533],[111.439,23.481],[111.4,23.457],[111.392,23.391],[111.365,23.344],[111.376,23.32],[111.442,23.301],[111.473,23.275],[111.52,23.305],[111.55,23.298],[111.543,23.235],[111.594,23.189],[111.656,23.159],[111.727,23.151],[111.837,23.132],[111.899,23.126],[111.979,23.12],[112.036,23.073],[112.118,23.083],[112.235,23.115],[112.312,23.121],[112.318,23.08],[112.29,23.024],[112.285,22.976],[112.28,22.949],[112.261,22.919],[112.285,22.911],[112.3,22.892],[112.31,22.825],[112.316,22.79],[112.384,22.792],[112.441,22.788],[112.49,22.809],[112.52,22.827],[112.572,22.833],[112.562,22.873],[112.632,22.878],[112.677,22.903],[112.697,22.917],[112.7,22.948],[112.736,22.964],[112.777,22.997],[112.795,22.99],[112.819,23.073],[112.794,23.15],[112.764,23.203],[112.781,23.226],[112.8,23.228],[112.815,23.217],[112.824,23.246],[112.867,23.293],[112.86,23.365],[112.81,23.371],[112.794,23.407],[112.812,23.462],[112.845,23.503],[112.831,23.546]]]]}},{"type":"Feature","properties":{"id":"441300","名称":"惠州市","所属省":"广东"},"geometry":{"type":"MultiPolygon","coordinates":[[[[114.514,22.661],[114.608,22.696],[114.686,22.765],[114.731,22.771],[114.734,22.719],[114.741,22.639],[114.806,22.585],[114.884,22.54],[114.923,22.588],[114.974,22.669],[115.023,22.718],[115,22.774],[114.953,22.795],[114.941,22.843],[114.925,22.868],[114.926,22.901],[114.954,22.929],[114.998,22.939],[115.044,22.97],[115.075,23],[115.129,23.003],[115.166,23.027],[115.221,23.055],[115.266,23.084],[115.281,23.125],[115.294,23.161],[115.337,23.17],[115.404,23.22],[115.419,23.244],[115.385,23.29],[115.348,23.309],[115.304,23.325],[115.296,23.357],[115.236,23.385],[115.19,23.377],[115.157,23.362],[115.1,23.356],[115.061,23.331],[115.007,23.332],[114.978,23.294],[114.962,23.327],[114.923,23.339],[114.912,23.296],[114.88,23.241],[114.869,23.19],[114.827,23.184],[114.783,23.225],[114.787,23.266],[114.78,23.295],[114.737,23.328],[114.716,23.348],[114.7,23.389],[114.666,23.41],[114.633,23.408],[114.697,23.461],[114.699,23.521],[114.656,23.563],[114.624,23.529],[114.583,23.564],[114.555,23.59],[114.546,23.632],[114.493,23.699],[114.421,23.71],[114.369,23.726],[114.338,23.771],[114.333,23.809],[114.356,23.87],[114.322,23.894],[114.268,23.903],[114.248,23.93],[114.272,23.959],[114.239,23.942],[114.192,23.945],[114.158,23.94],[114.076,23.924],[114.036,23.902],[114.05,23.855],[114.035,23.813],[114.06,23.776],[114.018,23.763],[113.999,23.763],[113.956,23.733],[113.912,23.716],[113.848,23.679],[113.826,23.64],[113.834,23.618],[113.864,23.587],[113.888,23.535],[113.923,23.503],[113.931,23.483],[113.982,23.472],[113.96,23.433],[113.987,23.406],[113.991,23.355],[113.996,23.309],[113.958,23.315],[113.896,23.345],[113.89,23.283],[113.904,23.213],[113.902,23.177],[113.85,23.149],[113.877,23.124],[113.963,23.114],[114.01,23.083],[114.089,23.094],[114.15,23.025],[114.132,22.994],[114.179,22.989],[114.222,22.981],[114.23,22.915],[114.26,22.9],[114.231,22.88],[114.234,22.817],[114.251,22.782],[114.294,22.803],[114.353,22.807],[114.356,22.765],[114.396,22.777],[114.414,22.736],[114.426,22.7],[114.428,22.677],[114.478,22.662],[114.514,22.661]]],[[[114.65,22.574],[114.659,22.561],[114.658,22.576],[114.638,22.586],[114.642,22.573],[114.65,22.574]]],[[[114.629,22.448],[114.638,22.454],[114.652,22.454],[114.657,22.462],[114.632,22.468],[114.62,22.466],[114.629,22.448]]],[[[114.61,22.67],[114.613,22.662],[114.618,22.669],[114.61,22.67]]],[[[114.84,22.512],[114.841,22.502],[114.856,22.514],[114.846,22.517],[114.84,22.512]]],[[[114.649,22.675],[114.648,22.665],[114.653,22.664],[114.649,22.675]]],[[[114.727,22.578],[114.721,22.588],[114.719,22.58],[114.727,22.578]]],[[[114.641,22.429],[114.65,22.429],[114.66,22.444],[114.654,22.445],[114.641,22.429]]]]}},{"type":"Feature","properties":{"id":"441400","名称":"梅州市","所属省":"广东"},"geometry":{"type":"MultiPolygon","coordinates":[[[[116.368,23.733],[116.403,23.769],[116.452,23.769],[116.505,23.764],[116.513,23.816],[116.517,23.846],[116.522,23.882],[116.558,23.907],[116.604,23.93],[116.626,23.95],[116.637,23.969],[116.685,23.99],[116.697,24.003],[116.713,24.063],[116.767,24.075],[116.78,24.147],[116.832,24.162],[116.867,24.164],[116.9,24.197],[116.933,24.222],[116.936,24.285],[116.92,24.321],[116.897,24.36],[116.869,24.407],[116.839,24.443],[116.849,24.479],[116.797,24.502],[116.758,24.547],[116.782,24.603],[116.812,24.645],[116.754,24.654],[116.69,24.66],[116.632,24.64],[116.572,24.629],[116.51,24.616],[116.501,24.698],[116.446,24.715],[116.419,24.767],[116.375,24.807],[116.394,24.857],[116.362,24.87],[116.332,24.827],[116.265,24.8],[116.251,24.823],[116.221,24.831],[116.192,24.877],[116.116,24.851],[116.069,24.85],[116.038,24.887],[115.986,24.9],[115.908,24.923],[115.885,24.899],[115.872,24.869],[115.856,24.892],[115.809,24.893],[115.783,24.863],[115.781,24.835],[115.765,24.794],[115.757,24.736],[115.795,24.702],[115.798,24.682],[115.78,24.663],[115.818,24.603],[115.844,24.563],[115.744,24.544],[115.678,24.565],[115.661,24.607],[115.609,24.626],[115.568,24.632],[115.521,24.618],[115.5,24.562],[115.491,24.523],[115.516,24.495],[115.552,24.469],[115.576,24.461],[115.574,24.428],[115.558,24.386],[115.564,24.313],[115.581,24.278],[115.578,24.242],[115.564,24.201],[115.539,24.18],[115.504,24.188],[115.51,24.14],[115.537,24.109],[115.5,24.128],[115.481,24.143],[115.447,24.131],[115.429,24.077],[115.445,24.016],[115.453,23.967],[115.401,23.928],[115.382,23.88],[115.354,23.842],[115.351,23.801],[115.326,23.758],[115.399,23.769],[115.413,23.723],[115.444,23.703],[115.452,23.68],[115.433,23.638],[115.437,23.562],[115.441,23.501],[115.426,23.483],[115.436,23.432],[115.457,23.384],[115.511,23.389],[115.518,23.422],[115.561,23.435],[115.606,23.472],[115.637,23.515],[115.67,23.548],[115.714,23.519],[115.752,23.527],[115.793,23.526],[115.802,23.557],[115.808,23.607],[115.86,23.658],[115.898,23.62],[115.959,23.656],[116.017,23.662],[116.056,23.64],[116.087,23.626],[116.133,23.624],[116.18,23.637],[116.183,23.674],[116.214,23.719],[116.272,23.746],[116.307,23.77],[116.35,23.752],[116.368,23.733]]]]}},{"type":"Feature","properties":{"id":"441500","名称":"汕尾市","所属省":"广东"},"geometry":{"type":"MultiPolygon","coordinates":[[[[115.606,23.472],[115.561,23.435],[115.518,23.422],[115.511,23.389],[115.476,23.334],[115.468,23.311],[115.459,23.289],[115.431,23.271],[115.41,23.238],[115.376,23.205],[115.317,23.163],[115.282,23.145],[115.29,23.096],[115.246,23.062],[115.194,23.046],[115.149,23],[115.099,22.996],[115.062,22.994],[115.01,22.956],[114.976,22.939],[114.93,22.921],[114.941,22.878],[114.928,22.85],[114.951,22.816],[114.978,22.777],[115.007,22.741],[115.039,22.711],[115.034,22.744],[115.067,22.786],[115.154,22.802],[115.194,22.776],[115.199,22.822],[115.233,22.802],[115.31,22.784],[115.347,22.743],[115.379,22.694],[115.442,22.694],[115.538,22.663],[115.582,22.673],[115.608,22.732],[115.573,22.753],[115.57,22.787],[115.632,22.86],[115.696,22.843],[115.795,22.799],[115.805,22.734],[115.862,22.771],[115.942,22.803],[115.997,22.827],[116.07,22.844],[116.107,22.818],[116.155,22.844],[116.214,22.899],[116.198,22.932],[116.156,22.886],[116.11,22.891],[116.027,22.939],[115.983,22.926],[115.973,22.97],[115.949,22.973],[115.96,23.017],[115.938,23.03],[115.965,23.053],[115.94,23.082],[115.909,23.126],[115.852,23.099],[115.791,23.14],[115.726,23.184],[115.752,23.194],[115.758,23.245],[115.832,23.258],[115.802,23.324],[115.787,23.369],[115.703,23.368],[115.673,23.395],[115.646,23.44],[115.606,23.472]]],[[[116.77,20.772],[116.798,20.745],[116.881,20.733],[116.849,20.628],[116.749,20.612],[116.826,20.584],[116.918,20.637],[116.912,20.756],[116.845,20.779],[116.77,20.772]]],[[[115.108,22.771],[115.117,22.78],[115.109,22.783],[115.108,22.771]]],[[[116.736,20.695],[116.737,20.701],[116.722,20.707],[116.714,20.7],[116.736,20.695]]],[[[115.186,22.738],[115.197,22.736],[115.195,22.742],[115.186,22.738]]],[[[115.943,21.097],[116.017,21.023],[116.066,21.065],[116,21.127],[115.943,21.097]]],[[[115.927,20.982],[115.97,20.919],[115.954,21],[115.927,20.982]]]]}},{"type":"Feature","properties":{"id":"441600","名称":"河源市","所属省":"广东"},"geometry":{"type":"MultiPolygon","coordinates":[[[[115.419,23.244],[115.438,23.282],[115.46,23.301],[115.497,23.323],[115.475,23.374],[115.454,23.405],[115.433,23.469],[115.418,23.496],[115.435,23.534],[115.429,23.581],[115.449,23.663],[115.454,23.707],[115.407,23.703],[115.388,23.735],[115.366,23.76],[115.349,23.782],[115.35,23.819],[115.372,23.865],[115.391,23.897],[115.409,23.951],[115.447,23.994],[115.426,24.054],[115.449,24.113],[115.463,24.13],[115.484,24.123],[115.513,24.099],[115.522,24.129],[115.507,24.166],[115.521,24.183],[115.551,24.198],[115.573,24.227],[115.592,24.255],[115.568,24.295],[115.553,24.333],[115.584,24.411],[115.589,24.451],[115.571,24.478],[115.539,24.482],[115.493,24.498],[115.488,24.548],[115.514,24.576],[115.529,24.634],[115.556,24.683],[115.524,24.718],[115.5,24.741],[115.451,24.766],[115.373,24.774],[115.339,24.749],[115.27,24.749],[115.225,24.726],[115.195,24.692],[115.138,24.681],[115.105,24.668],[115.074,24.704],[115.047,24.689],[115.004,24.679],[114.955,24.655],[114.91,24.662],[114.894,24.591],[114.869,24.562],[114.847,24.602],[114.796,24.602],[114.73,24.609],[114.738,24.565],[114.7,24.537],[114.639,24.57],[114.572,24.542],[114.501,24.534],[114.443,24.499],[114.402,24.498],[114.387,24.548],[114.364,24.582],[114.324,24.579],[114.289,24.538],[114.287,24.501],[114.284,24.454],[114.255,24.4],[114.294,24.353],[114.281,24.313],[114.255,24.266],[114.275,24.224],[114.289,24.182],[114.33,24.137],[114.352,24.143],[114.42,24.139],[114.447,24.121],[114.474,24.135],[114.463,24.162],[114.481,24.172],[114.548,24.231],[114.591,24.226],[114.6,24.175],[114.566,24.136],[114.534,24.139],[114.496,24.119],[114.464,24.076],[114.441,24.033],[114.398,24.026],[114.392,23.992],[114.385,23.968],[114.37,23.927],[114.35,23.888],[114.33,23.853],[114.343,23.797],[114.357,23.748],[114.389,23.739],[114.44,23.688],[114.52,23.668],[114.55,23.605],[114.568,23.571],[114.611,23.544],[114.637,23.549],[114.677,23.529],[114.683,23.494],[114.667,23.447],[114.653,23.412],[114.707,23.404],[114.698,23.366],[114.728,23.328],[114.762,23.315],[114.779,23.275],[114.793,23.24],[114.802,23.206],[114.85,23.165],[114.86,23.211],[114.895,23.255],[114.915,23.316],[114.954,23.344],[114.976,23.317],[114.997,23.314],[115.049,23.321],[115.078,23.345],[115.122,23.368],[115.169,23.377],[115.206,23.377],[115.265,23.384],[115.303,23.346],[115.335,23.322],[115.366,23.3],[115.401,23.276],[115.419,23.244]]]]}},{"type":"Feature","properties":{"id":"441700","名称":"阳江市","所属省":"广东"},"geometry":{"type":"MultiPolygon","coordinates":[[[[112.308,21.704],[112.314,21.751],[112.346,21.812],[112.37,21.861],[112.351,21.902],[112.341,21.943],[112.299,21.985],[112.239,22.006],[112.217,22.04],[112.199,22.065],[112.156,22.096],[112.127,22.105],[112.086,22.131],[112.027,22.127],[112.042,22.188],[112.038,22.232],[112.01,22.266],[112.061,22.284],[112.065,22.324],[112.12,22.356],[112.135,22.337],[112.153,22.369],[112.142,22.416],[112.077,22.421],[112.034,22.466],[111.995,22.492],[111.976,22.563],[111.985,22.594],[111.931,22.606],[111.9,22.57],[111.836,22.586],[111.841,22.605],[111.853,22.624],[111.863,22.659],[111.835,22.689],[111.81,22.656],[111.784,22.608],[111.738,22.57],[111.691,22.482],[111.66,22.435],[111.607,22.393],[111.553,22.365],[111.511,22.35],[111.466,22.33],[111.459,22.296],[111.417,22.263],[111.377,22.243],[111.348,22.181],[111.341,22.129],[111.313,22.088],[111.301,22.064],[111.305,22.03],[111.288,21.978],[111.287,21.924],[111.325,21.887],[111.375,21.86],[111.424,21.814],[111.389,21.756],[111.403,21.728],[111.432,21.67],[111.415,21.633],[111.424,21.592],[111.429,21.57],[111.459,21.525],[111.516,21.515],[111.561,21.505],[111.645,21.519],[111.676,21.566],[111.759,21.614],[111.814,21.571],[111.847,21.567],[111.888,21.579],[111.972,21.603],[112.022,21.646],[111.95,21.676],[112.037,21.761],[112.184,21.796],[112.197,21.737],[112.241,21.715],[112.274,21.7],[112.308,21.704]]],[[[112.181,21.546],[112.187,21.543],[112.205,21.548],[112.191,21.551],[112.19,21.558],[112.181,21.555],[112.181,21.546]]],[[[112.141,21.602],[112.15,21.602],[112.145,21.614],[112.141,21.602]]],[[[112.118,21.634],[112.129,21.64],[112.118,21.643],[112.118,21.634]]]]}},{"type":"Feature","properties":{"id":"441800","名称":"清远市","所属省":"广东"},"geometry":{"type":"MultiPolygon","coordinates":[[[[112.995,24.927],[112.942,24.916],[112.879,24.908],[112.788,24.892],[112.784,24.939],[112.745,24.981],[112.719,25.048],[112.68,25.11],[112.648,25.134],[112.597,25.126],[112.503,25.145],[112.453,25.16],[112.426,25.156],[112.393,25.16],[112.33,25.174],[112.282,25.165],[112.202,25.186],[112.184,25.141],[112.163,25.069],[112.156,25.027],[112.142,24.938],[112.166,24.867],[112.141,24.845],[112.097,24.817],[112.034,24.771],[111.985,24.727],[111.94,24.687],[111.954,24.647],[111.937,24.596],[111.978,24.561],[112.005,24.512],[111.987,24.465],[112.042,24.41],[112.059,24.34],[112.026,24.295],[111.988,24.259],[111.953,24.252],[111.978,24.223],[112.007,24.19],[112.041,24.217],[112.068,24.261],[112.123,24.223],[112.157,24.186],[112.215,24.224],[112.256,24.26],[112.258,24.324],[112.285,24.377],[112.342,24.354],[112.402,24.31],[112.45,24.281],[112.439,24.18],[112.435,24.148],[112.455,24.125],[112.494,24.095],[112.507,24.052],[112.511,24.001],[112.567,23.965],[112.623,23.944],[112.683,23.939],[112.686,23.895],[112.672,23.852],[112.675,23.815],[112.704,23.791],[112.743,23.752],[112.725,23.71],[112.745,23.686],[112.759,23.672],[112.778,23.641],[112.772,23.603],[112.793,23.572],[112.827,23.567],[112.893,23.553],[112.893,23.526],[112.926,23.472],[112.958,23.448],[112.993,23.467],[113.056,23.472],[113.109,23.498],[113.192,23.515],[113.201,23.562],[113.228,23.594],[113.277,23.616],[113.289,23.644],[113.335,23.656],[113.372,23.71],[113.439,23.727],[113.481,23.684],[113.547,23.703],[113.587,23.675],[113.612,23.686],[113.628,23.712],[113.636,23.75],[113.64,23.814],[113.687,23.826],[113.718,23.844],[113.742,23.859],[113.775,23.878],[113.799,23.924],[113.766,23.961],[113.732,23.981],[113.754,24.027],[113.791,24.025],[113.831,24.064],[113.837,24.088],[113.839,24.12],[113.871,24.141],[113.901,24.189],[113.922,24.193],[113.891,24.241],[113.863,24.259],[113.845,24.28],[113.831,24.337],[113.806,24.384],[113.763,24.433],[113.722,24.415],[113.666,24.468],[113.626,24.492],[113.59,24.515],[113.54,24.506],[113.508,24.484],[113.467,24.462],[113.415,24.485],[113.351,24.472],[113.272,24.467],[113.251,24.51],[113.216,24.496],[113.175,24.476],[113.137,24.483],[113.064,24.469],[113,24.529],[112.961,24.57],[112.917,24.601],[112.885,24.616],[112.901,24.714],[112.94,24.758],[112.952,24.816],[113.015,24.852],[113.01,24.897],[112.995,24.927]]]]}},{"type":"Feature","properties":{"id":"441900","名称":"东莞市","所属省":"广东"},"geometry":{"type":"MultiPolygon","coordinates":[[[[114.229,22.813],[114.235,22.863],[114.252,22.884],[114.245,22.912],[114.224,22.964],[114.182,22.995],[114.138,22.986],[114.151,23.019],[114.092,23.077],[114.03,23.084],[113.971,23.113],[113.895,23.111],[113.845,23.126],[113.777,23.131],[113.688,23.12],[113.651,23.119],[113.601,23.095],[113.544,23.062],[113.529,22.983],[113.575,22.888],[113.648,22.762],[113.734,22.736],[113.791,22.753],[113.811,22.782],[113.839,22.82],[113.857,22.833],[113.887,22.858],[113.911,22.83],[113.972,22.813],[113.991,22.8],[114.035,22.767],[114.065,22.756],[114.107,22.723],[114.145,22.701],[114.156,22.669],[114.195,22.68],[114.209,22.729],[114.182,22.765],[114.207,22.79],[114.229,22.813]]]]}},{"type":"Feature","properties":{"id":"442000","名称":"中山市","所属省":"广东"},"geometry":{"type":"MultiPolygon","coordinates":[[[[113.569,22.412],[113.668,22.48],[113.621,22.58],[113.562,22.608],[113.523,22.679],[113.448,22.736],[113.359,22.765],[113.301,22.736],[113.254,22.741],[113.204,22.697],[113.172,22.681],[113.163,22.651],[113.185,22.574],[113.225,22.497],[113.256,22.438],[113.307,22.346],[113.345,22.259],[113.416,22.203],[113.486,22.227],[113.505,22.267],[113.483,22.319],[113.49,22.341],[113.487,22.39],[113.514,22.409],[113.569,22.412]]]]}},{"type":"Feature","properties":{"id":"445100","名称":"潮州市","所属省":"广东"},"geometry":{"type":"MultiPolygon","coordinates":[[[[116.917,23.532],[117.01,23.503],[117.07,23.542],[117.193,23.562],[117.159,23.64],[117.115,23.665],[117.053,23.698],[117.043,23.764],[117.018,23.812],[116.99,23.863],[116.975,23.872],[116.959,23.915],[116.983,23.959],[116.97,24.007],[116.94,24.033],[116.93,24.066],[116.947,24.135],[116.99,24.168],[116.971,24.198],[116.917,24.233],[116.884,24.194],[116.859,24.177],[116.81,24.169],[116.766,24.124],[116.757,24.082],[116.7,24.05],[116.69,24.005],[116.658,23.989],[116.629,23.974],[116.624,23.947],[116.605,23.911],[116.559,23.899],[116.514,23.867],[116.526,23.832],[116.51,23.809],[116.496,23.753],[116.439,23.774],[116.402,23.762],[116.372,23.717],[116.431,23.691],[116.47,23.67],[116.527,23.634],[116.527,23.603],[116.542,23.574],[116.571,23.549],[116.544,23.506],[116.587,23.476],[116.63,23.429],[116.682,23.439],[116.702,23.456],[116.705,23.518],[116.703,23.574],[116.747,23.592],[116.785,23.58],[116.805,23.607],[116.823,23.627],[116.863,23.633],[116.901,23.619],[116.918,23.562],[116.917,23.532]]]]}},{"type":"Feature","properties":{"id":"445200","名称":"揭阳市","所属省":"广东"},"geometry":{"type":"MultiPolygon","coordinates":[[[[116.553,23.106],[116.454,23.091],[116.427,23.063],[116.37,23.047],[116.341,23.087],[116.291,23.099],[116.255,23.152],[116.264,23.197],[116.267,23.228],[116.305,23.273],[116.324,23.303],[116.32,23.332],[116.35,23.358],[116.332,23.424],[116.332,23.444],[116.401,23.5],[116.427,23.469],[116.483,23.501],[116.472,23.456],[116.523,23.438],[116.568,23.378],[116.582,23.423],[116.58,23.461],[116.614,23.433],[116.608,23.465],[116.555,23.496],[116.554,23.542],[116.552,23.579],[116.526,23.59],[116.526,23.627],[116.475,23.656],[116.434,23.68],[116.378,23.712],[116.35,23.752],[116.307,23.77],[116.272,23.746],[116.214,23.719],[116.183,23.674],[116.18,23.637],[116.133,23.624],[116.087,23.626],[116.056,23.64],[116.017,23.662],[115.959,23.656],[115.898,23.62],[115.86,23.658],[115.808,23.607],[115.802,23.557],[115.793,23.526],[115.752,23.527],[115.714,23.519],[115.67,23.548],[115.637,23.515],[115.606,23.472],[115.648,23.43],[115.672,23.383],[115.726,23.369],[115.811,23.347],[115.797,23.309],[115.811,23.249],[115.749,23.236],[115.739,23.211],[115.753,23.168],[115.799,23.133],[115.864,23.118],[115.917,23.112],[115.938,23.067],[115.967,23.047],[115.924,23.018],[115.945,22.996],[115.944,22.956],[115.978,22.952],[116.003,22.937],[116.056,22.92],[116.124,22.892],[116.172,22.893],[116.212,22.926],[116.269,22.938],[116.383,22.919],[116.506,22.931],[116.541,22.995],[116.576,23.017],[116.564,23.093],[116.553,23.106]]]]}},{"type":"Feature","properties":{"id":"445300","名称":"云浮市","所属省":"广东"},"geometry":{"type":"MultiPolygon","coordinates":[[[[112.477,22.704],[112.426,22.671],[112.411,22.704],[112.383,22.785],[112.328,22.787],[112.32,22.825],[112.296,22.873],[112.295,22.916],[112.258,22.911],[112.271,22.944],[112.277,22.971],[112.287,23.02],[112.301,23.08],[112.313,23.115],[112.265,23.119],[112.133,23.086],[112.048,23.072],[111.983,23.097],[111.922,23.125],[111.86,23.141],[111.754,23.138],[111.679,23.155],[111.624,23.19],[111.534,23.221],[111.574,23.271],[111.528,23.31],[111.493,23.285],[111.438,23.295],[111.393,23.326],[111.353,23.289],[111.361,23.271],[111.378,23.216],[111.392,23.17],[111.38,23.123],[111.395,23.068],[111.434,23.036],[111.39,23.006],[111.375,22.968],[111.374,22.939],[111.359,22.889],[111.32,22.851],[111.292,22.808],[111.255,22.787],[111.219,22.748],[111.175,22.74],[111.095,22.733],[111.083,22.709],[111.124,22.701],[111.128,22.666],[111.162,22.62],[111.216,22.595],[111.279,22.592],[111.323,22.55],[111.272,22.506],[111.339,22.523],[111.403,22.516],[111.409,22.475],[111.422,22.427],[111.48,22.46],[111.487,22.506],[111.545,22.517],[111.596,22.551],[111.618,22.534],[111.62,22.497],[111.671,22.503],[111.713,22.505],[111.764,22.583],[111.802,22.626],[111.82,22.667],[111.843,22.688],[111.871,22.66],[111.861,22.617],[111.832,22.609],[111.859,22.582],[111.902,22.581],[111.939,22.621],[111.998,22.589],[111.969,22.547],[112.009,22.491],[112.046,22.453],[112.087,22.416],[112.162,22.401],[112.189,22.365],[112.196,22.405],[112.236,22.427],[112.257,22.5],[112.302,22.545],[112.328,22.57],[112.343,22.551],[112.344,22.564],[112.371,22.558],[112.396,22.603],[112.4,22.636],[112.429,22.666],[112.441,22.628],[112.464,22.585],[112.522,22.607],[112.5,22.669],[112.477,22.704]]]]}},{"type":"Feature","properties":{"id":"450100","名称":"南宁市","所属省":"广西"},"geometry":{"type":"MultiPolygon","coordinates":[[[[109.217,23.297],[109.198,23.267],[109.149,23.289],[109.124,23.291],[109.094,23.331],[109.064,23.323],[109.033,23.355],[108.988,23.357],[108.957,23.363],[108.921,23.39],[108.919,23.418],[108.87,23.444],[108.834,23.478],[108.826,23.519],[108.81,23.569],[108.797,23.634],[108.791,23.692],[108.778,23.727],[108.784,23.768],[108.744,23.796],[108.69,23.783],[108.653,23.766],[108.61,23.751],[108.581,23.734],[108.549,23.707],[108.501,23.663],[108.504,23.704],[108.477,23.724],[108.47,23.768],[108.446,23.788],[108.431,23.799],[108.418,23.825],[108.447,23.854],[108.473,23.889],[108.455,23.913],[108.438,23.939],[108.461,23.987],[108.48,24.019],[108.433,24.033],[108.372,23.999],[108.362,23.968],[108.349,23.911],[108.313,23.893],[108.309,23.84],[108.283,23.8],[108.252,23.814],[108.223,23.826],[108.203,23.872],[108.18,23.823],[108.129,23.851],[108.096,23.797],[108.022,23.776],[108.043,23.721],[108.012,23.673],[107.983,23.627],[107.925,23.639],[107.891,23.613],[107.846,23.607],[107.811,23.596],[107.779,23.567],[107.738,23.567],[107.735,23.533],[107.733,23.478],[107.769,23.45],[107.821,23.43],[107.853,23.433],[107.867,23.401],[107.827,23.368],[107.829,23.334],[107.782,23.35],[107.744,23.308],[107.656,23.275],[107.579,23.277],[107.585,23.23],[107.52,23.219],[107.485,23.23],[107.47,23.25],[107.414,23.254],[107.374,23.215],[107.347,23.189],[107.356,23.148],[107.351,23.121],[107.388,23.091],[107.339,23.059],[107.394,23.049],[107.433,23.044],[107.468,23.032],[107.484,23.007],[107.493,22.95],[107.478,22.916],[107.497,22.852],[107.574,22.86],[107.614,22.904],[107.658,22.878],[107.693,22.869],[107.667,22.919],[107.638,22.948],[107.712,22.949],[107.753,22.922],[107.832,22.873],[107.914,22.846],[107.982,22.817],[108.033,22.776],[108.027,22.747],[108.003,22.705],[108.027,22.667],[108.069,22.667],[108.094,22.681],[108.103,22.643],[108.059,22.623],[107.995,22.582],[107.986,22.505],[108.042,22.477],[108.069,22.457],[108.083,22.411],[108.116,22.389],[108.124,22.346],[108.144,22.304],[108.189,22.274],[108.236,22.282],[108.261,22.23],[108.297,22.212],[108.336,22.243],[108.399,22.261],[108.436,22.249],[108.498,22.259],[108.528,22.275],[108.552,22.327],[108.548,22.359],[108.559,22.409],[108.594,22.416],[108.633,22.445],[108.662,22.43],[108.689,22.463],[108.716,22.461],[108.749,22.505],[108.811,22.524],[108.858,22.524],[108.909,22.516],[108.963,22.518],[109.009,22.528],[109.046,22.518],[109.145,22.511],[109.154,22.537],[109.186,22.546],[109.198,22.516],[109.229,22.506],[109.299,22.51],[109.29,22.56],[109.322,22.597],[109.367,22.627],[109.409,22.634],[109.439,22.613],[109.464,22.63],[109.518,22.636],[109.564,22.656],[109.62,22.677],[109.588,22.71],[109.581,22.749],[109.536,22.774],[109.517,22.805],[109.521,22.828],[109.455,22.85],[109.482,22.892],[109.409,22.927],[109.362,22.96],[109.343,22.994],[109.333,23.035],[109.35,23.064],[109.298,23.1],[109.254,23.096],[109.253,23.125],[109.248,23.178],[109.254,23.214],[109.233,23.255],[109.24,23.285],[109.217,23.297]]]]}},{"type":"Feature","properties":{"id":"450200","名称":"柳州市","所属省":"广西"},"geometry":{"type":"MultiPolygon","coordinates":[[[[110.116,24.461],[110.138,24.496],[110.153,24.529],[110.156,24.601],[110.168,24.625],[110.141,24.646],[110.085,24.658],[110.045,24.666],[110.004,24.673],[109.972,24.699],[109.943,24.747],[109.939,24.779],[109.905,24.758],[109.889,24.81],[109.837,24.821],[109.807,24.813],[109.709,24.834],[109.648,24.838],[109.629,24.864],[109.63,24.889],[109.633,24.939],[109.634,24.984],[109.655,25.044],[109.64,25.113],[109.68,25.177],[109.725,25.248],[109.751,25.351],[109.763,25.383],[109.754,25.427],[109.77,25.48],[109.77,25.534],[109.741,25.585],[109.787,25.621],[109.799,25.674],[109.805,25.73],[109.772,25.774],[109.72,25.806],[109.765,25.876],[109.711,25.887],[109.68,25.895],[109.679,25.923],[109.71,25.954],[109.723,26.003],[109.69,26.008],[109.646,26.042],[109.588,26.02],[109.529,25.996],[109.483,26.03],[109.409,25.967],[109.434,25.932],[109.391,25.891],[109.359,25.836],[109.34,25.802],[109.328,25.761],[109.315,25.733],[109.256,25.72],[109.207,25.74],[109.193,25.8],[109.178,25.782],[109.16,25.752],[109.144,25.777],[109.095,25.802],[109.078,25.777],[109.012,25.779],[108.99,25.763],[108.963,25.733],[108.911,25.725],[108.9,25.682],[108.958,25.691],[109.003,25.736],[109.056,25.738],[109.075,25.694],[109.042,25.639],[109.046,25.575],[109.088,25.549],[109.044,25.528],[108.973,25.532],[108.932,25.556],[108.89,25.556],[108.856,25.549],[108.8,25.538],[108.787,25.572],[108.784,25.606],[108.723,25.634],[108.682,25.606],[108.661,25.585],[108.687,25.535],[108.663,25.526],[108.622,25.503],[108.62,25.477],[108.612,25.48],[108.595,25.408],[108.615,25.366],[108.632,25.306],[108.656,25.238],[108.683,25.203],[108.713,25.155],[108.687,25.128],[108.69,25.112],[108.749,25.111],[108.781,25.126],[108.823,25.128],[108.863,25.141],[108.903,25.13],[108.96,25.125],[108.995,25.173],[109.062,25.199],[109.094,25.144],[109.084,25.052],[109.033,24.99],[108.994,24.921],[109.101,24.928],[109.14,24.924],[109.137,24.887],[109.137,24.836],[109.132,24.791],[109.078,24.831],[109.016,24.795],[108.98,24.75],[108.936,24.73],[108.97,24.666],[108.9,24.614],[108.876,24.572],[108.838,24.538],[108.875,24.529],[108.937,24.475],[109.033,24.484],[109.009,24.429],[108.99,24.379],[108.953,24.382],[108.921,24.315],[108.926,24.256],[108.938,24.2],[108.972,24.13],[109.051,24.105],[109.094,24.073],[109.136,24.058],[109.155,24.022],[109.212,24.019],[109.279,24.047],[109.307,23.994],[109.344,23.938],[109.359,23.912],[109.406,23.908],[109.47,23.952],[109.503,23.99],[109.501,24.048],[109.561,24.063],[109.615,24.141],[109.684,24.155],[109.762,24.212],[109.803,24.256],[109.84,24.256],[109.884,24.275],[109.927,24.294],[109.908,24.245],[109.976,24.262],[110.028,24.282],[110.021,24.327],[110.046,24.39],[110.079,24.467],[110.116,24.461]]]]}},{"type":"Feature","properties":{"id":"450300","名称":"桂林市","所属省":"广西"},"geometry":{"type":"MultiPolygon","coordinates":[[[[111.097,24.941],[111.019,24.93],[110.979,24.915],[110.992,24.959],[110.975,24.988],[110.952,25.041],[110.984,25.102],[111.001,25.15],[111.055,25.188],[111.118,25.239],[111.12,25.291],[111.182,25.367],[111.242,25.388],[111.279,25.423],[111.322,25.496],[111.337,25.596],[111.31,25.645],[111.308,25.716],[111.4,25.745],[111.442,25.778],[111.457,25.848],[111.471,25.875],[111.432,25.887],[111.379,25.905],[111.346,25.906],[111.297,25.874],[111.252,25.865],[111.232,25.911],[111.205,25.953],[111.203,25.976],[111.237,26.049],[111.266,26.096],[111.262,26.136],[111.266,26.191],[111.296,26.238],[111.252,26.269],[111.225,26.269],[111.209,26.303],[111.158,26.308],[111.107,26.304],[111.061,26.325],[111.034,26.332],[110.992,26.364],[110.945,26.374],[110.925,26.319],[110.93,26.256],[110.9,26.275],[110.815,26.259],[110.735,26.271],[110.742,26.314],[110.698,26.309],[110.623,26.33],[110.569,26.29],[110.543,26.221],[110.49,26.166],[110.427,26.138],[110.373,26.079],[110.326,25.976],[110.246,25.969],[110.212,26.043],[110.173,26.045],[110.13,26.029],[110.073,26.04],[110.101,26.133],[110.069,26.168],[110.017,26.184],[109.931,26.161],[109.899,26.095],[109.871,26.033],[109.802,26.034],[109.81,25.946],[109.813,25.88],[109.75,25.864],[109.728,25.796],[109.777,25.755],[109.783,25.693],[109.814,25.66],[109.781,25.614],[109.739,25.573],[109.774,25.519],[109.762,25.446],[109.765,25.419],[109.758,25.376],[109.749,25.301],[109.717,25.236],[109.653,25.166],[109.662,25.096],[109.645,25.017],[109.622,24.981],[109.619,24.936],[109.624,24.887],[109.624,24.86],[109.664,24.849],[109.722,24.836],[109.814,24.825],[109.855,24.807],[109.894,24.79],[109.912,24.764],[109.94,24.77],[109.938,24.718],[109.976,24.708],[110.009,24.675],[110.048,24.672],[110.096,24.647],[110.158,24.643],[110.157,24.626],[110.164,24.591],[110.133,24.525],[110.132,24.492],[110.12,24.45],[110.164,24.438],[110.195,24.431],[110.212,24.4],[110.201,24.371],[110.221,24.346],[110.267,24.357],[110.271,24.32],[110.317,24.296],[110.399,24.322],[110.444,24.329],[110.484,24.322],[110.484,24.348],[110.516,24.376],[110.555,24.386],[110.581,24.372],[110.64,24.383],[110.683,24.346],[110.771,24.319],[110.797,24.365],[110.857,24.362],[110.88,24.29],[110.91,24.287],[110.932,24.31],[110.958,24.318],[111.004,24.31],[111.018,24.353],[110.968,24.376],[111.019,24.42],[111.042,24.489],[110.991,24.557],[111.002,24.607],[111.013,24.65],[111.069,24.683],[111.107,24.708],[111.132,24.736],[111.169,24.802],[111.169,24.884],[111.127,24.89],[111.097,24.941]]]]}},{"type":"Feature","properties":{"id":"450400","名称":"梧州市","所属省":"广西"},"geometry":{"type":"MultiPolygon","coordinates":[[[[110.392,24.042],[110.396,23.979],[110.359,23.932],[110.373,23.878],[110.444,23.864],[110.485,23.829],[110.544,23.814],[110.573,23.796],[110.548,23.717],[110.566,23.681],[110.542,23.657],[110.577,23.629],[110.595,23.59],[110.618,23.552],[110.631,23.483],[110.594,23.453],[110.582,23.375],[110.589,23.353],[110.603,23.324],[110.657,23.308],[110.624,23.226],[110.55,23.208],[110.547,23.126],[110.603,23.104],[110.668,23.11],[110.678,23.074],[110.725,23.041],[110.758,23.021],[110.754,22.97],[110.726,22.923],[110.728,22.887],[110.8,22.856],[110.772,22.765],[110.816,22.715],[110.888,22.642],[110.941,22.608],[110.977,22.642],[111.024,22.651],[111.062,22.666],[111.064,22.72],[111.099,22.742],[111.176,22.736],[111.232,22.759],[111.257,22.794],[111.288,22.816],[111.326,22.866],[111.362,22.91],[111.365,22.948],[111.377,22.973],[111.397,23.013],[111.427,23.061],[111.379,23.081],[111.377,23.142],[111.384,23.168],[111.379,23.221],[111.351,23.266],[111.377,23.305],[111.368,23.351],[111.383,23.4],[111.4,23.469],[111.452,23.501],[111.478,23.544],[111.483,23.606],[111.551,23.64],[111.594,23.643],[111.626,23.677],[111.665,23.7],[111.618,23.735],[111.641,23.797],[111.655,23.833],[111.65,23.903],[111.623,23.972],[111.565,23.999],[111.538,24.027],[111.585,24.094],[111.575,24.143],[111.525,24.16],[111.491,24.14],[111.48,24.114],[111.425,24.075],[111.403,24.042],[111.407,23.997],[111.365,23.883],[111.324,23.867],[111.246,23.883],[111.208,23.942],[111.139,23.899],[111.093,23.837],[111.037,23.805],[111.026,23.778],[110.979,23.763],[110.965,23.726],[110.957,23.688],[110.952,23.668],[110.923,23.672],[110.897,23.745],[110.896,23.786],[110.858,23.808],[110.867,23.854],[110.818,23.908],[110.735,23.951],[110.732,23.99],[110.745,24.022],[110.685,24.078],[110.709,24.152],[110.673,24.212],[110.606,24.264],[110.61,24.314],[110.573,24.327],[110.555,24.366],[110.539,24.401],[110.507,24.36],[110.468,24.35],[110.455,24.314],[110.424,24.339],[110.352,24.314],[110.337,24.276],[110.366,24.262],[110.376,24.224],[110.413,24.214],[110.444,24.172],[110.42,24.157],[110.438,24.139],[110.448,24.116],[110.401,24.101],[110.363,24.095],[110.343,24.06],[110.38,24.044],[110.392,24.042]]]]}},{"type":"Feature","properties":{"id":"450500","名称":"北海市","所属省":"广西"},"geometry":{"type":"MultiPolygon","coordinates":[[[[109.608,21.909],[109.559,21.894],[109.488,21.886],[109.462,21.886],[109.418,21.906],[109.374,21.898],[109.324,21.889],[109.303,21.906],[109.267,21.911],[109.261,21.874],[109.141,21.845],[109.095,21.872],[109.022,21.836],[108.968,21.822],[108.965,21.813],[108.939,21.763],[108.887,21.74],[108.855,21.724],[108.881,21.627],[108.966,21.587],[109.107,21.566],[109.15,21.524],[109.058,21.481],[109.047,21.424],[109.139,21.389],[109.246,21.426],[109.448,21.443],[109.541,21.466],[109.608,21.545],[109.655,21.494],[109.74,21.456],[109.774,21.508],[109.754,21.583],[109.757,21.645],[109.749,21.653],[109.707,21.659],[109.696,21.728],[109.705,21.809],[109.708,21.846],[109.697,21.902],[109.62,21.896],[109.608,21.909]]],[[[109.088,21.015],[109.114,21.019],[109.145,21.058],[109.092,21.057],[109.088,21.015]]],[[[109.207,20.907],[109.219,20.899],[109.222,20.909],[109.207,20.917],[109.207,20.907]]]]}},{"type":"Feature","properties":{"id":"450600","名称":"防城港市","所属省":"广西"},"geometry":{"type":"MultiPolygon","coordinates":[[[[108.096,22.372],[108.047,22.355],[107.994,22.328],[107.959,22.28],[107.931,22.255],[107.912,22.21],[107.874,22.211],[107.801,22.209],[107.706,22.192],[107.628,22.182],[107.658,22.098],[107.668,22.066],[107.653,22.041],[107.616,22.005],[107.585,21.97],[107.583,21.939],[107.56,21.911],[107.568,21.863],[107.567,21.784],[107.557,21.724],[107.515,21.685],[107.487,21.649],[107.487,21.596],[107.547,21.587],[107.62,21.602],[107.693,21.609],[107.747,21.637],[107.81,21.655],[107.849,21.645],[107.892,21.623],[107.894,21.597],[107.934,21.575],[107.984,21.542],[108.06,21.526],[108.186,21.516],[108.156,21.551],[108.189,21.577],[108.236,21.603],[108.234,21.533],[108.23,21.491],[108.338,21.541],[108.479,21.547],[108.534,21.601],[108.592,21.677],[108.545,21.729],[108.507,21.726],[108.514,21.808],[108.457,21.907],[108.39,21.928],[108.291,21.91],[108.244,21.948],[108.206,21.98],[108.22,22.053],[108.199,22.095],[108.197,22.132],[108.211,22.179],[108.256,22.201],[108.268,22.231],[108.235,22.263],[108.207,22.292],[108.15,22.289],[108.135,22.341],[108.096,22.372]]]]}},{"type":"Feature","properties":{"id":"450700","名称":"钦州市","所属省":"广西"},"geometry":{"type":"MultiPolygon","coordinates":[[[[109.608,21.909],[109.6,21.94],[109.574,21.971],[109.591,22.024],[109.576,22.066],[109.559,22.166],[109.578,22.232],[109.626,22.308],[109.68,22.3],[109.688,22.346],[109.727,22.374],[109.743,22.357],[109.787,22.329],[109.845,22.324],[109.857,22.385],[109.814,22.432],[109.849,22.491],[109.871,22.516],[109.858,22.556],[109.793,22.585],[109.753,22.565],[109.721,22.578],[109.66,22.66],[109.635,22.659],[109.584,22.681],[109.555,22.653],[109.479,22.643],[109.446,22.625],[109.428,22.634],[109.387,22.639],[109.332,22.609],[109.303,22.575],[109.321,22.523],[109.264,22.495],[109.221,22.514],[109.197,22.532],[109.164,22.553],[109.173,22.52],[109.096,22.511],[109.015,22.51],[108.996,22.539],[108.931,22.524],[108.873,22.512],[108.827,22.53],[108.783,22.521],[108.714,22.489],[108.7,22.45],[108.676,22.442],[108.634,22.46],[108.615,22.429],[108.573,22.423],[108.564,22.386],[108.541,22.346],[108.546,22.31],[108.507,22.275],[108.496,22.238],[108.41,22.266],[108.372,22.243],[108.309,22.225],[108.277,22.21],[108.226,22.183],[108.185,22.141],[108.208,22.094],[108.203,22.061],[108.196,21.994],[108.243,21.963],[108.263,21.922],[108.359,21.918],[108.43,21.917],[108.467,21.852],[108.507,21.759],[108.533,21.725],[108.597,21.692],[108.638,21.671],[108.686,21.661],[108.694,21.608],[108.705,21.602],[108.71,21.647],[108.746,21.602],[108.78,21.619],[108.868,21.621],[108.851,21.704],[108.879,21.744],[108.919,21.751],[108.968,21.807],[108.976,21.831],[108.999,21.838],[109.085,21.852],[109.133,21.848],[109.255,21.866],[109.268,21.903],[109.3,21.899],[109.311,21.884],[109.361,21.893],[109.398,21.91],[109.445,21.896],[109.484,21.901],[109.54,21.902],[109.594,21.913],[109.608,21.909]]],[[[108.843,21.607],[108.836,21.604],[108.842,21.589],[108.859,21.582],[108.865,21.588],[108.843,21.607]]]]}},{"type":"Feature","properties":{"id":"450800","名称":"贵港市","所属省":"广西"},"geometry":{"type":"MultiPolygon","coordinates":[[[[109.662,22.662],[109.721,22.693],[109.731,22.732],[109.783,22.739],[109.763,22.776],[109.755,22.838],[109.786,22.856],[109.816,22.858],[109.865,22.872],[109.833,22.899],[109.843,22.918],[109.806,22.962],[109.851,22.994],[109.916,23.02],[109.98,23.008],[110.016,22.975],[110.056,22.941],[110.1,22.924],[110.165,22.907],[110.243,22.87],[110.264,22.916],[110.301,22.977],[110.307,23.025],[110.328,23.048],[110.364,23.042],[110.421,23.049],[110.499,23.071],[110.521,23.112],[110.544,23.191],[110.603,23.214],[110.659,23.294],[110.615,23.329],[110.582,23.345],[110.564,23.367],[110.585,23.439],[110.632,23.469],[110.614,23.541],[110.605,23.577],[110.588,23.621],[110.548,23.646],[110.571,23.678],[110.552,23.703],[110.582,23.783],[110.55,23.826],[110.5,23.805],[110.46,23.848],[110.399,23.879],[110.353,23.913],[110.397,23.965],[110.398,24.033],[110.343,24.035],[110.296,23.972],[110.297,23.919],[110.295,23.882],[110.275,23.872],[110.211,23.91],[110.19,23.861],[110.132,23.87],[110.042,23.786],[109.979,23.747],[109.948,23.688],[109.918,23.595],[109.899,23.519],[109.868,23.455],[109.838,23.478],[109.769,23.457],[109.724,23.424],[109.69,23.403],[109.636,23.405],[109.596,23.356],[109.566,23.329],[109.542,23.3],[109.502,23.337],[109.448,23.381],[109.401,23.383],[109.374,23.401],[109.311,23.396],[109.276,23.374],[109.25,23.352],[109.22,23.32],[109.221,23.29],[109.232,23.263],[109.253,23.229],[109.248,23.189],[109.246,23.146],[109.25,23.104],[109.287,23.102],[109.339,23.075],[109.332,23.04],[109.332,23.003],[109.356,22.97],[109.385,22.93],[109.43,22.913],[109.46,22.857],[109.505,22.823],[109.518,22.815],[109.506,22.772],[109.576,22.76],[109.582,22.717],[109.619,22.687],[109.626,22.653],[109.662,22.662]]]]}},{"type":"Feature","properties":{"id":"450900","名称":"玉林市","所属省":"广西"},"geometry":{"type":"MultiPolygon","coordinates":[[[[109.662,22.662],[109.708,22.589],[109.742,22.556],[109.777,22.587],[109.845,22.563],[109.864,22.517],[109.857,22.498],[109.811,22.441],[109.847,22.397],[109.845,22.348],[109.805,22.313],[109.747,22.349],[109.734,22.381],[109.697,22.344],[109.662,22.318],[109.642,22.318],[109.579,22.249],[109.57,22.184],[109.556,22.081],[109.579,22.039],[109.593,21.962],[109.597,21.948],[109.607,21.928],[109.664,21.895],[109.705,21.873],[109.692,21.823],[109.696,21.763],[109.689,21.686],[109.735,21.66],[109.766,21.667],[109.795,21.631],[109.845,21.638],[109.883,21.649],[109.914,21.683],[109.926,21.707],[109.939,21.766],[109.936,21.813],[109.945,21.844],[110.007,21.875],[110.082,21.864],[110.108,21.871],[110.133,21.9],[110.182,21.9],[110.21,21.887],[110.284,21.892],[110.337,21.888],[110.39,21.904],[110.391,21.95],[110.356,22.007],[110.358,22.085],[110.361,22.132],[110.326,22.164],[110.349,22.196],[110.394,22.171],[110.41,22.203],[110.46,22.179],[110.504,22.143],[110.56,22.196],[110.606,22.156],[110.658,22.168],[110.675,22.189],[110.655,22.24],[110.695,22.272],[110.739,22.282],[110.786,22.295],[110.749,22.33],[110.724,22.36],[110.714,22.417],[110.693,22.458],[110.705,22.466],[110.74,22.489],[110.754,22.537],[110.764,22.566],[110.799,22.557],[110.833,22.585],[110.887,22.584],[110.882,22.631],[110.831,22.707],[110.79,22.742],[110.802,22.846],[110.752,22.852],[110.733,22.912],[110.767,22.963],[110.751,23.01],[110.74,23.057],[110.687,23.064],[110.665,23.101],[110.612,23.122],[110.559,23.109],[110.502,23.091],[110.467,23.071],[110.397,23.061],[110.341,23.044],[110.325,23.017],[110.288,22.999],[110.26,22.939],[110.27,22.871],[110.232,22.888],[110.121,22.887],[110.073,22.958],[110.026,22.956],[110.008,22.985],[109.952,23.023],[109.887,23.023],[109.82,22.969],[109.839,22.928],[109.855,22.901],[109.849,22.878],[109.842,22.886],[109.807,22.848],[109.767,22.858],[109.763,22.807],[109.781,22.768],[109.755,22.729],[109.72,22.707],[109.692,22.689],[109.662,22.662]]]]}},{"type":"Feature","properties":{"id":"451000","名称":"百色市","所属省":"广西"},"geometry":{"type":"MultiPolygon","coordinates":[[[[106.571,25.084],[106.463,25.04],[106.412,25.012],[106.354,24.99],[106.279,24.979],[106.228,24.98],[106.183,24.952],[106.15,24.944],[106.192,24.897],[106.206,24.851],[106.186,24.802],[106.15,24.763],[106.12,24.726],[106.066,24.697],[106.023,24.632],[105.978,24.669],[105.942,24.725],[105.864,24.73],[105.795,24.705],[105.725,24.755],[105.626,24.777],[105.573,24.797],[105.493,24.817],[105.457,24.878],[105.392,24.942],[105.309,24.924],[105.264,24.956],[105.215,24.981],[105.157,24.959],[105.118,24.945],[105.088,24.915],[105.039,24.873],[105.027,24.816],[104.983,24.77],[104.861,24.701],[104.803,24.666],[104.73,24.618],[104.698,24.649],[104.6,24.696],[104.529,24.731],[104.498,24.666],[104.451,24.644],[104.475,24.645],[104.503,24.591],[104.53,24.531],[104.543,24.509],[104.567,24.463],[104.584,24.418],[104.63,24.398],[104.661,24.356],[104.717,24.329],[104.704,24.421],[104.753,24.436],[104.823,24.444],[104.914,24.426],[104.998,24.424],[105.055,24.439],[105.096,24.419],[105.138,24.377],[105.196,24.337],[105.176,24.287],[105.182,24.262],[105.215,24.215],[105.235,24.178],[105.183,24.167],[105.195,24.122],[105.252,24.07],[105.293,24.079],[105.293,24.113],[105.333,24.095],[105.365,24.078],[105.403,24.049],[105.482,24.019],[105.51,24.034],[105.518,24.097],[105.546,24.124],[105.613,24.134],[105.638,24.076],[105.675,24.038],[105.739,24.059],[105.789,24.04],[105.841,24.031],[105.892,24.04],[105.902,24.099],[105.954,24.113],[106.012,24.099],[106.054,24.076],[106.089,24.031],[106.096,23.99],[106.139,23.921],[106.192,23.879],[106.192,23.835],[106.144,23.806],[106.158,23.709],[106.121,23.605],[106.121,23.559],[106.063,23.488],[106,23.448],[105.997,23.48],[105.926,23.509],[105.881,23.529],[105.812,23.474],[105.738,23.431],[105.672,23.409],[105.647,23.398],[105.694,23.363],[105.682,23.349],[105.681,23.322],[105.649,23.346],[105.614,23.322],[105.56,23.257],[105.55,23.198],[105.567,23.14],[105.565,23.073],[105.642,23.078],[105.715,23.058],[105.748,23.03],[105.828,22.992],[105.858,22.944],[105.89,22.926],[105.937,22.936],[105.995,22.938],[106.02,22.991],[106.106,22.981],[106.176,22.981],[106.268,22.899],[106.306,22.867],[106.366,22.858],[106.423,22.889],[106.48,22.903],[106.511,22.939],[106.597,22.93],[106.631,22.881],[106.667,22.907],[106.748,22.974],[106.796,23.049],[106.776,23.074],[106.772,23.108],[106.785,23.153],[106.839,23.198],[106.919,23.26],[106.994,23.3],[107.034,23.292],[107.116,23.284],[107.199,23.334],[107.274,23.344],[107.351,23.32],[107.383,23.268],[107.414,23.254],[107.47,23.25],[107.485,23.23],[107.52,23.219],[107.585,23.23],[107.579,23.277],[107.656,23.275],[107.744,23.308],[107.782,23.35],[107.829,23.334],[107.827,23.368],[107.867,23.401],[107.853,23.433],[107.821,23.43],[107.769,23.45],[107.733,23.478],[107.735,23.533],[107.705,23.602],[107.764,23.667],[107.823,23.67],[107.812,23.754],[107.766,23.759],[107.746,23.797],[107.655,23.786],[107.57,23.805],[107.536,23.841],[107.543,23.884],[107.479,23.871],[107.432,23.835],[107.386,23.88],[107.363,23.921],[107.305,23.924],[107.281,23.999],[107.237,23.967],[107.145,24.007],[107.107,24.049],[107.018,24.024],[106.976,24.063],[106.944,24.085],[106.947,24.113],[106.904,24.109],[106.86,24.181],[106.919,24.227],[106.885,24.316],[106.883,24.365],[106.863,24.395],[106.809,24.454],[106.798,24.514],[106.775,24.555],[106.725,24.618],[106.692,24.619],[106.739,24.648],[106.815,24.676],[106.74,24.731],[106.67,24.802],[106.76,24.795],[106.801,24.823],[106.819,24.843],[106.851,24.849],[106.828,24.897],[106.78,24.93],[106.726,25.006],[106.764,25.031],[106.755,25.084],[106.701,25.083],[106.655,25.065],[106.604,25.048],[106.571,25.084]]],[[[105.096,24.928],[105.096,24.929],[105.078,24.918],[105.082,24.916],[105.096,24.928]]]]}},{"type":"Feature","properties":{"id":"451100","名称":"贺州市","所属省":"广西"},"geometry":{"type":"MultiPolygon","coordinates":[[[[111.655,23.833],[111.698,23.837],[111.746,23.821],[111.792,23.809],[111.825,23.832],[111.813,23.887],[111.846,23.904],[111.866,23.946],[111.912,23.944],[111.921,24.012],[111.888,24.079],[111.879,24.127],[111.878,24.229],[111.933,24.236],[111.956,24.26],[111.99,24.265],[112.026,24.295],[112.06,24.341],[112.042,24.41],[111.987,24.465],[112.005,24.512],[111.972,24.575],[111.937,24.596],[111.954,24.647],[111.953,24.696],[111.999,24.733],[111.97,24.764],[111.925,24.757],[111.869,24.772],[111.794,24.774],[111.708,24.789],[111.642,24.73],[111.637,24.681],[111.583,24.682],[111.53,24.637],[111.485,24.673],[111.447,24.683],[111.464,24.734],[111.48,24.798],[111.46,24.872],[111.464,24.909],[111.431,24.96],[111.467,25.002],[111.423,25.035],[111.429,25.104],[111.387,25.13],[111.322,25.105],[111.275,25.151],[111.222,25.106],[111.167,25.061],[111.108,25.01],[111.097,24.941],[111.127,24.89],[111.169,24.884],[111.169,24.802],[111.132,24.736],[111.107,24.708],[111.069,24.683],[111.013,24.65],[111.002,24.607],[110.991,24.557],[111.042,24.489],[111.019,24.42],[110.968,24.376],[111.018,24.353],[111.004,24.31],[110.958,24.318],[110.932,24.31],[110.91,24.287],[110.88,24.29],[110.857,24.362],[110.797,24.365],[110.771,24.319],[110.683,24.346],[110.64,24.383],[110.581,24.372],[110.573,24.327],[110.61,24.314],[110.606,24.264],[110.673,24.212],[110.709,24.152],[110.685,24.078],[110.745,24.022],[110.732,23.99],[110.735,23.951],[110.818,23.908],[110.867,23.854],[110.858,23.808],[110.896,23.786],[110.897,23.745],[110.923,23.672],[110.952,23.668],[110.957,23.688],[110.965,23.726],[110.979,23.763],[111.026,23.778],[111.037,23.805],[111.093,23.837],[111.139,23.899],[111.208,23.942],[111.246,23.883],[111.324,23.867],[111.365,23.883],[111.407,23.997],[111.403,24.042],[111.425,24.075],[111.48,24.114],[111.491,24.14],[111.525,24.16],[111.575,24.143],[111.585,24.094],[111.538,24.027],[111.565,23.999],[111.623,23.972],[111.65,23.903],[111.655,23.833]]]]}},{"type":"Feature","properties":{"id":"451200","名称":"河池市","所属省":"广西"},"geometry":{"type":"MultiPolygon","coordinates":[[[[106.571,25.084],[106.621,25.064],[106.684,25.071],[106.721,25.099],[106.743,25.063],[106.734,25.03],[106.76,24.957],[106.803,24.91],[106.844,24.869],[106.837,24.86],[106.806,24.837],[106.791,24.797],[106.719,24.817],[106.672,24.771],[106.776,24.714],[106.798,24.658],[106.719,24.646],[106.702,24.601],[106.774,24.602],[106.772,24.523],[106.815,24.475],[106.847,24.421],[106.892,24.398],[106.9,24.341],[106.901,24.276],[106.885,24.207],[106.894,24.122],[106.935,24.105],[106.964,24.101],[106.957,24.073],[106.997,24.044],[107.06,24.06],[107.124,24.05],[107.178,23.983],[107.268,24],[107.28,23.977],[107.331,23.913],[107.383,23.904],[107.406,23.875],[107.455,23.842],[107.504,23.886],[107.531,23.862],[107.57,23.833],[107.606,23.785],[107.714,23.796],[107.738,23.779],[107.793,23.768],[107.829,23.724],[107.797,23.663],[107.731,23.642],[107.716,23.554],[107.754,23.572],[107.794,23.581],[107.825,23.6],[107.86,23.602],[107.907,23.626],[107.96,23.644],[107.994,23.649],[108.021,23.69],[108.022,23.753],[108.069,23.796],[108.112,23.814],[108.154,23.841],[108.176,23.844],[108.221,23.855],[108.233,23.807],[108.264,23.818],[108.291,23.823],[108.293,23.857],[108.331,23.906],[108.365,23.932],[108.358,23.981],[108.377,24.014],[108.458,24.01],[108.501,24.025],[108.564,24.02],[108.597,24.047],[108.589,24.103],[108.642,24.137],[108.683,24.189],[108.684,24.249],[108.671,24.288],[108.729,24.303],[108.727,24.338],[108.761,24.368],[108.836,24.351],[108.862,24.267],[108.917,24.271],[108.921,24.362],[108.978,24.389],[109.005,24.399],[109.046,24.444],[108.983,24.486],[108.892,24.501],[108.862,24.514],[108.846,24.563],[108.913,24.595],[108.927,24.637],[108.951,24.697],[108.956,24.74],[108.998,24.777],[109.038,24.822],[109.097,24.807],[109.158,24.825],[109.146,24.862],[109.153,24.896],[109.118,24.948],[109.032,24.913],[108.991,24.958],[109.075,25.027],[109.105,25.104],[109.077,25.178],[109.033,25.182],[108.98,25.145],[108.931,25.131],[108.899,25.153],[108.845,25.155],[108.802,25.113],[108.754,25.128],[108.726,25.103],[108.675,25.116],[108.695,25.164],[108.703,25.188],[108.655,25.215],[108.651,25.26],[108.614,25.31],[108.563,25.374],[108.524,25.418],[108.5,25.448],[108.438,25.447],[108.4,25.491],[108.352,25.525],[108.317,25.523],[108.261,25.474],[108.252,25.43],[108.203,25.452],[108.165,25.427],[108.186,25.41],[108.143,25.391],[108.138,25.337],[108.137,25.278],[108.122,25.231],[108.054,25.2],[107.969,25.178],[107.898,25.149],[107.839,25.116],[107.794,25.116],[107.768,25.131],[107.76,25.189],[107.742,25.24],[107.696,25.22],[107.658,25.293],[107.632,25.31],[107.606,25.255],[107.584,25.256],[107.541,25.225],[107.504,25.218],[107.475,25.226],[107.471,25.301],[107.409,25.347],[107.421,25.393],[107.367,25.404],[107.315,25.403],[107.326,25.435],[107.321,25.485],[107.308,25.5],[107.264,25.543],[107.229,25.605],[107.185,25.578],[107.065,25.559],[107.056,25.504],[107.007,25.479],[106.964,25.437],[106.98,25.388],[107.014,25.345],[107.014,25.275],[106.976,25.233],[106.904,25.232],[106.853,25.187],[106.765,25.183],[106.691,25.179],[106.64,25.133],[106.595,25.094],[106.571,25.084]]]]}},{"type":"Feature","properties":{"id":"451300","名称":"来宾市","所属省":"广西"},"geometry":{"type":"MultiPolygon","coordinates":[[[[108.917,24.255],[108.848,24.304],[108.818,24.361],[108.754,24.378],[108.728,24.333],[108.709,24.291],[108.682,24.27],[108.688,24.236],[108.674,24.172],[108.612,24.134],[108.585,24.096],[108.582,24.036],[108.562,24.008],[108.488,24.029],[108.477,23.978],[108.442,23.954],[108.444,23.92],[108.476,23.894],[108.458,23.865],[108.43,23.832],[108.419,23.801],[108.436,23.788],[108.474,23.776],[108.475,23.741],[108.498,23.714],[108.504,23.673],[108.542,23.688],[108.567,23.723],[108.609,23.746],[108.638,23.769],[108.688,23.788],[108.735,23.793],[108.773,23.778],[108.778,23.733],[108.797,23.706],[108.78,23.645],[108.805,23.571],[108.821,23.523],[108.837,23.486],[108.87,23.457],[108.907,23.432],[108.911,23.395],[108.952,23.358],[108.98,23.369],[109.02,23.36],[109.057,23.323],[109.099,23.344],[109.11,23.291],[109.141,23.299],[109.188,23.273],[109.208,23.3],[109.22,23.32],[109.25,23.352],[109.276,23.374],[109.311,23.396],[109.374,23.401],[109.401,23.383],[109.448,23.381],[109.502,23.337],[109.542,23.3],[109.566,23.329],[109.596,23.356],[109.636,23.405],[109.69,23.403],[109.724,23.424],[109.769,23.457],[109.838,23.478],[109.868,23.455],[109.899,23.519],[109.918,23.595],[109.948,23.688],[109.979,23.747],[110.042,23.786],[110.132,23.87],[110.19,23.861],[110.211,23.91],[110.275,23.872],[110.295,23.882],[110.297,23.919],[110.296,23.972],[110.343,24.035],[110.4,24.048],[110.374,24.042],[110.355,24.077],[110.365,24.105],[110.408,24.1],[110.458,24.125],[110.43,24.146],[110.429,24.157],[110.456,24.184],[110.405,24.22],[110.366,24.227],[110.375,24.264],[110.327,24.266],[110.268,24.304],[110.264,24.341],[110.23,24.361],[110.197,24.357],[110.197,24.386],[110.203,24.414],[110.187,24.448],[110.135,24.447],[110.093,24.458],[110.056,24.419],[110.017,24.337],[110.036,24.29],[109.999,24.255],[109.932,24.235],[109.933,24.272],[109.888,24.289],[109.852,24.26],[109.81,24.259],[109.771,24.215],[109.706,24.153],[109.644,24.15],[109.582,24.071],[109.511,24.053],[109.487,24.011],[109.471,23.967],[109.429,23.909],[109.364,23.907],[109.354,23.935],[109.325,23.988],[109.29,24.038],[109.222,24.032],[109.165,24.029],[109.142,24.047],[109.089,24.063],[109.062,24.1],[108.978,24.126],[108.935,24.185],[108.941,24.243],[108.917,24.255]]]]}},{"type":"Feature","properties":{"id":"451400","名称":"崇左市","所属省":"广西"},"geometry":{"type":"MultiPolygon","coordinates":[[[[106.671,22.889],[106.717,22.872],[106.772,22.824],[106.812,22.818],[106.827,22.776],[106.791,22.751],[106.769,22.715],[106.764,22.683],[106.726,22.635],[106.734,22.599],[106.681,22.579],[106.633,22.602],[106.605,22.574],[106.59,22.522],[106.581,22.466],[106.571,22.438],[106.59,22.391],[106.574,22.338],[106.624,22.331],[106.663,22.315],[106.694,22.276],[106.682,22.202],[106.695,22.159],[106.694,22.133],[106.714,22.062],[106.691,22.009],[106.695,21.962],[106.739,22.008],[106.814,21.976],[106.92,21.97],[106.959,21.922],[107.021,21.944],[107.059,21.887],[107.018,21.819],[107.102,21.793],[107.181,21.747],[107.247,21.703],[107.291,21.731],[107.364,21.655],[107.388,21.594],[107.469,21.66],[107.515,21.685],[107.557,21.724],[107.567,21.784],[107.568,21.863],[107.56,21.911],[107.583,21.939],[107.585,21.97],[107.616,22.005],[107.653,22.041],[107.668,22.066],[107.658,22.098],[107.628,22.182],[107.706,22.192],[107.801,22.209],[107.874,22.211],[107.912,22.21],[107.931,22.255],[107.959,22.28],[107.994,22.328],[108.047,22.355],[108.096,22.372],[108.087,22.406],[108.079,22.462],[108.037,22.476],[107.998,22.492],[108.004,22.561],[108.027,22.611],[108.086,22.621],[108.09,22.669],[108.075,22.675],[108.041,22.656],[107.999,22.694],[108.019,22.742],[108.026,22.768],[107.973,22.793],[107.944,22.846],[107.86,22.873],[107.764,22.915],[107.731,22.94],[107.676,22.942],[107.65,22.924],[107.702,22.876],[107.661,22.867],[107.646,22.902],[107.575,22.876],[107.504,22.845],[107.489,22.896],[107.5,22.936],[107.49,22.987],[107.478,23.032],[107.437,23.05],[107.398,23.043],[107.338,23.047],[107.377,23.084],[107.362,23.111],[107.338,23.148],[107.355,23.164],[107.367,23.211],[107.378,23.251],[107.353,23.295],[107.303,23.352],[107.211,23.318],[107.149,23.302],[107.044,23.286],[107.006,23.31],[106.923,23.269],[106.858,23.208],[106.777,23.175],[106.766,23.119],[106.769,23.076],[106.81,23.066],[106.765,23.004],[106.681,22.922],[106.671,22.889]]]]}},{"type":"Feature","properties":{"id":"460100","名称":"海口市","所属省":"海南"},"geometry":{"type":"MultiPolygon","coordinates":[[[[110.106,20.027],[110.228,19.754],[110.314,19.697],[110.401,19.607],[110.54,19.535],[110.673,19.647],[110.705,19.806],[110.635,19.965],[110.387,20.113],[110.144,20.074],[110.106,20.027]]]]}},{"type":"Feature","properties":{"id":"460200","名称":"三亚市","所属省":"海南"},"geometry":{"type":"MultiPolygon","coordinates":[[[[108.932,18.335],[109.139,18.268],[109.441,18.199],[109.638,18.172],[109.805,18.348],[109.725,18.493],[109.516,18.429],[109.423,18.575],[109.246,18.559],[109.073,18.452],[108.932,18.335]]]]}},{"type":"Feature","properties":{"id":"460300","名称":"三沙市","所属省":"海南"},"geometry":{"type":"MultiPolygon","coordinates":[[[[113.266,8.126],[113.386,8.238],[113.294,8.176],[113.266,8.126]]],[[[111.463,17.078],[111.523,17.104],[111.538,17.094],[111.494,17.059],[111.559,17.088],[111.542,17.12],[111.452,17.093],[111.463,17.078]]],[[[117.708,15.183],[117.727,15.105],[117.828,15.112],[117.725,15.131],[117.721,15.195],[117.749,15.23],[117.715,15.223],[117.708,15.183]]],[[[111.734,16.197],[111.8,16.208],[111.822,16.238],[111.782,16.274],[111.685,16.257],[111.785,16.253],[111.794,16.226],[111.734,16.197]]],[[[113.897,7.607],[114.158,7.561],[114.42,7.766],[114.541,7.946],[114.212,7.787],[113.897,7.607]]],[[[111.65,16.256],[111.578,16.208],[111.568,16.163],[111.611,16.156],[111.691,16.211],[111.607,16.178],[111.599,16.198],[111.681,16.262],[111.65,16.256]]],[[[113.977,8.873],[114.013,8.837],[114.035,8.784],[114.06,8.816],[113.995,8.877],[113.977,8.873]]],[[[113.956,8.84],[113.975,8.793],[114.012,8.799],[113.978,8.841],[113.956,8.84]]],[[[111.974,16.324],[111.996,16.307],[112.057,16.313],[112.075,16.35],[112.003,16.351],[111.974,16.324]]],[[[111.739,16.459],[111.752,16.456],[111.787,16.52],[111.745,16.552],[111.766,16.495],[111.739,16.459]]],[[[114.194,8.764],[114.21,8.712],[114.249,8.73],[114.222,8.785],[114.194,8.764]]],[[[112.233,16.996],[112.222,16.961],[112.293,16.968],[112.233,16.996]]],[[[115.838,9.71],[115.861,9.694],[115.867,9.65],[115.901,9.671],[115.926,9.781],[115.871,9.779],[115.838,9.71]]],[[[114.617,9.965],[114.642,9.917],[114.672,9.928],[114.686,9.979],[114.617,9.965]]],[[[114.69,10.346],[114.726,10.319],[114.745,10.374],[114.704,10.374],[114.69,10.346]]],[[[109.464,7.345],[109.654,7.479],[109.949,7.523],[109.653,7.56],[109.464,7.345]]],[[[113.769,7.637],[113.774,7.602],[113.834,7.616],[113.832,7.645],[113.769,7.637]]],[[[116.273,8.88],[116.294,8.858],[116.332,8.901],[116.306,8.917],[116.273,8.88]]],[[[112.477,16.001],[112.57,16.011],[112.612,16.039],[112.588,16.071],[112.462,16.044],[112.448,16.005],[112.477,16.001]]],[[[112.537,8.846],[112.571,8.815],[112.64,8.819],[112.598,8.859],[112.537,8.846]]],[[[115.18,8.377],[115.194,8.355],[115.263,8.343],[115.267,8.367],[115.18,8.377]]],[[[114.469,10.836],[114.475,10.814],[114.513,10.849],[114.565,10.836],[114.593,10.857],[114.587,10.909],[114.555,10.901],[114.469,10.836]]],[[[112.409,16.295],[112.383,16.266],[112.476,16.289],[112.539,16.289],[112.529,16.318],[112.409,16.295]]],[[[112.349,16.912],[112.334,16.962],[112.304,16.96],[112.349,16.912]]],[[[111.5,16.452],[111.546,16.435],[111.551,16.453],[111.5,16.452]]],[[[115.5,9.898],[115.549,9.869],[115.581,9.917],[115.518,9.934],[115.5,9.898]]],[[[116.489,10.396],[116.462,10.349],[116.467,10.309],[116.567,10.304],[116.645,10.335],[116.638,10.365],[116.515,10.349],[116.542,10.42],[116.489,10.396]]],[[[113.895,8.005],[113.905,7.964],[113.971,7.945],[113.94,8.018],[113.895,8.005]]],[[[114.508,8.12],[114.521,8.103],[114.596,8.121],[114.624,8.149],[114.596,8.158],[114.508,8.12]]],[[[114.67,8.21],[114.691,8.185],[114.742,8.189],[114.727,8.211],[114.67,8.21]]],[[[115.432,9.365],[115.47,9.359],[115.456,9.417],[115.432,9.365]]],[[[113.638,8.977],[113.654,8.962],[113.731,9.004],[113.719,9.02],[113.638,8.977]]],[[[116.457,9.175],[116.482,9.137],[116.49,9.184],[116.457,9.175]]],[[[112.584,4.97],[112.603,4.94],[112.631,4.947],[112.641,4.987],[112.597,4.991],[112.584,4.97]]],[[[113.939,8.875],[113.912,8.889],[113.894,8.863],[113.932,8.842],[113.939,8.875]]],[[[112.011,3.85],[112.055,3.84],[112.037,3.879],[112.011,3.85]]],[[[109.936,7.848],[109.948,7.816],[109.988,7.813],[110.05,7.846],[110.083,7.897],[110.078,7.949],[110.033,7.944],[109.953,7.889],[109.936,7.848]]],[[[114.697,11.004],[114.71,11.002],[114.793,11.076],[114.799,11.105],[114.767,11.11],[114.71,11.04],[114.697,11.004]]],[[[114.911,10.863],[114.931,10.842],[114.96,10.902],[114.934,10.903],[114.911,10.863]]],[[[111.573,16.47],[111.614,16.44],[111.592,16.491],[111.573,16.47]]],[[[114.62,11.432],[114.653,11.437],[114.662,11.523],[114.62,11.516],[114.62,11.432]]],[[[112.507,16.466],[112.587,16.526],[112.575,16.537],[112.5,16.494],[112.507,16.466]]],[[[114.792,8.161],[114.777,8.114],[114.812,8.11],[114.792,8.161]]],[[[116.727,11.502],[116.765,11.43],[116.772,11.445],[116.738,11.515],[116.727,11.502]]],[[[111.691,16.588],[111.728,16.559],[111.717,16.594],[111.691,16.588]]],[[[113.846,10.019],[113.865,10.003],[113.873,10.123],[113.857,10.122],[113.846,10.019]]],[[[111.762,16.062],[111.777,16.03],[111.828,16.049],[111.83,16.071],[111.762,16.062]]],[[[112.614,5.038],[112.657,4.998],[112.663,5.025],[112.614,5.038]]],[[[115.977,9.322],[115.926,9.311],[115.943,9.27],[115.999,9.294],[115.977,9.322]]],[[[113.66,9.231],[113.677,9.203],[113.697,9.226],[113.66,9.231]]],[[[114.703,16.17],[114.816,16.198],[114.803,16.215],[114.705,16.199],[114.703,16.17]]],[[[115.283,10.192],[115.291,10.171],[115.333,10.2],[115.283,10.192]]],[[[114.666,7.59],[114.688,7.565],[114.724,7.607],[114.678,7.61],[114.666,7.59]]],[[[115.258,8.51],[115.269,8.478],[115.296,8.511],[115.258,8.51]]],[[[110.46,8.116],[110.471,8.072],[110.554,8.094],[110.6,8.157],[110.568,8.173],[110.462,8.128],[110.46,8.116]]],[[[113.222,8.074],[113.284,8.111],[113.261,8.117],[113.222,8.074]]],[[[114.243,10.242],[114.263,10.24],[114.326,10.285],[114.313,10.301],[114.265,10.275],[114.243,10.242]]],[[[114.493,10.717],[114.563,10.778],[114.539,10.793],[114.493,10.717]]],[[[114.689,11.469],[114.731,11.429],[114.721,11.492],[114.689,11.469]]],[[[116.638,10.504],[116.709,10.493],[116.699,10.518],[116.638,10.504]]],[[[117.771,10.774],[117.799,10.753],[117.836,10.804],[117.833,10.836],[117.802,10.839],[117.771,10.774]]],[[[112.463,5.03],[112.507,5.005],[112.499,5.034],[112.463,5.03]]],[[[112.222,3.881],[112.267,3.873],[112.243,3.907],[112.222,3.881]]],[[[112.249,3.945],[112.285,3.948],[112.259,3.974],[112.249,3.945]]],[[[115.51,8.491],[115.522,8.46],[115.554,8.461],[115.559,8.523],[115.514,8.519],[115.51,8.491]]],[[[110.461,7.8],[110.488,7.783],[110.512,7.806],[110.485,7.828],[110.461,7.8]]],[[[110.609,8.011],[110.643,7.989],[110.642,8.031],[110.609,8.011]]],[[[111.539,7.544],[111.584,7.543],[111.612,7.592],[111.564,7.603],[111.539,7.544]]],[[[111.925,8.071],[111.965,8.047],[112.019,8.066],[112.013,8.093],[111.955,8.106],[111.925,8.071]]],[[[112.346,8.926],[112.393,8.92],[112.385,8.947],[112.346,8.926]]],[[[117.258,10.321],[117.299,10.314],[117.275,10.358],[117.258,10.321]]],[[[114.213,16.041],[114.308,16.034],[114.306,16.058],[114.213,16.041]]],[[[114.067,10.918],[114.11,10.918],[114.101,10.947],[114.067,10.918]]],[[[111.658,8.673],[111.666,8.623],[111.718,8.65],[111.697,8.679],[111.658,8.673]]],[[[116.081,10.805],[116.112,10.791],[116.097,10.83],[116.081,10.805]]],[[[114.854,7.244],[114.82,7.193],[114.87,7.199],[114.854,7.244]]],[[[113.6,6.962],[113.576,6.923],[113.608,6.92],[113.6,6.962]]],[[[112.528,5.794],[112.563,5.759],[112.562,5.821],[112.528,5.794]]],[[[114.868,7.984],[114.884,7.955],[114.92,7.973],[114.914,8.008],[114.868,7.984]]],[[[111.671,7.651],[111.707,7.649],[111.75,7.704],[111.727,7.73],[111.691,7.712],[111.671,7.651]]],[[[114.599,8.846],[114.645,8.845],[114.682,8.881],[114.665,8.9],[114.617,8.881],[114.599,8.846]]],[[[116.046,10.095],[116.07,10.064],[116.096,10.094],[116.07,10.129],[116.046,10.095]]],[[[117.267,10.692],[117.405,10.671],[117.419,10.703],[117.369,10.742],[117.293,10.735],[117.267,10.692]]],[[[112.523,5.656],[112.545,5.616],[112.566,5.63],[112.562,5.677],[112.529,5.687],[112.523,5.656]]],[[[112.583,5.562],[112.614,5.465],[112.639,5.48],[112.616,5.569],[112.583,5.562]]],[[[112.651,5.107],[112.653,5.06],[112.683,5.049],[112.719,5.076],[112.678,5.121],[112.651,5.107]]],[[[111.639,7.907],[111.707,7.886],[111.714,7.927],[111.652,7.933],[111.639,7.907]]],[[[112.892,7.844],[112.93,7.828],[112.932,7.867],[112.892,7.844]]],[[[112.244,8.874],[112.281,8.855],[112.288,8.886],[112.244,8.874]]],[[[117.348,10.09],[117.385,10.064],[117.374,10.107],[117.348,10.09]]],[[[116.695,16.346],[116.714,16.297],[116.748,16.322],[116.748,16.36],[116.718,16.373],[116.695,16.346]]],[[[114.448,16.034],[114.522,16.056],[114.465,16.067],[114.448,16.034]]],[[[112.993,19.472],[113.039,19.48],[113.029,19.529],[112.994,19.526],[112.993,19.472]]],[[[113.832,19.158],[113.874,19.151],[113.915,19.172],[113.92,19.224],[113.876,19.237],[113.807,19.223],[113.799,19.199],[113.832,19.158]]],[[[112.557,5.109],[112.569,5.072],[112.611,5.092],[112.602,5.12],[112.557,5.109]]],[[[112.907,4.993],[112.944,4.992],[112.953,5.048],[112.911,5.038],[112.907,4.993]]],[[[115.362,13.949],[115.398,13.925],[115.439,13.944],[115.423,13.977],[115.362,13.949]]],[[[112.227,16.759],[112.262,16.778],[112.211,16.796],[112.227,16.759]]],[[[112.234,15.696],[112.252,15.743],[112.204,15.714],[112.234,15.696]]],[[[112.612,5.368],[112.64,5.348],[112.685,5.372],[112.691,5.407],[112.645,5.41],[112.612,5.368]]],[[[114.949,7.509],[114.981,7.476],[115.012,7.485],[115.014,7.526],[114.949,7.509]]],[[[111.554,7.808],[111.585,7.771],[111.62,7.84],[111.604,7.862],[111.554,7.808]]],[[[114.926,16.037],[114.895,16.036],[114.911,16.002],[114.926,16.037]]],[[[116.749,9.057],[116.699,9.049],[116.741,9.029],[116.749,9.057]]],[[[113.939,15.835],[113.973,15.806],[113.971,15.839],[113.939,15.835]]],[[[112.646,16.386],[112.682,16.401],[112.66,16.427],[112.646,16.386]]],[[[115.758,10.461],[115.776,10.435],[115.802,10.464],[115.758,10.461]]],[[[112.512,9.545],[112.508,9.526],[112.569,9.517],[112.567,9.554],[112.512,9.545]]],[[[114.61,15.649],[114.581,15.626],[114.611,15.615],[114.61,15.649]]],[[[117.299,11.078],[117.264,11.063],[117.305,11.027],[117.299,11.078]]],[[[117.691,11.049],[117.653,11.046],[117.69,11.017],[117.691,11.049]]],[[[114.167,9.385],[114.175,9.342],[114.194,9.392],[114.167,9.385]]]]}},{"type":"Feature","properties":{"id":"460400","名称":"儋州市","所属省":"海南"},"geometry":{"type":"MultiPolygon","coordinates":[[[[108.929,19.524],[109.045,19.43],[109.178,19.399],[109.424,19.355],[109.468,19.301],[109.634,19.203],[109.697,19.271],[109.646,19.402],[109.76,19.529],[109.664,19.63],[109.569,19.798],[109.35,19.899],[109.219,19.856],[109.094,19.69],[108.929,19.524]]]]}},{"type":"Feature","properties":{"id":"469001","名称":"五指山市","所属省":"海南"},"geometry":{"type":"MultiPolygon","coordinates":[[[[109.715,18.834],[109.602,18.91],[109.456,18.996],[109.326,18.926],[109.357,18.711],[109.489,18.647],[109.62,18.678],[109.689,18.83],[109.715,18.834]]]]}},{"type":"Feature","properties":{"id":"469002","名称":"琼海市","所属省":"海南"},"geometry":{"type":"MultiPolygon","coordinates":[[[[110.611,19.084],[110.73,19.379],[110.581,19.419],[110.45,19.448],[110.359,19.299],[110.171,19.191],[110.159,18.999],[110.478,19.097],[110.611,19.084]]]]}},{"type":"Feature","properties":{"id":"469005","名称":"文昌市","所属省":"海南"},"geometry":{"type":"MultiPolygon","coordinates":[[[[110.73,19.379],[111.009,19.604],[110.97,20.01],[110.778,20.068],[110.656,20.134],[110.635,19.965],[110.705,19.806],[110.673,19.647],[110.54,19.535],[110.521,19.51],[110.605,19.35],[110.73,19.379]]]]}},{"type":"Feature","properties":{"id":"469006","名称":"万宁市","所属省":"海南"},"geometry":{"type":"MultiPolygon","coordinates":[[[[110.159,18.999],[110.096,18.811],[110.116,18.593],[110.329,18.642],[110.578,18.785],[110.522,19.103],[110.23,19.003],[110.159,18.999]]]]}},{"type":"Feature","properties":{"id":"469007","名称":"东方市","所属省":"海南"},"geometry":{"type":"MultiPolygon","coordinates":[[[[109.125,18.878],[109.009,19.05],[108.916,19.219],[108.645,19.349],[108.63,19.003],[108.66,18.717],[108.929,18.79],[109.095,18.857],[109.125,18.878]]]]}},{"type":"Feature","properties":{"id":"469021","名称":"定安县","所属省":"海南"},"geometry":{"type":"MultiPolygon","coordinates":[[[[110.225,19.222],[110.327,19.315],[110.485,19.443],[110.486,19.502],[110.456,19.575],[110.34,19.721],[110.186,19.637],[110.192,19.589],[110.194,19.456],[110.228,19.302],[110.225,19.222]]]]}},{"type":"Feature","properties":{"id":"469022","名称":"屯昌县","所属省":"海南"},"geometry":{"type":"MultiPolygon","coordinates":[[[[110.115,19.133],[110.228,19.302],[110.194,19.456],[110.192,19.589],[110.072,19.492],[109.947,19.468],[109.826,19.343],[110.026,19.176],[110.115,19.133]]]]}},{"type":"Feature","properties":{"id":"469023","名称":"澄迈县","所属省":"海南"},"geometry":{"type":"MultiPolygon","coordinates":[[[[110.137,19.56],[110.222,19.63],[110.228,19.754],[110.106,20.027],[109.879,19.885],[109.897,19.779],[109.76,19.529],[109.793,19.38],[109.915,19.424],[110.046,19.456],[110.137,19.56]]]]}},{"type":"Feature","properties":{"id":"469024","名称":"临高县","所属省":"海南"},"geometry":{"type":"MultiPolygon","coordinates":[[[[109.855,19.984],[109.585,19.988],[109.569,19.798],[109.664,19.63],[109.786,19.608],[109.884,19.853],[109.855,19.984]]]]}},{"type":"Feature","properties":{"id":"469025","名称":"白沙黎族自治县","所属省":"海南"},"geometry":{"type":"MultiPolygon","coordinates":[[[[109.298,18.961],[109.456,18.996],[109.601,19.053],[109.673,19.208],[109.542,19.312],[109.457,19.399],[109.268,19.377],[109.051,19.488],[109.143,19.266],[109.271,19.067],[109.298,18.961]]]]}},{"type":"Feature","properties":{"id":"469026","名称":"昌江黎族自治县","所属省":"海南"},"geometry":{"type":"MultiPolygon","coordinates":[[[[109.045,19.43],[108.929,19.524],[108.694,19.387],[108.833,19.26],[109.023,19.107],[109.09,18.91],[109.266,18.906],[109.164,19.142],[109.044,19.343],[109.045,19.43]]]]}},{"type":"Feature","properties":{"id":"469027","名称":"乐东黎族自治县","所属省":"海南"},"geometry":{"type":"MultiPolygon","coordinates":[[[[109.405,18.623],[109.353,18.813],[109.349,18.946],[109.142,18.904],[109.015,18.809],[108.811,18.72],[108.641,18.565],[108.777,18.442],[109.073,18.452],[109.246,18.559],[109.405,18.623]]]]}},{"type":"Feature","properties":{"id":"469028","名称":"陵水黎族自治县","所属省":"海南"},"geometry":{"type":"MultiPolygon","coordinates":[[[[110.015,18.733],[109.891,18.755],[109.772,18.724],[109.847,18.571],[109.785,18.427],[110.071,18.376],[110.138,18.606],[110.015,18.733]]]]}},{"type":"Feature","properties":{"id":"469029","名称":"保亭黎族苗族自治县","所属省":"海南"},"geometry":{"type":"MultiPolygon","coordinates":[[[[109.715,18.834],[109.642,18.723],[109.54,18.66],[109.405,18.623],[109.537,18.491],[109.711,18.427],[109.847,18.571],[109.772,18.724],[109.715,18.834]]]]}},{"type":"Feature","properties":{"id":"469030","名称":"琼中黎族苗族自治县","所属省":"海南"},"geometry":{"type":"MultiPolygon","coordinates":[[[[109.876,19.387],[109.646,19.402],[109.697,19.271],[109.614,19.087],[109.554,18.946],[109.699,18.889],[109.891,18.755],[110.015,18.733],[110.098,18.912],[110.115,19.133],[109.924,19.24],[109.876,19.387]]]]}},{"type":"Feature","properties":{"id":"500000","名称":"重庆市","所属省":"重庆"},"geometry":{"type":"MultiPolygon","coordinates":[[[[106.374,28.526],[106.467,28.586],[106.492,28.742],[106.562,28.756],[106.618,28.667],[106.607,28.593],[106.632,28.504],[106.726,28.518],[106.785,28.627],[106.889,28.696],[106.872,28.777],[106.984,28.851],[107.207,28.869],[107.219,28.773],[107.34,28.846],[107.413,28.96],[107.37,29.092],[107.402,29.185],[107.589,29.15],[107.749,29.2],[107.81,28.984],[107.926,29.032],[108.193,29.072],[108.298,29.046],[108.347,28.86],[108.347,28.736],[108.502,28.638],[108.611,28.539],[108.609,28.407],[108.668,28.334],[108.641,28.457],[108.746,28.451],[108.762,28.304],[108.822,28.245],[108.93,28.19],[109.102,28.202],[109.153,28.417],[109.274,28.538],[109.236,28.62],[109.253,28.692],[109.246,28.801],[109.295,29.015],[109.232,29.119],[109.11,29.216],[109.061,29.403],[108.919,29.326],[108.867,29.471],[108.901,29.605],[108.781,29.636],[108.691,29.69],[108.601,29.864],[108.505,29.729],[108.443,29.779],[108.433,29.88],[108.536,29.983],[108.568,30.157],[108.524,30.309],[108.402,30.377],[108.473,30.487],[108.65,30.539],[108.744,30.495],[108.894,30.565],[109.071,30.64],[109.102,30.58],[109.144,30.521],[109.299,30.63],[109.355,30.487],[109.543,30.64],[109.661,30.739],[109.829,30.864],[110.019,30.829],[110.154,30.954],[110.121,31.032],[110.2,31.159],[110.119,31.41],[109.945,31.471],[109.728,31.548],[109.731,31.701],[109.55,31.73],[109.282,31.717],[109.276,31.799],[109.086,31.929],[108.788,32.049],[108.585,32.172],[108.399,32.194],[108.379,32.154],[108.43,32.061],[108.329,32.02],[108.259,31.967],[108.429,31.809],[108.506,31.734],[108.469,31.636],[108.339,31.539],[108.191,31.492],[108.154,31.371],[108.031,31.217],[108.009,31.11],[107.983,30.984],[107.956,30.883],[107.761,30.863],[107.577,30.848],[107.454,30.772],[107.478,30.665],[107.443,30.534],[107.288,30.337],[107.08,30.094],[107.054,30.041],[106.976,30.084],[106.837,30.05],[106.732,30.027],[106.672,30.122],[106.612,30.236],[106.613,30.236],[106.56,30.315],[106.429,30.255],[106.307,30.238],[106.233,30.186],[106.133,30.303],[105.901,30.405],[105.76,30.384],[105.72,30.253],[105.662,30.21],[105.536,30.153],[105.583,30.128],[105.677,30.068],[105.723,29.975],[105.739,29.891],[105.575,29.744],[105.42,29.688],[105.296,29.571],[105.387,29.455],[105.427,29.419],[105.465,29.323],[105.558,29.279],[105.712,29.219],[105.729,29.106],[105.762,28.991],[105.853,28.927],[106.041,28.956],[106.148,28.901],[106.246,28.818],[106.304,28.65],[106.374,28.526]]],[[[109.106,30.585],[109.106,30.611],[109.093,30.579],[109.099,30.579],[109.101,30.579],[109.102,30.58],[109.106,30.585]]],[[[105.583,30.124],[105.583,30.128],[105.581,30.13],[105.574,30.131],[105.583,30.124]]],[[[109.099,30.579],[109.093,30.579],[109.104,30.566],[109.106,30.571],[109.099,30.579]]],[[[107.058,30.043],[107.054,30.044],[107.054,30.041],[107.056,30.041],[107.058,30.043]]]]}},{"type":"Feature","properties":{"id":"510100","名称":"成都市","所属省":"四川"},"geometry":{"type":"MultiPolygon","coordinates":[[[[103.959,30.321],[104.03,30.266],[104.117,30.227],[104.178,30.318],[104.231,30.282],[104.243,30.267],[104.273,30.218],[104.365,30.186],[104.41,30.125],[104.458,30.121],[104.485,30.156],[104.569,30.197],[104.638,30.268],[104.724,30.308],[104.807,30.297],[104.837,30.362],[104.896,30.382],[104.893,30.542],[104.82,30.598],[104.818,30.664],[104.768,30.718],[104.698,30.826],[104.596,30.864],[104.512,30.936],[104.396,30.942],[104.322,30.892],[104.202,30.913],[104.166,30.951],[104.107,31.032],[104.095,31.033],[104.023,31.143],[103.949,31.216],[103.892,31.308],[103.898,31.416],[103.803,31.43],[103.701,31.391],[103.57,31.338],[103.581,31.247],[103.557,31.149],[103.517,31.03],[103.455,30.925],[103.355,30.851],[103.258,30.842],[103.124,30.793],[103.005,30.747],[103.103,30.673],[103.127,30.594],[103.181,30.525],[103.126,30.451],[103.091,30.326],[103.061,30.27],[103.184,30.248],[103.243,30.243],[103.35,30.236],[103.361,30.137],[103.444,30.12],[103.468,30.114],[103.504,30.128],[103.597,30.203],[103.648,30.229],[103.718,30.283],[103.77,30.332],[103.888,30.329],[103.936,30.346],[103.959,30.321]]],[[[104.107,31.032],[104.107,31.032],[104.106,31.032],[104.106,31.032],[104.107,31.032]]],[[[103.444,30.12],[103.44,30.12],[103.44,30.119],[103.444,30.117],[103.444,30.12]]],[[[104.233,30.282],[104.231,30.282],[104.232,30.28],[104.233,30.281],[104.233,30.282]]]]}},{"type":"Feature","properties":{"id":"510300","名称":"自贡市","所属省":"四川"},"geometry":{"type":"MultiPolygon","coordinates":[[[[104.177,29.196],[104.256,29.212],[104.299,29.246],[104.412,29.245],[104.461,29.222],[104.58,29.165],[104.692,29.199],[104.715,29.122],[104.705,29.046],[104.797,29],[104.862,29.02],[104.942,29.059],[105.005,28.99],[105.127,28.945],[105.202,28.929],[105.245,28.938],[105.267,28.98],[105.188,29.027],[105.245,29.135],[105.236,29.215],[105.16,29.263],[105.109,29.316],[105.047,29.409],[105.068,29.454],[105.021,29.454],[104.937,29.445],[104.849,29.468],[104.777,29.448],[104.766,29.407],[104.711,29.361],[104.653,29.411],[104.559,29.432],[104.535,29.457],[104.494,29.583],[104.422,29.616],[104.341,29.566],[104.27,29.633],[104.182,29.633],[104.161,29.542],[104.167,29.497],[104.15,29.471],[104.088,29.462],[104.098,29.437],[104.101,29.382],[104.161,29.38],[104.106,29.339],[104.139,29.308],[104.118,29.236],[104.177,29.196]]],[[[104.15,29.472],[104.149,29.472],[104.149,29.471],[104.15,29.471],[104.15,29.472]]],[[[104.167,29.497],[104.166,29.497],[104.166,29.496],[104.167,29.496],[104.167,29.497]]]]}},{"type":"Feature","properties":{"id":"510400","名称":"攀枝花市","所属省":"四川"},"geometry":{"type":"MultiPolygon","coordinates":[[[[101.84,26.082],[101.872,26.181],[101.926,26.306],[101.929,26.419],[102.02,26.423],[102.034,26.541],[102.001,26.634],[101.977,26.711],[101.947,26.708],[101.917,26.703],[101.834,26.764],[101.731,26.836],[101.699,26.944],[101.806,27.056],[101.762,27.133],[101.651,27.208],[101.634,27.328],[101.558,27.295],[101.471,27.239],[101.394,27.145],[101.293,27.19],[101.168,27.165],[101.227,26.984],[101.268,26.903],[101.365,26.884],[101.38,26.786],[101.422,26.726],[101.446,26.774],[101.492,26.746],[101.454,26.691],[101.452,26.601],[101.423,26.532],[101.507,26.5],[101.636,26.396],[101.66,26.311],[101.586,26.284],[101.65,26.234],[101.736,26.22],[101.797,26.115],[101.84,26.082]]],[[[102.182,26.813],[102.214,26.889],[102.215,26.957],[102.241,27.107],[102.161,27.182],[102.082,27.129],[102,27.097],[101.927,27.137],[101.914,27.213],[101.886,27.256],[101.879,27.168],[101.809,27.089],[101.745,26.971],[101.707,26.874],[101.82,26.765],[101.913,26.723],[101.972,26.735],[102.007,26.716],[102.055,26.693],[102.115,26.634],[102.158,26.692],[102.193,26.764],[102.182,26.813]]],[[[102.205,26.852],[102.16,26.855],[102.156,26.848],[102.182,26.813],[102.193,26.82],[102.216,26.814],[102.202,26.841],[102.205,26.852]]]]}},{"type":"Feature","properties":{"id":"510500","名称":"泸州市","所属省":"四川"},"geometry":{"type":"MultiPolygon","coordinates":[[[[105.42,29.314],[105.385,29.284],[105.367,29.288],[105.318,29.264],[105.257,29.175],[105.207,29.07],[105.234,29.027],[105.268,28.939],[105.217,28.956],[105.162,28.948],[105.204,28.897],[105.231,28.777],[105.219,28.716],[105.168,28.65],[105.226,28.541],[105.191,28.446],[105.231,28.449],[105.323,28.386],[105.311,28.34],[105.333,28.256],[105.35,28.141],[105.226,28.099],[105.204,28.073],[105.184,27.997],[105.27,27.979],[105.249,27.913],[105.27,27.818],[105.274,27.795],[105.31,27.706],[105.369,27.749],[105.518,27.765],[105.604,27.701],[105.664,27.684],[105.784,27.719],[105.93,27.728],[106.064,27.777],[106.269,27.782],[106.34,27.865],[106.308,27.937],[106.246,28.012],[106.251,28.09],[106.145,28.163],[106.027,28.131],[105.971,28.131],[105.895,28.12],[105.871,28.202],[105.846,28.26],[105.771,28.319],[105.73,28.272],[105.655,28.362],[105.61,28.474],[105.693,28.589],[105.785,28.611],[105.89,28.621],[105.936,28.682],[105.979,28.747],[106.103,28.636],[106.236,28.56],[106.331,28.482],[106.342,28.533],[106.33,28.634],[106.305,28.704],[106.252,28.786],[106.174,28.921],[106.049,28.906],[106.001,28.974],[105.909,28.9],[105.853,28.927],[105.788,28.978],[105.758,29.066],[105.729,29.134],[105.694,29.267],[105.678,29.273],[105.632,29.28],[105.558,29.279],[105.465,29.292],[105.42,29.314]]],[[[105.226,28.099],[105.225,28.1],[105.22,28.092],[105.226,28.094],[105.227,28.095],[105.226,28.099],[105.226,28.099]]],[[[105.385,29.284],[105.385,29.283],[105.383,29.282],[105.386,29.285],[105.385,29.284]]],[[[105.231,28.451],[105.23,28.451],[105.229,28.45],[105.231,28.449],[105.231,28.451]]]]}},{"type":"Feature","properties":{"id":"510600","名称":"德阳市","所属省":"四川"},"geometry":{"type":"MultiPolygon","coordinates":[[[[105.169,30.706],[105.116,30.759],[104.999,30.806],[104.968,30.895],[104.905,30.943],[104.906,30.94],[104.894,30.936],[104.877,30.937],[104.875,30.935],[104.87,30.947],[104.826,30.998],[104.807,31.067],[104.762,31.132],[104.757,31.146],[104.742,31.233],[104.697,31.274],[104.657,31.331],[104.524,31.443],[104.418,31.375],[104.347,31.382],[104.271,31.459],[104.171,31.512],[104.146,31.565],[104.117,31.678],[104.016,31.678],[103.917,31.612],[103.898,31.513],[103.803,31.43],[103.898,31.416],[103.892,31.308],[103.949,31.216],[104.023,31.143],[104.095,31.033],[104.144,31.012],[104.15,30.913],[104.245,30.897],[104.367,30.934],[104.465,30.951],[104.521,30.883],[104.63,30.852],[104.732,30.778],[104.789,30.694],[104.843,30.649],[104.859,30.582],[104.911,30.626],[104.97,30.586],[105.023,30.546],[105.095,30.584],[105.143,30.653],[105.169,30.706]]],[[[104.877,30.937],[104.876,30.938],[104.875,30.936],[104.875,30.936],[104.875,30.935],[104.876,30.935],[104.877,30.936],[104.877,30.937],[104.877,30.937]]],[[[104.895,30.937],[104.892,30.937],[104.894,30.935],[104.894,30.935],[104.894,30.936],[104.894,30.936],[104.895,30.937]]],[[[104.905,30.943],[104.904,30.943],[104.906,30.94],[104.906,30.94],[104.906,30.94],[104.907,30.941],[104.905,30.943]]],[[[104.757,31.146],[104.756,31.145],[104.756,31.144],[104.757,31.144],[104.757,31.146]]]]}},{"type":"Feature","properties":{"id":"510700","名称":"绵阳市","所属省":"四川"},"geometry":{"type":"MultiPolygon","coordinates":[[[[105.459,31.527],[105.366,31.616],[105.315,31.719],[105.283,31.74],[105.264,31.791],[105.243,31.83],[105.183,31.911],[105.174,32],[105.236,32.017],[105.253,32.083],[105.275,32.156],[105.262,32.225],[105.254,32.272],[105.219,32.316],[105.087,32.303],[104.995,32.248],[104.975,32.335],[104.856,32.357],[104.774,32.4],[104.749,32.465],[104.746,32.536],[104.634,32.597],[104.596,32.693],[104.51,32.755],[104.422,32.781],[104.294,32.836],[104.22,32.896],[104.114,33],[103.974,33.005],[103.953,32.917],[103.972,32.84],[104.069,32.845],[104.121,32.8],[104.183,32.663],[104.162,32.521],[104.129,32.531],[104.036,32.652],[103.89,32.639],[103.907,32.511],[103.904,32.347],[103.982,32.306],[104.076,32.237],[104.16,32.26],[104.248,32.249],[104.159,32.176],[104.129,32.14],[103.975,32.141],[103.851,32.161],[103.812,32.098],[103.758,31.998],[103.846,31.921],[103.958,31.904],[104.046,31.849],[104.133,31.816],[104.148,31.727],[104.117,31.678],[104.146,31.565],[104.171,31.512],[104.271,31.459],[104.347,31.382],[104.418,31.375],[104.524,31.443],[104.657,31.331],[104.697,31.274],[104.742,31.233],[104.757,31.146],[104.792,31.118],[104.826,31.024],[104.855,30.959],[104.877,30.937],[104.905,30.943],[104.968,30.895],[104.999,30.806],[105.116,30.759],[105.169,30.706],[105.272,30.751],[105.2,30.886],[105.194,30.965],[105.2,31.076],[105.297,31.106],[105.389,31.112],[105.474,31.064],[105.546,31.014],[105.619,30.978],[105.663,31.017],[105.722,31.084],[105.721,31.15],[105.648,31.258],[105.594,31.3],[105.642,31.371],[105.591,31.397],[105.533,31.402],[105.487,31.444],[105.442,31.48],[105.459,31.527]]]]}},{"type":"Feature","properties":{"id":"510800","名称":"广元市","所属省":"四川"},"geometry":{"type":"MultiPolygon","coordinates":[[[[105.459,31.527],[105.53,31.575],[105.608,31.552],[105.633,31.601],[105.699,31.65],[105.769,31.735],[105.847,31.667],[105.886,31.631],[105.925,31.665],[106.032,31.688],[106.102,31.733],[106.111,31.791],[106.189,31.822],[106.248,31.782],[106.292,31.807],[106.361,31.846],[106.416,31.832],[106.427,31.915],[106.446,31.943],[106.482,31.977],[106.52,32.05],[106.535,32.099],[106.594,32.237],[106.718,32.269],[106.745,32.323],[106.692,32.404],[106.649,32.504],[106.645,32.637],[106.567,32.676],[106.452,32.66],[106.383,32.647],[106.257,32.693],[106.145,32.72],[106.095,32.796],[106.022,32.858],[105.927,32.826],[105.831,32.826],[105.769,32.767],[105.678,32.727],[105.585,32.729],[105.555,32.774],[105.496,32.873],[105.413,32.919],[105.427,32.784],[105.449,32.733],[105.347,32.683],[105.241,32.669],[105.185,32.617],[105.079,32.637],[104.928,32.609],[104.821,32.663],[104.697,32.673],[104.619,32.601],[104.71,32.554],[104.76,32.494],[104.775,32.415],[104.841,32.351],[104.94,32.334],[105,32.266],[105.083,32.284],[105.209,32.307],[105.238,32.287],[105.253,32.236],[105.252,32.167],[105.286,32.109],[105.252,31.983],[105.194,31.996],[105.205,31.946],[105.205,31.837],[105.262,31.778],[105.311,31.744],[105.284,31.701],[105.333,31.63],[105.416,31.558],[105.459,31.527]]],[[[106.42,31.918],[106.427,31.915],[106.429,31.923],[106.427,31.923],[106.42,31.918]]]]}},{"type":"Feature","properties":{"id":"510900","名称":"遂宁市","所属省":"四川"},"geometry":{"type":"MultiPolygon","coordinates":[[[[105.067,30.536],[105.09,30.459],[105.075,30.442],[105.069,30.433],[105.074,30.403],[105.101,30.386],[105.197,30.311],[105.219,30.306],[105.328,30.303],[105.38,30.277],[105.481,30.239],[105.547,30.213],[105.58,30.174],[105.636,30.22],[105.671,30.254],[105.715,30.323],[105.752,30.357],[105.783,30.403],[105.846,30.392],[105.917,30.396],[106.001,30.376],[105.964,30.425],[105.971,30.477],[105.916,30.509],[105.885,30.459],[105.847,30.492],[105.854,30.566],[105.814,30.651],[105.797,30.801],[105.745,30.879],[105.659,30.919],[105.596,30.973],[105.534,31.027],[105.454,31.06],[105.381,31.153],[105.241,31.102],[105.19,31.055],[105.177,30.96],[105.229,30.877],[105.249,30.739],[105.174,30.698],[105.154,30.64],[105.079,30.543],[105.067,30.536]]],[[[105.094,30.396],[105.094,30.396],[105.094,30.396],[105.094,30.396],[105.094,30.396]]],[[[105.075,30.442],[105.075,30.442],[105.074,30.442],[105.074,30.442],[105.074,30.442],[105.075,30.442],[105.075,30.442]]],[[[105.198,30.312],[105.198,30.312],[105.197,30.311],[105.198,30.31],[105.198,30.312]]]]}},{"type":"Feature","properties":{"id":"511000","名称":"内江市","所属省":"四川"},"geometry":{"type":"MultiPolygon","coordinates":[[[[104.467,30.035],[104.482,29.942],[104.503,29.898],[104.503,29.807],[104.442,29.734],[104.36,29.738],[104.308,29.695],[104.334,29.583],[104.395,29.621],[104.489,29.601],[104.53,29.519],[104.544,29.441],[104.62,29.445],[104.704,29.372],[104.76,29.375],[104.751,29.454],[104.834,29.43],[104.918,29.434],[105.027,29.44],[105.044,29.481],[105.079,29.407],[105.073,29.336],[105.135,29.257],[105.218,29.206],[105.287,29.218],[105.364,29.293],[105.369,29.288],[105.386,29.285],[105.389,29.287],[105.437,29.365],[105.373,29.421],[105.36,29.444],[105.319,29.512],[105.318,29.578],[105.347,29.62],[105.39,29.677],[105.394,29.747],[105.36,29.834],[105.298,29.82],[105.239,29.817],[105.095,29.849],[105.064,29.922],[104.994,29.977],[104.924,29.947],[104.905,29.905],[104.863,29.891],[104.793,29.867],[104.799,29.88],[104.692,29.955],[104.69,29.92],[104.631,29.941],[104.569,29.995],[104.498,30.036],[104.467,30.035]]],[[[105.388,29.288],[105.388,29.288],[105.388,29.287],[105.386,29.285],[105.389,29.287],[105.388,29.288]]],[[[105.365,29.294],[105.364,29.293],[105.364,29.292],[105.365,29.293],[105.365,29.294]]],[[[105.369,29.288],[105.367,29.288],[105.369,29.286],[105.369,29.287],[105.369,29.288]]],[[[104.905,29.905],[104.902,29.907],[104.9,29.902],[104.905,29.901],[104.905,29.905]]]]}},{"type":"Feature","properties":{"id":"511100","名称":"乐山市","所属省":"四川"},"geometry":{"type":"MultiPolygon","coordinates":[[[[104.177,29.196],[104.118,29.236],[104.139,29.308],[104.106,29.339],[104.161,29.38],[104.132,29.4],[104.092,29.416],[104.053,29.457],[104.149,29.472],[104.151,29.522],[104.14,29.59],[104.251,29.623],[104.204,29.666],[104.153,29.707],[104.063,29.778],[104.056,29.847],[103.968,29.856],[103.935,29.805],[103.856,29.747],[103.765,29.707],[103.706,29.737],[103.741,29.811],[103.677,29.904],[103.608,29.909],[103.585,29.881],[103.533,29.842],[103.433,29.821],[103.394,29.805],[103.316,29.772],[103.296,29.694],[103.353,29.699],[103.299,29.6],[103.271,29.532],[103.259,29.478],[103.157,29.426],[103.015,29.448],[102.98,29.34],[103.02,29.251],[102.929,29.127],[102.922,29.038],[102.946,28.92],[102.925,28.802],[102.991,28.672],[103.066,28.689],[103.154,28.829],[103.271,28.806],[103.311,28.702],[103.243,28.593],[103.299,28.522],[103.37,28.423],[103.439,28.5],[103.504,28.56],[103.586,28.615],[103.686,28.635],[103.702,28.747],[103.761,28.816],[103.851,28.832],[103.98,28.792],[104.031,28.885],[104.073,28.968],[104.14,29.024],[104.168,29.15],[104.177,29.196]]],[[[104.131,29.4],[104.132,29.4],[104.133,29.399],[104.135,29.399],[104.131,29.4]]]]}},{"type":"Feature","properties":{"id":"511300","名称":"南充市","所属省":"四川"},"geometry":{"type":"MultiPolygon","coordinates":[[[[106.965,31.251],[106.944,31.289],[106.865,31.401],[106.842,31.503],[106.766,31.538],[106.694,31.561],[106.645,31.545],[106.566,31.546],[106.484,31.584],[106.413,31.657],[106.379,31.733],[106.407,31.777],[106.335,31.849],[106.27,31.811],[106.211,31.771],[106.154,31.807],[106.124,31.792],[106.068,31.708],[106.007,31.685],[105.93,31.649],[105.865,31.615],[105.818,31.668],[105.749,31.719],[105.685,31.609],[105.639,31.588],[105.599,31.581],[105.498,31.574],[105.495,31.55],[105.458,31.475],[105.481,31.424],[105.551,31.393],[105.612,31.396],[105.63,31.346],[105.599,31.289],[105.675,31.25],[105.717,31.13],[105.709,31.071],[105.658,31],[105.643,30.948],[105.706,30.91],[105.756,30.841],[105.793,30.76],[105.823,30.622],[105.877,30.547],[105.867,30.497],[105.916,30.469],[105.927,30.494],[105.954,30.514],[106.028,30.505],[106.113,30.503],[106.192,30.613],[106.226,30.695],[106.208,30.723],[106.355,30.722],[106.404,30.695],[106.448,30.753],[106.506,30.763],[106.584,30.757],[106.617,30.828],[106.689,30.884],[106.723,30.947],[106.785,30.972],[106.831,31.053],[106.935,31.117],[106.94,31.207],[106.965,31.251]]],[[[105.927,30.494],[105.924,30.493],[105.917,30.49],[105.91,30.481],[105.916,30.469],[105.918,30.467],[105.949,30.494],[105.927,30.494]]],[[[105.494,31.552],[105.494,31.552],[105.495,31.55],[105.495,31.551],[105.494,31.552]]]]}},{"type":"Feature","properties":{"id":"511400","名称":"眉山市","所属省":"四川"},"geometry":{"type":"MultiPolygon","coordinates":[[[[102.975,29.398],[103.09,29.426],[103.186,29.474],[103.294,29.507],[103.27,29.574],[103.337,29.652],[103.322,29.683],[103.299,29.727],[103.359,29.799],[103.439,29.771],[103.486,29.815],[103.534,29.861],[103.572,29.895],[103.642,29.918],[103.693,29.899],[103.747,29.79],[103.705,29.714],[103.799,29.714],[103.894,29.742],[103.928,29.826],[103.983,29.85],[104.044,29.831],[104.089,29.744],[104.157,29.716],[104.228,29.676],[104.308,29.695],[104.36,29.738],[104.442,29.734],[104.503,29.807],[104.483,29.854],[104.489,29.922],[104.479,29.989],[104.48,30.047],[104.45,30.101],[104.386,30.162],[104.315,30.201],[104.243,30.244],[104.231,30.282],[104.178,30.318],[104.117,30.227],[104.03,30.266],[103.96,30.312],[103.942,30.358],[103.874,30.348],[103.751,30.308],[103.705,30.269],[103.65,30.2],[103.534,30.178],[103.486,30.104],[103.463,30.096],[103.395,30.095],[103.34,30.075],[103.226,29.971],[103.16,29.93],[103.165,29.77],[103.154,29.713],[103.099,29.694],[103.008,29.726],[102.939,29.677],[102.87,29.53],[102.975,29.398]]],[[[103.534,29.861],[103.517,29.858],[103.518,29.85],[103.518,29.843],[103.533,29.842],[103.534,29.861]]],[[[103.959,30.321],[103.954,30.313],[103.96,30.312],[103.966,30.317],[103.959,30.321]]],[[[104.484,29.854],[104.483,29.854],[104.483,29.853],[104.483,29.852],[104.484,29.854]]]]}},{"type":"Feature","properties":{"id":"511500","名称":"宜宾市","所属省":"四川"},"geometry":{"type":"MultiPolygon","coordinates":[[[[103.782,28.524],[103.835,28.622],[103.896,28.62],[104.06,28.628],[104.192,28.634],[104.27,28.635],[104.374,28.649],[104.388,28.599],[104.319,28.539],[104.249,28.51],[104.258,28.453],[104.302,28.328],[104.358,28.339],[104.449,28.27],[104.402,28.203],[104.445,28.138],[104.376,28.052],[104.327,28.026],[104.401,27.952],[104.503,27.882],[104.581,27.842],[104.744,27.902],[104.873,27.906],[104.903,27.96],[104.975,28.02],[105.077,28.084],[105.204,28.073],[105.35,28.141],[105.333,28.256],[105.311,28.34],[105.323,28.386],[105.231,28.449],[105.234,28.493],[105.208,28.569],[105.211,28.696],[105.204,28.747],[105.215,28.818],[105.166,28.927],[105.074,28.936],[104.97,29.016],[104.882,29.051],[104.82,29.002],[104.744,28.99],[104.737,29.079],[104.68,29.156],[104.624,29.207],[104.51,29.155],[104.443,29.238],[104.369,29.248],[104.249,29.261],[104.191,29.236],[104.194,29.164],[104.142,29.071],[104.107,28.951],[104.085,28.914],[104.004,28.854],[103.915,28.776],[103.788,28.822],[103.713,28.757],[103.723,28.688],[103.614,28.597],[103.713,28.553],[103.725,28.471],[103.782,28.524]]]]}},{"type":"Feature","properties":{"id":"511600","名称":"广安市","所属省":"四川"},"geometry":{"type":"MultiPolygon","coordinates":[[[[106.976,30.084],[106.979,30.087],[107.021,30.037],[107.085,30.064],[107.107,30.114],[107.22,30.213],[107.253,30.325],[107.252,30.344],[107.24,30.34],[107.236,30.344],[107.227,30.372],[107.218,30.406],[107.192,30.432],[107.214,30.501],[107.174,30.503],[107.131,30.486],[107.082,30.486],[107.037,30.516],[106.984,30.5],[107.032,30.613],[106.969,30.645],[106.904,30.702],[106.88,30.734],[106.739,30.808],[106.63,30.821],[106.618,30.767],[106.529,30.733],[106.466,30.761],[106.423,30.693],[106.367,30.713],[106.251,30.719],[106.237,30.688],[106.179,30.62],[106.123,30.544],[106.039,30.518],[105.971,30.477],[105.964,30.425],[106.001,30.376],[106.089,30.346],[106.132,30.324],[106.18,30.233],[106.232,30.212],[106.26,30.208],[106.301,30.238],[106.403,30.242],[106.429,30.292],[106.611,30.293],[106.624,30.227],[106.703,30.118],[106.785,30.017],[106.861,30.028],[106.948,30.04],[106.976,30.084]]],[[[107.226,30.38],[107.223,30.378],[107.227,30.372],[107.229,30.37],[107.226,30.38]]],[[[107.255,30.323],[107.288,30.363],[107.272,30.322],[107.253,30.325],[107.255,30.323]]],[[[107.242,30.348],[107.238,30.342],[107.241,30.339],[107.242,30.348]]],[[[106.264,30.21],[106.26,30.208],[106.26,30.204],[106.261,30.197],[106.264,30.21]]],[[[106.977,30.088],[106.976,30.088],[106.976,30.084],[106.982,30.085],[106.981,30.088],[106.98,30.088],[106.979,30.087],[106.977,30.087],[106.977,30.088]]],[[[107.26,30.329],[107.254,30.327],[107.254,30.326],[107.261,30.326],[107.26,30.329]]],[[[107.038,30.517],[107.037,30.516],[107.039,30.515],[107.039,30.515],[107.038,30.517]]]]}},{"type":"Feature","properties":{"id":"511700","名称":"达州市","所属省":"四川"},"geometry":{"type":"MultiPolygon","coordinates":[[[[107.305,30.355],[107.409,30.522],[107.46,30.571],[107.499,30.66],[107.436,30.722],[107.466,30.774],[107.481,30.837],[107.578,30.848],[107.692,30.875],[107.76,30.862],[107.819,30.797],[107.955,30.873],[107.936,30.953],[108.053,31.041],[108.009,31.108],[108.089,31.206],[108.066,31.262],[108.186,31.338],[108.207,31.397],[108.223,31.465],[108.227,31.506],[108.344,31.512],[108.392,31.561],[108.468,31.622],[108.533,31.669],[108.519,31.726],[108.489,31.78],[108.441,31.808],[108.308,31.906],[108.27,31.985],[108.369,31.987],[108.344,32.064],[108.43,32.061],[108.407,32.141],[108.479,32.182],[108.484,32.251],[108.415,32.252],[108.332,32.233],[108.212,32.257],[108.142,32.219],[108.043,32.215],[107.979,32.146],[107.868,32.202],[107.717,32.329],[107.691,32.219],[107.681,32.141],[107.764,32.07],[107.622,32.014],[107.57,31.949],[107.551,31.897],[107.555,31.769],[107.502,31.698],[107.5,31.627],[107.445,31.592],[107.355,31.549],[107.273,31.454],[107.21,31.426],[107.12,31.334],[107.055,31.327],[107.004,31.269],[106.94,31.207],[106.935,31.117],[106.831,31.053],[106.785,30.972],[106.723,30.947],[106.689,30.884],[106.73,30.833],[106.841,30.738],[106.924,30.685],[106.949,30.636],[107.043,30.643],[106.975,30.534],[107.038,30.517],[107.118,30.486],[107.095,30.506],[107.189,30.517],[107.196,30.492],[107.22,30.437],[107.218,30.406],[107.221,30.346],[107.24,30.351],[107.261,30.326],[107.266,30.349],[107.277,30.372],[107.305,30.355]]],[[[107.227,30.421],[107.225,30.424],[107.207,30.41],[107.218,30.406],[107.228,30.414],[107.227,30.421]]],[[[107.254,30.326],[107.254,30.327],[107.253,30.326],[107.254,30.326]]],[[[107.277,30.372],[107.274,30.371],[107.276,30.357],[107.288,30.363],[107.277,30.372]]],[[[107.277,30.352],[107.266,30.349],[107.271,30.345],[107.279,30.346],[107.277,30.352]]],[[[107.24,30.351],[107.239,30.349],[107.239,30.347],[107.242,30.348],[107.24,30.351]]]]}},{"type":"Feature","properties":{"id":"511800","名称":"雅安市","所属省":"四川"},"geometry":{"type":"MultiPolygon","coordinates":[[[[103.395,30.095],[103.37,30.228],[103.282,30.264],[103.212,30.232],[103.072,30.261],[103.079,30.325],[103.116,30.414],[103.186,30.512],[103.148,30.586],[103.119,30.671],[103.034,30.719],[102.898,30.765],[102.875,30.923],[102.754,30.916],[102.667,30.851],[102.521,30.794],[102.495,30.714],[102.443,30.618],[102.434,30.421],[102.402,30.234],[102.295,30.101],[102.292,29.994],[102.283,29.897],[102.323,29.825],[102.329,29.737],[102.277,29.604],[102.314,29.534],[102.166,29.533],[102.091,29.496],[101.949,29.504],[101.984,29.422],[101.96,29.315],[102.123,29.239],[102.088,29.173],[102.161,29.13],[102.165,29.037],[102.254,28.899],[102.382,28.856],[102.483,28.933],[102.507,29.026],[102.515,29.094],[102.553,29.151],[102.591,29.192],[102.649,29.178],[102.772,29.16],[102.805,29.25],[102.906,29.222],[103.004,29.287],[102.975,29.398],[102.87,29.53],[102.939,29.677],[103.008,29.726],[103.099,29.694],[103.154,29.713],[103.165,29.77],[103.16,29.93],[103.226,29.971],[103.34,30.075],[103.395,30.095]]]]}},{"type":"Feature","properties":{"id":"511900","名称":"巴中市","所属省":"四川"},"geometry":{"type":"MultiPolygon","coordinates":[[[[106.965,31.251],[107.039,31.295],[107.075,31.373],[107.145,31.38],[107.238,31.466],[107.323,31.493],[107.389,31.564],[107.472,31.596],[107.533,31.685],[107.539,31.738],[107.496,31.866],[107.532,31.93],[107.569,31.981],[107.702,32.03],[107.716,32.119],[107.628,32.152],[107.705,32.282],[107.694,32.363],[107.636,32.406],[107.533,32.384],[107.451,32.432],[107.429,32.501],[107.357,32.506],[107.264,32.403],[107.127,32.483],[107.108,32.601],[107.068,32.67],[107.013,32.721],[106.903,32.721],[106.793,32.713],[106.684,32.709],[106.658,32.623],[106.675,32.486],[106.689,32.348],[106.776,32.297],[106.688,32.266],[106.565,32.227],[106.559,32.083],[106.501,32.049],[106.445,31.977],[106.429,31.923],[106.406,31.874],[106.407,31.777],[106.379,31.733],[106.413,31.657],[106.484,31.584],[106.566,31.546],[106.645,31.545],[106.694,31.561],[106.766,31.538],[106.842,31.503],[106.865,31.401],[106.944,31.289],[106.948,31.265],[106.965,31.251]]],[[[106.947,31.265],[106.946,31.265],[106.948,31.264],[106.948,31.265],[106.947,31.265]]]]}},{"type":"Feature","properties":{"id":"512000","名称":"资阳市","所属省":"四川"},"geometry":{"type":"MultiPolygon","coordinates":[[[[104.9,29.902],[104.924,29.947],[104.994,29.977],[105.064,29.922],[105.095,29.849],[105.239,29.817],[105.298,29.82],[105.36,29.834],[105.394,29.747],[105.476,29.675],[105.55,29.722],[105.572,29.769],[105.662,29.841],[105.736,29.861],[105.715,29.931],[105.754,30.019],[105.687,30.039],[105.642,30.101],[105.597,30.157],[105.551,30.179],[105.529,30.22],[105.445,30.266],[105.369,30.278],[105.264,30.288],[105.198,30.31],[105.126,30.341],[105.101,30.385],[105.095,30.395],[105.094,30.396],[105.08,30.413],[105.074,30.442],[105.077,30.482],[105.048,30.545],[104.963,30.567],[104.932,30.617],[104.859,30.611],[104.876,30.513],[104.881,30.361],[104.85,30.339],[104.795,30.279],[104.704,30.302],[104.653,30.24],[104.542,30.184],[104.468,30.157],[104.469,30.151],[104.437,30.108],[104.467,30.067],[104.469,30.027],[104.533,29.999],[104.593,29.95],[104.674,29.906],[104.673,29.944],[104.744,29.933],[104.792,29.849],[104.839,29.867],[104.9,29.902]]],[[[105.097,30.396],[105.094,30.396],[105.094,30.396],[105.094,30.396],[105.094,30.396],[105.094,30.396],[105.095,30.395],[105.095,30.395],[105.097,30.396]]],[[[104.472,30.15],[104.468,30.157],[104.465,30.151],[104.469,30.151],[104.471,30.15],[104.472,30.15],[104.472,30.15]]],[[[105.101,30.386],[105.101,30.386],[105.101,30.385],[105.101,30.385],[105.101,30.385],[105.101,30.386],[105.101,30.386]]],[[[105.561,30.184],[105.559,30.186],[105.556,30.188],[105.551,30.179],[105.561,30.184]]],[[[105.08,30.412],[105.08,30.413],[105.079,30.412],[105.08,30.412],[105.08,30.412]]]]}},{"type":"Feature","properties":{"id":"513200","名称":"阿坝藏族羌族自治州","所属省":"四川"},"geometry":{"type":"MultiPolygon","coordinates":[[[[100.668,32.524],[100.613,32.443],[100.53,32.378],[100.554,32.304],[100.58,32.261],[100.666,32.219],[100.692,32.156],[100.763,32.087],[100.785,32.01],[100.869,31.958],[100.99,31.979],[100.999,31.9],[100.917,31.805],[100.898,31.738],[100.969,31.682],[101.05,31.606],[101.06,31.549],[101.144,31.495],[101.242,31.518],[101.257,31.379],[101.337,31.369],[101.416,31.437],[101.43,31.372],[101.469,31.331],[101.546,31.379],[101.628,31.385],[101.716,31.289],[101.815,31.285],[101.879,31.19],[101.974,31.177],[102.034,31.073],[102.173,31.107],[102.178,30.987],[102.171,30.896],[102.065,30.871],[102.07,30.741],[102.048,30.662],[102.148,30.611],[102.247,30.622],[102.317,30.678],[102.477,30.693],[102.521,30.794],[102.667,30.851],[102.754,30.916],[102.875,30.923],[102.898,30.765],[103.084,30.813],[103.229,30.837],[103.338,30.825],[103.451,30.893],[103.521,31.005],[103.526,31.101],[103.577,31.216],[103.57,31.315],[103.669,31.355],[103.787,31.434],[103.858,31.538],[103.923,31.603],[103.989,31.682],[104.094,31.694],[104.171,31.732],[104.128,31.829],[104.031,31.847],[103.921,31.942],[103.818,31.94],[103.796,32.046],[103.827,32.114],[103.897,32.156],[103.995,32.119],[104.153,32.126],[104.182,32.197],[104.209,32.285],[104.162,32.251],[104.067,32.249],[103.96,32.305],[103.889,32.365],[103.845,32.584],[103.922,32.636],[104.066,32.631],[104.132,32.492],[104.175,32.531],[104.156,32.712],[104.108,32.801],[104.035,32.833],[103.995,32.861],[103.965,32.922],[103.987,33.035],[104.159,32.957],[104.248,32.878],[104.345,32.94],[104.421,33.024],[104.367,33.087],[104.351,33.159],[104.336,33.314],[104.42,33.327],[104.271,33.393],[104.213,33.447],[104.18,33.576],[104.013,33.683],[103.8,33.67],[103.667,33.699],[103.644,33.709],[103.552,33.672],[103.531,33.749],[103.465,33.802],[103.28,33.774],[103.203,33.795],[103.171,33.924],[103.139,33.976],[103.131,34.067],[103.135,34.1],[103.1,34.182],[103.006,34.185],[102.94,34.3],[102.857,34.271],[102.732,34.237],[102.65,34.166],[102.656,34.114],[102.585,34.101],[102.439,34.087],[102.351,33.977],[102.316,33.994],[102.242,33.981],[102.167,33.983],[102.253,33.861],[102.3,33.782],[102.284,33.723],[102.328,33.706],[102.387,33.599],[102.478,33.543],[102.454,33.484],[102.404,33.425],[102.347,33.41],[102.263,33.417],[102.187,33.333],[102.203,33.223],[102.112,33.286],[102.055,33.19],[101.936,33.187],[101.826,33.12],[101.798,33.233],[101.824,33.271],[101.876,33.349],[101.946,33.443],[101.898,33.519],[101.844,33.602],[101.782,33.556],[101.769,33.465],[101.696,33.434],[101.678,33.297],[101.728,33.256],[101.687,33.185],[101.567,33.155],[101.476,33.223],[101.396,33.187],[101.329,33.224],[101.246,33.262],[101.183,33.27],[101.133,33.189],[101.17,33.102],[101.184,33.041],[101.134,32.948],[101.223,32.838],[101.19,32.687],[101.113,32.672],[100.997,32.628],[100.898,32.616],[100.807,32.647],[100.752,32.651],[100.718,32.617],[100.659,32.6],[100.668,32.524]]]]}},{"type":"Feature","properties":{"id":"513300","名称":"甘孜藏族自治州","所属省":"四川"},"geometry":{"type":"MultiPolygon","coordinates":[[[[100.061,28.083],[100.226,27.987],[100.303,28.01],[100.397,28.006],[100.402,28.096],[100.373,28.25],[100.399,28.359],[100.44,28.448],[100.515,28.56],[100.524,28.671],[100.509,28.709],[100.58,28.798],[100.542,28.89],[100.545,28.955],[100.658,29.005],[100.714,29.005],[100.846,29.021],[100.772,29.088],[100.916,29.14],[100.929,29.061],[101.057,29.166],[101.139,29.053],[101.16,28.947],[101.172,28.836],[101.2,28.717],[101.277,28.666],[101.368,28.629],[101.49,28.627],[101.592,28.555],[101.594,28.475],[101.469,28.506],[101.368,28.472],[101.454,28.411],[101.562,28.333],[101.668,28.352],[101.746,28.454],[101.874,28.613],[101.947,28.671],[101.998,28.75],[101.988,28.888],[102.1,28.981],[102.168,29.073],[102.13,29.176],[102.094,29.209],[102.046,29.298],[101.957,29.367],[101.951,29.463],[102.012,29.491],[102.146,29.504],[102.176,29.466],[102.31,29.575],[102.306,29.7],[102.344,29.789],[102.291,29.855],[102.299,29.934],[102.277,30.04],[102.329,30.188],[102.433,30.355],[102.418,30.524],[102.473,30.671],[102.469,30.769],[102.392,30.712],[102.274,30.654],[102.185,30.628],[102.105,30.658],[102.04,30.707],[102.066,30.793],[102.113,30.898],[102.189,30.934],[102.168,31.033],[102.131,31.131],[102.014,31.145],[101.911,31.146],[101.858,31.266],[101.764,31.282],[101.692,31.327],[101.573,31.341],[101.476,31.354],[101.438,31.307],[101.464,31.41],[101.39,31.399],[101.301,31.359],[101.263,31.444],[101.203,31.506],[101.099,31.487],[101.075,31.576],[101.025,31.641],[100.953,31.722],[100.853,31.759],[100.953,31.86],[100.992,31.931],[100.95,31.988],[100.829,31.99],[100.785,32.049],[100.717,32.12],[100.721,32.183],[100.629,32.227],[100.573,32.28],[100.527,32.346],[100.562,32.419],[100.623,32.504],[100.603,32.554],[100.545,32.581],[100.516,32.63],[100.45,32.694],[100.379,32.698],[100.264,32.743],[100.23,32.651],[100.11,32.639],[100.139,32.721],[100.123,32.837],[100.082,32.885],[100.002,32.942],[99.909,33.021],[99.878,32.994],[99.803,32.942],[99.774,32.922],[99.77,32.802],[99.718,32.732],[99.607,32.781],[99.532,32.848],[99.376,32.9],[99.283,32.885],[99.249,32.952],[99.209,33.019],[99.093,33.078],[98.97,33.099],[98.896,33.135],[98.805,33.219],[98.759,33.278],[98.779,33.372],[98.744,33.454],[98.68,33.522],[98.653,33.595],[98.594,33.702],[98.517,33.774],[98.463,33.848],[98.412,33.925],[98.428,34.029],[98.309,34.088],[98.098,34.123],[97.996,34.154],[97.796,34.199],[97.663,34.117],[97.687,34.017],[97.644,33.943],[97.522,33.903],[97.461,33.887],[97.372,33.842],[97.423,33.755],[97.416,33.605],[97.525,33.576],[97.582,33.469],[97.665,33.448],[97.75,33.397],[97.676,33.341],[97.606,33.288],[97.547,33.204],[97.486,33.145],[97.537,33.058],[97.524,32.989],[97.376,32.957],[97.35,32.904],[97.38,32.826],[97.481,32.664],[97.606,32.615],[97.699,32.537],[97.797,32.52],[97.88,32.486],[97.97,32.471],[98.051,32.429],[98.139,32.379],[98.209,32.319],[98.258,32.211],[98.346,32.087],[98.435,32.008],[98.433,31.923],[98.416,31.83],[98.46,31.782],[98.519,31.716],[98.588,31.632],[98.696,31.531],[98.795,31.459],[98.811,31.307],[98.734,31.289],[98.633,31.332],[98.623,31.221],[98.644,31.169],[98.734,31.067],[98.797,30.948],[98.857,30.83],[98.952,30.77],[98.907,30.698],[98.943,30.591],[98.946,30.499],[98.974,30.398],[98.981,30.321],[98.992,30.216],[99.01,30.121],[99.055,29.958],[99.053,29.893],[99.019,29.792],[99.011,29.628],[99.049,29.491],[99.059,29.417],[99.094,29.267],[99.105,29.163],[99.128,29.017],[99.104,28.842],[99.134,28.735],[99.162,28.636],[99.184,28.589],[99.183,28.473],[99.201,28.377],[99.281,28.298],[99.307,28.228],[99.402,28.151],[99.418,28.267],[99.407,28.358],[99.418,28.417],[99.396,28.493],[99.427,28.555],[99.497,28.616],[99.532,28.68],[99.606,28.772],[99.701,28.835],[99.736,28.735],[99.842,28.653],[99.919,28.599],[99.99,28.477],[100.075,28.424],[100.135,28.352],[100.188,28.253],[100.103,28.202],[100.033,28.185],[100.061,28.083]]]]}},{"type":"Feature","properties":{"id":"513400","名称":"凉山彝族自治州","所属省":"四川"},"geometry":{"type":"MultiPolygon","coordinates":[[[[103.614,28.597],[103.532,28.598],[103.422,28.512],[103.388,28.421],[103.314,28.486],[103.247,28.55],[103.306,28.682],[103.308,28.762],[103.19,28.828],[103.07,28.737],[102.996,28.68],[102.944,28.766],[102.928,28.896],[102.909,29.022],[102.931,29.113],[102.963,29.251],[102.962,29.302],[102.88,29.206],[102.781,29.237],[102.74,29.153],[102.653,29.188],[102.6,29.17],[102.56,29.134],[102.525,29.078],[102.498,29.003],[102.481,28.92],[102.352,28.855],[102.222,28.962],[102.15,29.031],[102.006,28.908],[101.989,28.804],[101.985,28.703],[101.904,28.607],[101.757,28.493],[101.716,28.381],[101.592,28.358],[101.468,28.404],[101.373,28.462],[101.428,28.505],[101.57,28.474],[101.62,28.538],[101.517,28.589],[101.427,28.646],[101.297,28.673],[101.209,28.701],[101.173,28.789],[101.184,28.941],[101.142,29.031],[101.097,29.147],[100.96,29.074],[100.925,29.12],[100.803,29.108],[100.832,29.055],[100.779,29.01],[100.65,29.019],[100.577,28.945],[100.543,28.917],[100.587,28.821],[100.54,28.737],[100.491,28.695],[100.53,28.574],[100.45,28.475],[100.421,28.387],[100.414,28.291],[100.387,28.134],[100.418,28.006],[100.337,28.01],[100.234,27.971],[100.072,28.085],[100.143,27.992],[100.258,27.865],[100.286,27.806],[100.328,27.72],[100.377,27.776],[100.443,27.866],[100.511,27.828],[100.607,27.856],[100.68,27.924],[100.708,27.842],[100.775,27.743],[100.849,27.671],[100.855,27.624],[100.902,27.486],[100.957,27.438],[101.01,27.312],[101.039,27.233],[101.17,27.196],[101.283,27.198],[101.355,27.185],[101.419,27.216],[101.531,27.278],[101.635,27.34],[101.643,27.245],[101.745,27.125],[101.833,27.123],[101.878,27.19],[101.912,27.244],[101.922,27.181],[101.973,27.123],[102.034,27.076],[102.115,27.159],[102.203,27.131],[102.218,27.046],[102.226,26.924],[102.202,26.841],[102.174,26.802],[102.196,26.745],[102.157,26.681],[102.085,26.654],[102.063,26.719],[101.998,26.699],[102.011,26.599],[102.051,26.494],[101.995,26.431],[101.939,26.411],[101.922,26.27],[101.841,26.16],[101.835,26.046],[101.923,26.108],[102.084,26.065],[102.137,26.108],[102.242,26.189],[102.351,26.246],[102.552,26.362],[102.611,26.282],[102.674,26.205],[102.762,26.275],[102.88,26.366],[102.998,26.372],[103.032,26.487],[103.019,26.59],[103.006,26.677],[102.992,26.775],[102.889,26.955],[102.914,27.135],[102.882,27.293],[102.955,27.411],[103.056,27.41],[103.144,27.451],[103.236,27.57],[103.28,27.618],[103.393,27.709],[103.49,27.797],[103.526,27.941],[103.517,27.965],[103.46,28.021],[103.455,28.124],[103.573,28.231],[103.695,28.227],[103.77,28.233],[103.87,28.301],[103.851,28.407],[103.782,28.524],[103.685,28.498],[103.689,28.563],[103.614,28.597]]],[[[101.917,26.703],[101.913,26.68],[101.921,26.636],[101.939,26.639],[101.947,26.708],[101.917,26.703]]]]}},{"type":"Feature","properties":{"id":"520100","名称":"贵阳市","所属省":"贵州"},"geometry":{"type":"MultiPolygon","coordinates":[[[[107.201,27.356],[107.088,27.323],[107.006,27.355],[106.927,27.291],[106.881,27.272],[106.82,27.324],[106.793,27.277],[106.745,27.218],[106.735,27.256],[106.703,27.308],[106.62,27.275],[106.506,27.214],[106.44,27.162],[106.412,27.063],[106.442,27.008],[106.372,26.959],[106.354,26.892],[106.302,26.895],[106.234,26.892],[106.17,26.86],[106.131,26.832],[106.173,26.768],[106.173,26.682],[106.127,26.649],[106.171,26.598],[106.188,26.563],[106.233,26.539],[106.316,26.536],[106.346,26.487],[106.327,26.456],[106.398,26.44],[106.45,26.447],[106.477,26.406],[106.515,26.382],[106.563,26.362],[106.536,26.312],[106.503,26.289],[106.501,26.257],[106.501,26.224],[106.567,26.233],[106.596,26.229],[106.635,26.244],[106.681,26.289],[106.742,26.288],[106.781,26.268],[106.798,26.223],[106.858,26.187],[106.887,26.224],[106.871,26.267],[106.868,26.298],[106.841,26.304],[106.818,26.34],[106.834,26.387],[106.757,26.392],[106.819,26.434],[106.81,26.473],[106.838,26.507],[106.84,26.543],[106.88,26.576],[106.912,26.613],[106.883,26.632],[106.917,26.637],[106.949,26.656],[106.969,26.707],[106.968,26.74],[107.016,26.755],[107.075,26.803],[107.144,26.818],[107.245,26.802],[107.277,26.845],[107.251,26.963],[107.192,27.027],[107.174,27.093],[107.189,27.157],[107.262,27.216],[107.156,27.234],[107.17,27.284],[107.201,27.356]]]]}},{"type":"Feature","properties":{"id":"520200","名称":"六盘水市","所属省":"贵州"},"geometry":{"type":"MultiPolygon","coordinates":[[[[104.757,26.766],[104.764,26.699],[104.745,26.647],[104.692,26.581],[104.677,26.521],[104.571,26.525],[104.639,26.478],[104.665,26.435],[104.681,26.379],[104.659,26.356],[104.614,26.323],[104.555,26.273],[104.54,26.197],[104.526,26.122],[104.499,26.07],[104.456,26.077],[104.471,26.009],[104.442,25.949],[104.415,25.91],[104.438,25.876],[104.431,25.826],[104.403,25.798],[104.385,25.746],[104.353,25.745],[104.322,25.733],[104.308,25.66],[104.331,25.616],[104.37,25.594],[104.413,25.585],[104.434,25.555],[104.43,25.487],[104.484,25.495],[104.525,25.527],[104.557,25.524],[104.551,25.474],[104.539,25.41],[104.594,25.388],[104.646,25.357],[104.684,25.363],[104.71,25.335],[104.834,25.349],[104.889,25.368],[104.85,25.403],[104.893,25.48],[104.903,25.557],[104.877,25.601],[104.896,25.65],[104.878,25.744],[104.885,25.822],[104.933,25.865],[104.951,25.92],[104.94,25.975],[104.971,26.055],[105,26.121],[105.052,26.173],[105.104,26.165],[105.188,26.174],[105.175,26.119],[105.209,26.045],[105.25,25.98],[105.278,26.012],[105.409,26.017],[105.509,26.039],[105.582,26.066],[105.613,26.135],[105.631,26.142],[105.68,26.156],[105.709,26.165],[105.68,26.201],[105.592,26.223],[105.543,26.222],[105.512,26.224],[105.472,26.283],[105.5,26.341],[105.514,26.415],[105.442,26.442],[105.368,26.48],[105.354,26.509],[105.281,26.519],[105.209,26.544],[105.184,26.591],[105.134,26.602],[105.109,26.624],[105.095,26.673],[105.095,26.75],[105.066,26.787],[104.997,26.83],[105.019,26.918],[104.937,26.866],[104.873,26.85],[104.845,26.886],[104.796,26.829],[104.757,26.766]]],[[[104.705,26.802],[104.667,26.839],[104.63,26.824],[104.604,26.772],[104.628,26.732],[104.681,26.767],[104.705,26.802]]]]}},{"type":"Feature","properties":{"id":"520300","名称":"遵义市","所属省":"贵州"},"geometry":{"type":"MultiPolygon","coordinates":[[[[108.069,29.087],[107.994,29.034],[107.888,29.009],[107.842,28.965],[107.823,29.034],[107.79,29.082],[107.782,29.162],[107.759,29.192],[107.727,29.176],[107.663,29.148],[107.617,29.163],[107.589,29.15],[107.576,29.185],[107.55,29.21],[107.473,29.171],[107.427,29.19],[107.408,29.151],[107.413,29.095],[107.376,29.075],[107.377,29.027],[107.404,28.982],[107.439,28.955],[107.414,28.911],[107.395,28.861],[107.332,28.841],[107.277,28.799],[107.247,28.762],[107.211,28.815],[107.197,28.847],[107.194,28.889],[107.156,28.883],[107.09,28.875],[107.072,28.879],[107.059,28.869],[107.016,28.883],[106.983,28.851],[106.989,28.79],[106.95,28.778],[106.905,28.796],[106.865,28.774],[106.833,28.769],[106.863,28.708],[106.883,28.692],[106.866,28.625],[106.808,28.589],[106.78,28.625],[106.767,28.58],[106.754,28.558],[106.726,28.519],[106.725,28.454],[106.698,28.477],[106.65,28.48],[106.593,28.51],[106.568,28.484],[106.569,28.524],[106.617,28.563],[106.634,28.608],[106.618,28.644],[106.635,28.659],[106.619,28.689],[106.582,28.702],[106.564,28.746],[106.534,28.779],[106.491,28.806],[106.468,28.826],[106.463,28.797],[106.494,28.739],[106.528,28.678],[106.501,28.628],[106.513,28.577],[106.474,28.599],[106.505,28.545],[106.472,28.533],[106.442,28.559],[106.399,28.571],[106.379,28.533],[106.376,28.493],[106.341,28.481],[106.294,28.527],[106.255,28.539],[106.193,28.577],[106.171,28.629],[106.129,28.64],[106.098,28.655],[106.066,28.692],[106.036,28.706],[106.009,28.738],[105.966,28.736],[105.933,28.702],[105.889,28.671],[105.894,28.624],[105.885,28.596],[105.836,28.599],[105.758,28.59],[105.721,28.591],[105.692,28.565],[105.665,28.524],[105.628,28.508],[105.619,28.464],[105.643,28.431],[105.653,28.372],[105.639,28.324],[105.671,28.31],[105.711,28.282],[105.741,28.305],[105.771,28.329],[105.808,28.307],[105.863,28.249],[105.881,28.212],[105.869,28.147],[105.904,28.129],[105.963,28.138],[105.986,28.116],[106.037,28.111],[106.072,28.151],[106.145,28.163],[106.212,28.119],[106.255,28.079],[106.243,28.029],[106.294,28.004],[106.325,27.963],[106.309,27.914],[106.333,27.888],[106.334,27.855],[106.344,27.827],[106.269,27.782],[106.207,27.763],[106.144,27.774],[106.064,27.777],[106.004,27.747],[106.005,27.664],[106.064,27.663],[106.106,27.631],[106.153,27.575],[106.234,27.552],[106.262,27.596],[106.293,27.602],[106.338,27.563],[106.311,27.511],[106.365,27.472],[106.433,27.511],[106.485,27.486],[106.524,27.503],[106.563,27.518],[106.622,27.519],[106.696,27.465],[106.721,27.405],[106.715,27.309],[106.754,27.245],[106.761,27.231],[106.799,27.29],[106.841,27.321],[106.894,27.263],[106.934,27.306],[107.019,27.357],[107.099,27.322],[107.21,27.371],[107.26,27.428],[107.275,27.479],[107.352,27.467],[107.372,27.436],[107.376,27.388],[107.409,27.353],[107.452,27.366],[107.502,27.349],[107.465,27.277],[107.477,27.241],[107.511,27.203],[107.52,27.244],[107.567,27.225],[107.593,27.267],[107.656,27.267],[107.666,27.235],[107.748,27.218],[107.76,27.192],[107.835,27.185],[107.851,27.164],[107.886,27.146],[107.905,27.176],[107.971,27.199],[108.005,27.227],[108.033,27.27],[107.989,27.306],[107.959,27.339],[107.919,27.332],[107.906,27.326],[107.857,27.33],[107.78,27.352],[107.766,27.391],[107.792,27.444],[107.763,27.476],[107.829,27.542],[107.894,27.557],[107.903,27.628],[107.928,27.727],[107.944,27.779],[107.904,27.827],[107.906,27.904],[107.911,27.962],[107.915,28.019],[107.871,28.059],[107.832,28.049],[107.792,28.066],[107.785,28.094],[107.803,28.184],[107.852,28.203],[107.861,28.261],[107.867,28.358],[107.936,28.385],[107.997,28.37],[107.961,28.411],[107.991,28.442],[107.983,28.423],[108.019,28.403],[108.016,28.384],[108.068,28.422],[108.06,28.472],[108.07,28.527],[108.05,28.567],[108.083,28.62],[108.129,28.644],[108.175,28.69],[108.195,28.751],[108.195,28.802],[108.158,28.856],[108.138,28.932],[108.108,28.976],[108.073,29.058],[108.069,29.087]]],[[[107.939,27.151],[107.941,27.146],[107.956,27.149],[107.956,27.154],[107.945,27.16],[107.939,27.167],[107.929,27.163],[107.932,27.154],[107.939,27.151]]]]}},{"type":"Feature","properties":{"id":"520400","名称":"安顺市","所属省":"贵州"},"geometry":{"type":"MultiPolygon","coordinates":[[[[105.254,25.985],[105.267,25.937],[105.336,25.889],[105.373,25.847],[105.43,25.788],[105.495,25.733],[105.567,25.713],[105.665,25.669],[105.72,25.602],[105.784,25.498],[105.877,25.433],[105.927,25.432],[105.917,25.471],[105.981,25.539],[105.962,25.567],[105.982,25.612],[106.023,25.57],[106.055,25.582],[106.08,25.587],[106.1,25.541],[106.069,25.526],[106.123,25.478],[106.159,25.482],[106.192,25.47],[106.227,25.394],[106.305,25.382],[106.382,25.368],[106.424,25.39],[106.409,25.418],[106.396,25.455],[106.405,25.498],[106.433,25.56],[106.489,25.647],[106.427,25.675],[106.365,25.658],[106.302,25.697],[106.285,25.724],[106.232,25.715],[106.249,25.795],[106.261,25.843],[106.285,25.897],[106.276,25.938],[106.294,25.968],[106.301,25.992],[106.264,26.023],[106.235,26.022],[106.215,26.033],[106.246,26.093],[106.287,26.102],[106.258,26.136],[106.291,26.199],[106.243,26.224],[106.298,26.253],[106.35,26.231],[106.397,26.277],[106.498,26.277],[106.522,26.316],[106.557,26.346],[106.539,26.378],[106.477,26.395],[106.446,26.444],[106.409,26.442],[106.327,26.452],[106.353,26.474],[106.326,26.52],[106.244,26.545],[106.184,26.555],[106.188,26.587],[106.158,26.595],[106.132,26.524],[106.063,26.462],[105.973,26.44],[105.966,26.496],[105.933,26.512],[105.874,26.498],[105.779,26.471],[105.702,26.451],[105.645,26.43],[105.556,26.368],[105.494,26.333],[105.473,26.26],[105.525,26.237],[105.559,26.231],[105.605,26.209],[105.704,26.182],[105.702,26.17],[105.669,26.148],[105.621,26.158],[105.605,26.113],[105.567,26.078],[105.499,26.03],[105.384,26.013],[105.261,26.009],[105.254,25.985]]],[[[106.227,26.032],[106.223,26.028],[106.224,26.024],[106.235,26.027],[106.227,26.032]]]]}},{"type":"Feature","properties":{"id":"520500","名称":"毕节市","所属省":"贵州"},"geometry":{"type":"MultiPolygon","coordinates":[[[[105.538,26.36],[105.607,26.415],[105.691,26.432],[105.77,26.456],[105.849,26.477],[105.917,26.521],[105.971,26.509],[105.96,26.454],[106.04,26.465],[106.13,26.503],[106.143,26.58],[106.127,26.649],[106.173,26.682],[106.173,26.768],[106.131,26.832],[106.17,26.86],[106.234,26.892],[106.302,26.895],[106.354,26.892],[106.372,26.959],[106.442,27.008],[106.412,27.063],[106.44,27.162],[106.506,27.214],[106.62,27.275],[106.703,27.308],[106.713,27.378],[106.705,27.453],[106.641,27.509],[106.584,27.529],[106.536,27.509],[106.513,27.476],[106.454,27.505],[106.374,27.486],[106.323,27.487],[106.336,27.544],[106.311,27.598],[106.278,27.603],[106.246,27.56],[106.163,27.561],[106.115,27.612],[106.086,27.661],[106.014,27.661],[106.002,27.724],[105.93,27.728],[105.882,27.739],[105.831,27.71],[105.723,27.706],[105.686,27.678],[105.643,27.66],[105.61,27.692],[105.56,27.72],[105.518,27.765],[105.449,27.775],[105.394,27.761],[105.368,27.749],[105.319,27.714],[105.31,27.655],[105.305,27.614],[105.252,27.573],[105.243,27.551],[105.257,27.541],[105.249,27.495],[105.234,27.453],[105.212,27.399],[105.185,27.392],[105.135,27.416],[105.067,27.418],[105.032,27.401],[104.964,27.358],[104.905,27.307],[104.871,27.291],[104.844,27.343],[104.79,27.33],[104.754,27.345],[104.686,27.335],[104.631,27.318],[104.57,27.332],[104.508,27.387],[104.497,27.415],[104.436,27.426],[104.41,27.458],[104.344,27.453],[104.335,27.428],[104.284,27.367],[104.248,27.336],[104.231,27.291],[104.219,27.28],[104.174,27.263],[104.271,27.259],[104.305,27.168],[104.328,27.125],[104.331,27.075],[104.338,27.037],[104.367,26.995],[104.406,27.006],[104.486,26.965],[104.581,26.96],[104.61,26.916],[104.656,26.893],[104.667,26.839],[104.705,26.802],[104.757,26.789],[104.801,26.845],[104.855,26.882],[104.901,26.831],[104.948,26.883],[105.025,26.88],[105.011,26.816],[105.052,26.779],[105.094,26.741],[105.094,26.656],[105.114,26.621],[105.141,26.581],[105.195,26.581],[105.218,26.534],[105.295,26.532],[105.35,26.499],[105.378,26.465],[105.455,26.439],[105.527,26.382],[105.538,26.36]]],[[[104.639,26.863],[104.63,26.929],[104.59,26.956],[104.493,26.958],[104.433,27.006],[104.369,27.008],[104.336,27.015],[104.346,27.07],[104.319,27.11],[104.322,27.162],[104.288,27.226],[104.181,27.257],[104.132,27.307],[104.084,27.331],[104.04,27.363],[104.015,27.429],[103.975,27.423],[103.932,27.444],[103.905,27.385],[103.873,27.305],[103.841,27.273],[103.789,27.253],[103.75,27.211],[103.719,27.161],[103.675,27.131],[103.624,27.112],[103.66,27.066],[103.609,27.066],[103.624,27.035],[103.639,27.013],[103.705,27.049],[103.745,26.993],[103.777,26.935],[103.779,26.876],[103.731,26.856],[103.707,26.829],[103.719,26.762],[103.75,26.726],[103.768,26.708],[103.761,26.649],[103.799,26.567],[103.844,26.531],[103.918,26.513],[104.001,26.52],[104.072,26.519],[104.08,26.58],[104.121,26.638],[104.174,26.635],[104.238,26.627],[104.275,26.634],[104.353,26.621],[104.382,26.663],[104.424,26.705],[104.458,26.664],[104.464,26.595],[104.556,26.59],[104.582,26.557],[104.677,26.521],[104.692,26.581],[104.745,26.647],[104.764,26.699],[104.757,26.766],[104.683,26.776],[104.651,26.733],[104.603,26.762],[104.627,26.82],[104.639,26.863]]]]}},{"type":"Feature","properties":{"id":"520600","名称":"铜仁市","所属省":"贵州"},"geometry":{"type":"MultiPolygon","coordinates":[[[[108.887,27.121],[108.926,27.175],[108.909,27.204],[108.963,27.235],[109,27.268],[109.046,27.288],[109.052,27.337],[109.086,27.331],[109.114,27.353],[109.116,27.4],[109.129,27.426],[109.113,27.425],[109.154,27.449],[109.189,27.437],[109.243,27.43],[109.307,27.434],[109.379,27.536],[109.459,27.56],[109.47,27.629],[109.471,27.68],[109.414,27.725],[109.378,27.738],[109.338,27.776],[109.343,27.801],[109.338,27.869],[109.312,27.908],[109.307,27.968],[109.365,28.009],[109.335,28.062],[109.299,28.032],[109.325,28.115],[109.342,28.162],[109.36,28.22],[109.388,28.268],[109.359,28.266],[109.315,28.276],[109.285,28.304],[109.285,28.359],[109.264,28.404],[109.266,28.482],[109.234,28.475],[109.177,28.446],[109.165,28.415],[109.153,28.381],[109.151,28.345],[109.116,28.288],[109.082,28.249],[109.09,28.197],[109.038,28.217],[109.01,28.168],[108.957,28.182],[108.919,28.218],[108.855,28.2],[108.822,28.245],[108.765,28.192],[108.739,28.227],[108.741,28.295],[108.778,28.347],[108.762,28.395],[108.749,28.461],[108.723,28.492],[108.671,28.475],[108.667,28.442],[108.692,28.394],[108.659,28.35],[108.611,28.325],[108.578,28.39],[108.603,28.439],[108.575,28.498],[108.589,28.539],[108.636,28.622],[108.596,28.64],[108.567,28.663],[108.525,28.647],[108.491,28.631],[108.422,28.643],[108.332,28.68],[108.373,28.76],[108.386,28.802],[108.346,28.856],[108.351,28.93],[108.313,28.997],[108.307,29.078],[108.269,29.078],[108.225,29.032],[108.198,29.071],[108.129,29.066],[108.073,29.058],[108.108,28.976],[108.138,28.932],[108.158,28.856],[108.195,28.802],[108.195,28.751],[108.175,28.69],[108.129,28.644],[108.083,28.62],[108.05,28.567],[108.07,28.527],[108.06,28.472],[108.068,28.422],[108.016,28.384],[108.019,28.403],[107.983,28.423],[107.991,28.442],[107.961,28.411],[107.997,28.37],[107.936,28.385],[107.867,28.358],[107.861,28.261],[107.852,28.203],[107.803,28.184],[107.785,28.094],[107.792,28.066],[107.832,28.049],[107.871,28.059],[107.915,28.019],[107.911,27.962],[107.906,27.904],[107.904,27.827],[107.944,27.779],[107.928,27.727],[107.903,27.628],[107.894,27.557],[107.829,27.542],[107.763,27.476],[107.792,27.444],[107.766,27.391],[107.78,27.352],[107.857,27.33],[107.912,27.333],[107.948,27.354],[107.957,27.313],[108.004,27.317],[108.112,27.323],[108.166,27.288],[108.206,27.357],[108.282,27.346],[108.355,27.378],[108.437,27.425],[108.486,27.41],[108.532,27.467],[108.586,27.478],[108.627,27.52],[108.71,27.516],[108.762,27.47],[108.801,27.489],[108.821,27.502],[108.858,27.497],[108.924,27.511],[108.971,27.488],[108.986,27.456],[109.033,27.421],[109.007,27.37],[108.917,27.367],[108.882,27.36],[108.864,27.354],[108.861,27.322],[108.839,27.237],[108.807,27.215],[108.846,27.174],[108.885,27.132],[108.887,27.121]]],[[[107.919,27.332],[107.916,27.333],[107.912,27.333],[107.908,27.332],[107.906,27.326],[107.915,27.314],[107.931,27.314],[107.931,27.321],[107.919,27.332]]]]}},{"type":"Feature","properties":{"id":"522300","名称":"黔西南布依族苗族自治州","所属省":"贵州"},"geometry":{"type":"MultiPolygon","coordinates":[[[[106.523,25.06],[106.526,25.099],[106.48,25.152],[106.452,25.165],[106.497,25.202],[106.489,25.265],[106.443,25.323],[106.419,25.362],[106.332,25.354],[106.264,25.402],[106.208,25.445],[106.163,25.465],[106.141,25.455],[106.111,25.512],[106.084,25.537],[106.104,25.565],[106.076,25.599],[106.049,25.559],[105.987,25.584],[105.971,25.582],[105.981,25.565],[105.917,25.499],[105.927,25.449],[105.908,25.43],[105.815,25.461],[105.75,25.563],[105.689,25.653],[105.623,25.679],[105.532,25.695],[105.455,25.761],[105.392,25.81],[105.367,25.893],[105.301,25.912],[105.263,25.975],[105.236,25.986],[105.189,26.067],[105.181,26.149],[105.159,26.175],[105.091,26.159],[105.033,26.156],[105.012,26.091],[104.96,26.045],[104.941,25.964],[104.944,25.907],[104.911,25.847],[104.873,25.806],[104.905,25.71],[104.871,25.633],[104.882,25.589],[104.914,25.55],[104.873,25.461],[104.856,25.384],[104.887,25.362],[104.822,25.342],[104.692,25.329],[104.665,25.378],[104.647,25.344],[104.641,25.295],[104.71,25.282],[104.754,25.276],[104.797,25.253],[104.81,25.232],[104.823,25.171],[104.777,25.186],[104.732,25.205],[104.719,25.153],[104.686,25.096],[104.62,25.061],[104.684,25.055],[104.701,24.995],[104.664,24.951],[104.635,24.904],[104.587,24.873],[104.541,24.805],[104.542,24.756],[104.574,24.714],[104.633,24.659],[104.699,24.633],[104.751,24.647],[104.823,24.67],[104.876,24.74],[105.033,24.788],[105.042,24.854],[105.075,24.917],[105.132,24.961],[105.196,24.995],[105.235,24.966],[105.266,24.93],[105.339,24.933],[105.443,24.922],[105.484,24.847],[105.523,24.802],[105.608,24.804],[105.678,24.776],[105.759,24.735],[105.828,24.703],[105.892,24.723],[105.953,24.688],[106.014,24.634],[106.047,24.684],[106.114,24.714],[106.143,24.757],[106.185,24.801],[106.204,24.861],[106.182,24.904],[106.145,24.954],[106.192,24.953],[106.242,24.972],[106.305,24.974],[106.37,24.999],[106.436,25.018],[106.513,25.051],[106.523,25.06]]],[[[105.082,24.916],[105.089,24.915],[105.1,24.925],[105.099,24.929],[105.082,24.916]]]]}},{"type":"Feature","properties":{"id":"522600","名称":"黔东南苗族侗族自治州","所属省":"贵州"},"geometry":{"type":"MultiPolygon","coordinates":[[[[108,27.303],[108.04,27.258],[107.978,27.216],[107.952,27.192],[107.941,27.146],[107.885,27.159],[107.852,27.151],[107.846,27.183],[107.794,27.188],[107.773,27.218],[107.684,27.235],[107.663,27.203],[107.684,27.17],[107.674,27.093],[107.639,27.049],[107.637,26.956],[107.61,26.895],[107.645,26.866],[107.669,26.843],[107.688,26.86],[107.741,26.836],[107.764,26.824],[107.749,26.784],[107.709,26.753],[107.693,26.701],[107.721,26.634],[107.736,26.574],[107.647,26.601],[107.611,26.598],[107.578,26.605],[107.538,26.573],[107.503,26.552],[107.479,26.547],[107.449,26.579],[107.426,26.566],[107.403,26.54],[107.354,26.544],[107.32,26.53],[107.357,26.494],[107.315,26.446],[107.34,26.406],[107.431,26.383],[107.518,26.412],[107.544,26.361],[107.616,26.341],[107.643,26.285],[107.707,26.305],[107.78,26.31],[107.746,26.216],[107.746,26.179],[107.761,26.16],[107.8,26.113],[107.845,26.111],[107.887,26.117],[107.924,26.1],[107.953,26.079],[107.973,26.072],[108.014,26.09],[108.077,26.079],[108.138,26.084],[108.17,26.08],[108.176,26.035],[108.229,26.07],[108.238,26.045],[108.225,26.009],[108.213,25.97],[108.182,25.954],[108.138,25.915],[108.139,25.877],[108.124,25.831],[108.105,25.764],[108.099,25.717],[108.111,25.68],[108.15,25.697],[108.181,25.649],[108.217,25.611],[108.243,25.603],[108.287,25.568],[108.303,25.521],[108.352,25.525],[108.4,25.491],[108.443,25.45],[108.5,25.448],[108.524,25.418],[108.563,25.374],[108.614,25.31],[108.615,25.366],[108.596,25.407],[108.612,25.48],[108.62,25.477],[108.622,25.503],[108.663,25.526],[108.687,25.535],[108.661,25.585],[108.69,25.604],[108.715,25.623],[108.784,25.628],[108.799,25.576],[108.798,25.547],[108.83,25.547],[108.876,25.553],[108.913,25.544],[108.972,25.543],[109.025,25.512],[109.077,25.536],[109.052,25.567],[109.031,25.63],[109.058,25.68],[109.054,25.732],[109.031,25.723],[108.975,25.7],[108.92,25.678],[108.912,25.718],[108.954,25.731],[108.98,25.745],[108.998,25.784],[109.048,25.791],[109.098,25.795],[109.144,25.795],[109.155,25.745],[109.178,25.782],[109.193,25.8],[109.207,25.74],[109.255,25.729],[109.314,25.722],[109.338,25.755],[109.336,25.79],[109.349,25.839],[109.389,25.871],[109.426,25.916],[109.407,25.961],[109.483,26.03],[109.448,26.072],[109.474,26.099],[109.505,26.134],[109.468,26.162],[109.468,26.203],[109.458,26.283],[109.444,26.302],[109.401,26.284],[109.34,26.264],[109.306,26.291],[109.271,26.328],[109.314,26.397],[109.374,26.45],[109.385,26.494],[109.404,26.56],[109.39,26.582],[109.379,26.622],[109.304,26.663],[109.298,26.697],[109.365,26.696],[109.407,26.72],[109.454,26.761],[109.453,26.862],[109.436,26.893],[109.484,26.914],[109.534,26.939],[109.528,26.977],[109.526,27.027],[109.51,27.068],[109.49,27.079],[109.468,27.065],[109.466,27.081],[109.46,27.108],[109.448,27.121],[109.4,27.152],[109.385,27.144],[109.334,27.149],[109.264,27.132],[109.223,27.122],[109.164,27.066],[109.101,27.069],[109.134,27.118],[109.08,27.116],[109.036,27.098],[109.007,27.08],[108.943,27.037],[108.921,27.01],[108.901,27.017],[108.877,27.016],[108.846,27.058],[108.792,27.083],[108.854,27.096],[108.888,27.113],[108.858,27.152],[108.805,27.197],[108.822,27.226],[108.858,27.277],[108.843,27.344],[108.866,27.368],[108.9,27.346],[108.945,27.369],[109.022,27.388],[109.006,27.444],[108.951,27.46],[108.947,27.498],[108.892,27.488],[108.841,27.508],[108.829,27.479],[108.778,27.489],[108.746,27.484],[108.669,27.505],[108.605,27.516],[108.56,27.48],[108.511,27.418],[108.461,27.419],[108.409,27.407],[108.321,27.349],[108.233,27.367],[108.187,27.308],[108.141,27.315],[108.065,27.323],[108,27.303]]],[[[109.453,26.862],[109.487,26.76],[109.517,26.758],[109.497,26.823],[109.491,26.884],[109.457,26.873],[109.453,26.862]]],[[[109.577,26.752],[109.554,26.735],[109.547,26.718],[109.579,26.741],[109.577,26.752]]],[[[107.885,27.159],[107.932,27.154],[107.952,27.192],[107.887,27.178],[107.885,27.159]]]]}},{"type":"Feature","properties":{"id":"522700","名称":"黔南布依族苗族自治州","所属省":"贵州"},"geometry":{"type":"MultiPolygon","coordinates":[[[[106.486,26.262],[106.362,26.282],[106.319,26.222],[106.277,26.241],[106.274,26.223],[106.284,26.172],[106.276,26.129],[106.263,26.092],[106.227,26.032],[106.25,26.025],[106.29,26.003],[106.313,25.979],[106.285,25.951],[106.296,25.919],[106.275,25.881],[106.247,25.815],[106.259,25.744],[106.247,25.698],[106.312,25.725],[106.327,25.672],[106.402,25.651],[106.46,25.666],[106.471,25.602],[106.435,25.529],[106.396,25.467],[106.419,25.439],[106.391,25.401],[106.419,25.362],[106.443,25.323],[106.489,25.265],[106.497,25.202],[106.452,25.165],[106.48,25.152],[106.526,25.099],[106.523,25.06],[106.591,25.088],[106.641,25.135],[106.691,25.179],[106.765,25.183],[106.836,25.18],[106.9,25.213],[106.955,25.246],[106.987,25.256],[107.013,25.296],[106.987,25.36],[106.968,25.41],[106.996,25.443],[107.04,25.503],[107.064,25.543],[107.161,25.57],[107.2,25.604],[107.23,25.565],[107.308,25.5],[107.321,25.485],[107.326,25.435],[107.315,25.403],[107.367,25.404],[107.421,25.393],[107.409,25.347],[107.471,25.301],[107.475,25.226],[107.504,25.218],[107.541,25.225],[107.584,25.256],[107.606,25.255],[107.632,25.31],[107.658,25.293],[107.696,25.22],[107.742,25.24],[107.76,25.189],[107.763,25.125],[107.807,25.125],[107.872,25.142],[107.929,25.156],[108.002,25.197],[108.115,25.21],[108.143,25.27],[108.152,25.324],[108.155,25.378],[108.183,25.392],[108.171,25.432],[108.193,25.459],[108.226,25.427],[108.241,25.462],[108.305,25.516],[108.281,25.558],[108.247,25.586],[108.226,25.621],[108.186,25.643],[108.159,25.703],[108.115,25.687],[108.098,25.703],[108.108,25.753],[108.093,25.811],[108.135,25.868],[108.142,25.9],[108.168,25.955],[108.21,25.963],[108.219,26.003],[108.241,26.032],[108.231,26.062],[108.188,26.037],[108.172,26.072],[108.137,26.094],[108.113,26.073],[108.03,26.087],[107.975,26.08],[107.954,26.063],[107.93,26.09],[107.906,26.124],[107.849,26.137],[107.816,26.1],[107.769,26.152],[107.755,26.176],[107.741,26.214],[107.78,26.301],[107.722,26.317],[107.647,26.28],[107.624,26.334],[107.56,26.367],[107.525,26.382],[107.448,26.405],[107.369,26.396],[107.302,26.442],[107.356,26.487],[107.319,26.516],[107.338,26.552],[107.383,26.538],[107.427,26.551],[107.444,26.573],[107.463,26.547],[107.492,26.558],[107.522,26.574],[107.566,26.605],[107.603,26.584],[107.64,26.607],[107.714,26.57],[107.726,26.616],[107.695,26.673],[107.695,26.735],[107.733,26.768],[107.768,26.803],[107.731,26.837],[107.691,26.866],[107.681,26.842],[107.642,26.852],[107.622,26.889],[107.63,26.957],[107.641,27.029],[107.677,27.073],[107.699,27.153],[107.672,27.209],[107.666,27.235],[107.656,27.267],[107.593,27.267],[107.567,27.225],[107.52,27.244],[107.511,27.203],[107.477,27.241],[107.465,27.277],[107.502,27.349],[107.452,27.366],[107.409,27.353],[107.376,27.388],[107.372,27.436],[107.352,27.467],[107.275,27.479],[107.26,27.428],[107.21,27.371],[107.191,27.303],[107.138,27.245],[107.235,27.233],[107.216,27.166],[107.191,27.115],[107.167,27.026],[107.244,26.969],[107.279,26.864],[107.255,26.792],[107.172,26.819],[107.089,26.803],[107.028,26.768],[106.982,26.753],[106.966,26.722],[106.951,26.684],[106.939,26.647],[106.894,26.632],[106.897,26.618],[106.894,26.585],[106.834,26.556],[106.843,26.517],[106.805,26.481],[106.813,26.448],[106.785,26.427],[106.814,26.388],[106.826,26.348],[106.83,26.307],[106.876,26.302],[106.886,26.272],[106.882,26.229],[106.866,26.196],[106.818,26.205],[106.795,26.269],[106.751,26.281],[106.688,26.292],[106.629,26.27],[106.607,26.233],[106.569,26.225],[106.513,26.22],[106.501,26.245],[106.486,26.262]]],[[[106.223,26.028],[106.215,26.033],[106.212,26.021],[106.224,26.024],[106.223,26.028]]]]}},{"type":"Feature","properties":{"id":"530100","名称":"昆明市","所属省":"云南"},"geometry":{"type":"MultiPolygon","coordinates":[[[[103.109,24.507],[103.176,24.524],[103.263,24.553],[103.284,24.623],[103.324,24.639],[103.461,24.558],[103.453,24.511],[103.563,24.556],[103.64,24.658],[103.67,24.76],[103.658,24.869],[103.575,24.849],[103.447,24.892],[103.461,25],[103.409,25.062],[103.47,25.123],[103.418,25.19],[103.329,25.163],[103.29,25.184],[103.295,25.261],[103.319,25.326],[103.342,25.424],[103.395,25.482],[103.432,25.553],[103.485,25.555],[103.524,25.61],[103.517,25.68],[103.517,25.753],[103.514,25.806],[103.472,25.857],[103.385,25.839],[103.328,25.857],[103.306,25.915],[103.282,26.002],[103.253,26.123],[103.244,26.188],[103.171,26.205],[103.132,26.244],[103.101,26.362],[103.062,26.535],[102.99,26.483],[102.985,26.346],[102.868,26.339],[102.74,26.269],[102.659,26.221],[102.639,26.308],[102.542,26.338],[102.283,26.22],[102.249,26.157],[102.315,26.088],[102.332,26.004],[102.34,25.928],[102.329,25.853],[102.379,25.788],[102.38,25.661],[102.422,25.589],[102.464,25.526],[102.458,25.429],[102.394,25.369],[102.369,25.336],[102.406,25.278],[102.373,25.191],[102.343,25.059],[102.234,25.051],[102.171,25.053],[102.228,25],[102.227,24.911],[102.296,24.85],[102.297,24.755],[102.271,24.654],[102.267,24.56],[102.198,24.509],[102.25,24.439],[102.312,24.386],[102.357,24.444],[102.421,24.477],[102.54,24.514],[102.588,24.504],[102.683,24.472],[102.775,24.497],[102.802,24.582],[102.822,24.641],[102.871,24.746],[102.926,24.846],[102.983,24.883],[103.031,24.864],[103.027,24.755],[103.047,24.7],[103.053,24.556],[103.109,24.507]]]]}},{"type":"Feature","properties":{"id":"530300","名称":"曲靖市","所属省":"云南"},"geometry":{"type":"MultiPolygon","coordinates":[[[[103.385,26.734],[103.401,26.708],[103.328,26.714],[103.237,26.721],[103.21,26.641],[103.108,26.621],[103.081,26.447],[103.115,26.295],[103.151,26.223],[103.19,26.217],[103.238,26.155],[103.299,26.064],[103.291,25.948],[103.301,25.857],[103.362,25.845],[103.441,25.855],[103.476,25.816],[103.54,25.802],[103.531,25.72],[103.491,25.623],[103.533,25.572],[103.434,25.578],[103.433,25.514],[103.358,25.472],[103.272,25.341],[103.303,25.288],[103.258,25.217],[103.311,25.147],[103.405,25.151],[103.463,25.155],[103.454,25.074],[103.442,25.027],[103.467,24.939],[103.523,24.831],[103.612,24.878],[103.664,24.793],[103.667,24.724],[103.733,24.752],[103.719,24.715],[103.813,24.729],[103.93,24.667],[103.995,24.621],[104.013,24.553],[104.009,24.483],[104.135,24.456],[104.228,24.394],[104.27,24.367],[104.416,24.384],[104.528,24.435],[104.547,24.489],[104.516,24.564],[104.499,24.669],[104.596,24.884],[104.663,24.963],[104.701,25.036],[104.686,25.076],[104.725,25.196],[104.805,25.162],[104.807,25.224],[104.78,25.27],[104.707,25.297],[104.646,25.357],[104.541,25.403],[104.482,25.494],[104.436,25.52],[104.389,25.595],[104.331,25.616],[104.322,25.733],[104.403,25.799],[104.434,25.895],[104.444,25.96],[104.473,26.053],[104.527,26.1],[104.55,26.216],[104.592,26.317],[104.68,26.364],[104.642,26.439],[104.593,26.523],[104.542,26.585],[104.458,26.611],[104.421,26.712],[104.365,26.643],[104.272,26.619],[104.191,26.639],[104.094,26.596],[104.052,26.507],[103.955,26.521],[103.841,26.532],[103.771,26.598],[103.773,26.717],[103.721,26.771],[103.774,26.867],[103.754,26.963],[103.654,27.023],[103.555,27.005],[103.425,27.005],[103.415,26.899],[103.386,26.815],[103.385,26.734]]],[[[103.39,26.736],[103.385,26.734],[103.394,26.731],[103.394,26.733],[103.39,26.736]]]]}},{"type":"Feature","properties":{"id":"530400","名称":"玉溪市","所属省":"云南"},"geometry":{"type":"MultiPolygon","coordinates":[[[[102.227,24.911],[102.125,24.952],[102.078,24.867],[102.01,24.837],[101.944,24.766],[101.926,24.651],[101.948,24.588],[101.913,24.546],[101.942,24.494],[102.002,24.455],[102.032,24.366],[101.971,24.272],[101.905,24.251],[101.816,24.243],[101.791,24.284],[101.693,24.344],[101.599,24.287],[101.49,24.226],[101.471,24.302],[101.413,24.402],[101.382,24.361],[101.277,24.293],[101.347,24.162],[101.412,24.068],[101.481,23.974],[101.502,23.897],[101.401,23.826],[101.413,23.747],[101.468,23.756],[101.531,23.782],[101.54,23.718],[101.594,23.662],[101.688,23.67],[101.668,23.625],[101.706,23.569],[101.746,23.517],[101.768,23.417],[101.787,23.387],[101.874,23.327],[101.988,23.336],[102.069,23.33],[102.158,23.383],[102.275,23.423],[102.361,23.481],[102.297,23.598],[102.202,23.7],[102.186,23.764],[102.223,23.904],[102.265,23.928],[102.231,24.023],[102.328,24.061],[102.377,24.087],[102.469,24.054],[102.566,24.029],[102.611,24.026],[102.65,23.976],[102.674,23.924],[102.732,23.972],[102.841,24.043],[102.885,23.994],[102.94,24.057],[103.038,24.041],[103.101,24.146],[103.149,24.235],[103.112,24.325],[103.068,24.412],[103.109,24.507],[103.042,24.568],[103.06,24.712],[103.016,24.762],[103.018,24.897],[102.965,24.883],[102.911,24.855],[102.84,24.748],[102.806,24.628],[102.789,24.553],[102.764,24.478],[102.687,24.491],[102.61,24.514],[102.508,24.524],[102.405,24.497],[102.373,24.436],[102.293,24.407],[102.244,24.458],[102.21,24.507],[102.284,24.559],[102.292,24.66],[102.285,24.801],[102.292,24.879],[102.227,24.911]]]]}},{"type":"Feature","properties":{"id":"530500","名称":"保山市","所属省":"云南"},"geometry":{"type":"MultiPolygon","coordinates":[[[[98.888,25.635],[98.821,25.559],[98.766,25.63],[98.755,25.719],[98.712,25.808],[98.678,25.816],[98.568,25.841],[98.461,25.735],[98.408,25.653],[98.371,25.584],[98.248,25.608],[98.186,25.555],[98.152,25.407],[98.089,25.336],[98.153,25.28],[98.192,25.209],[98.234,25.1],[98.249,25.041],[98.236,24.93],[98.318,24.958],[98.437,24.9],[98.512,24.902],[98.546,24.799],[98.421,24.763],[98.415,24.648],[98.462,24.597],[98.485,24.542],[98.579,24.573],[98.698,24.545],[98.685,24.445],[98.725,24.365],[98.703,24.252],[98.692,24.164],[98.758,24.124],[98.909,24.182],[99.025,24.23],[99.151,24.282],[99.248,24.411],[99.353,24.354],[99.361,24.242],[99.484,24.26],[99.59,24.356],[99.677,24.449],[99.668,24.57],[99.702,24.631],[99.777,24.696],[99.77,24.779],[99.838,24.829],[99.866,24.905],[99.902,24.991],[99.994,25.033],[100.039,25.099],[99.978,25.119],[99.929,25.204],[99.859,25.155],[99.734,25.073],[99.655,25.068],[99.506,25.119],[99.359,25.288],[99.285,25.366],[99.345,25.412],[99.33,25.514],[99.189,25.515],[99.088,25.467],[99.002,25.561],[98.888,25.635]]]]}},{"type":"Feature","properties":{"id":"530600","名称":"昭通市","所属省":"云南"},"geometry":{"type":"MultiPolygon","coordinates":[[[[103.055,26.542],[103.12,26.637],[103.225,26.655],[103.269,26.728],[103.339,26.714],[103.394,26.731],[103.386,26.815],[103.415,26.899],[103.425,27.005],[103.555,27.005],[103.628,27.016],[103.66,27.066],[103.675,27.131],[103.801,27.251],[103.865,27.282],[103.905,27.385],[103.993,27.42],[104.058,27.356],[104.132,27.307],[104.211,27.297],[104.27,27.361],[104.343,27.436],[104.417,27.436],[104.517,27.4],[104.595,27.311],[104.686,27.335],[104.771,27.317],[104.856,27.333],[104.913,27.327],[105.07,27.419],[105.167,27.409],[105.233,27.436],[105.248,27.495],[105.258,27.584],[105.301,27.683],[105.293,27.771],[105.241,27.831],[105.264,27.912],[105.271,27.996],[105.168,28.024],[105.144,28.067],[105.011,28.067],[104.947,27.981],[104.895,27.935],[104.767,27.885],[104.608,27.858],[104.527,27.89],[104.452,27.926],[104.356,28.018],[104.341,28.058],[104.421,28.097],[104.406,28.173],[104.444,28.259],[104.385,28.33],[104.29,28.315],[104.268,28.421],[104.267,28.502],[104.288,28.533],[104.368,28.586],[104.405,28.641],[104.296,28.634],[104.231,28.636],[104.103,28.606],[103.937,28.623],[103.874,28.653],[103.801,28.562],[103.83,28.458],[103.853,28.357],[103.813,28.265],[103.721,28.202],[103.632,28.26],[103.533,28.169],[103.433,28.072],[103.496,28.023],[103.563,27.978],[103.5,27.878],[103.448,27.755],[103.35,27.678],[103.296,27.567],[103.204,27.529],[103.112,27.401],[102.985,27.367],[102.911,27.349],[102.9,27.237],[102.885,27.06],[102.897,26.911],[102.992,26.775],[103.027,26.663],[103.037,26.555],[103.055,26.542]]]]}},{"type":"Feature","properties":{"id":"530700","名称":"丽江市","所属省":"云南"},"geometry":{"type":"MultiPolygon","coordinates":[[[[100.91,26.167],[101.054,26.302],[101.193,26.361],[101.329,26.374],[101.439,26.409],[101.463,26.483],[101.423,26.532],[101.452,26.601],[101.454,26.691],[101.492,26.746],[101.461,26.787],[101.436,26.741],[101.358,26.771],[101.375,26.865],[101.294,26.896],[101.227,26.959],[101.145,27.104],[101.075,27.194],[101.028,27.267],[100.997,27.355],[100.937,27.469],[100.912,27.522],[100.828,27.616],[100.837,27.682],[100.757,27.767],[100.702,27.867],[100.635,27.915],[100.546,27.809],[100.496,27.845],[100.412,27.816],[100.351,27.756],[100.294,27.71],[100.258,27.619],[100.224,27.545],[100.213,27.404],[100.234,27.305],[100.104,27.175],[100.068,27.034],[100.049,26.931],[99.965,26.892],[99.966,26.961],[99.918,27.039],[99.846,27.127],[99.772,27.204],[99.698,27.265],[99.659,27.348],[99.596,27.425],[99.56,27.497],[99.502,27.543],[99.411,27.476],[99.418,27.373],[99.418,27.229],[99.418,27.154],[99.433,27.096],[99.477,26.995],[99.523,26.909],[99.574,26.855],[99.599,26.729],[99.664,26.675],[99.751,26.634],[99.894,26.644],[99.993,26.595],[100.081,26.638],[100.199,26.686],[100.297,26.633],[100.358,26.612],[100.416,26.535],[100.441,26.485],[100.464,26.428],[100.434,26.353],[100.395,26.298],[100.416,26.182],[100.492,26.113],[100.52,26.013],[100.625,26.001],[100.688,26.127],[100.771,26.187],[100.851,26.169],[100.91,26.167]]]]}},{"type":"Feature","properties":{"id":"530800","名称":"普洱市","所属省":"云南"},"geometry":{"type":"MultiPolygon","coordinates":[[[[101.277,24.293],[101.163,24.374],[101.079,24.472],[101.024,24.566],[100.944,24.729],[100.817,24.733],[100.739,24.784],[100.631,24.786],[100.515,24.72],[100.408,24.707],[100.464,24.594],[100.529,24.51],[100.508,24.422],[100.515,24.285],[100.522,24.158],[100.393,24.07],[100.391,23.977],[100.381,23.872],[100.365,23.838],[100.379,23.734],[100.393,23.637],[100.255,23.635],[100.156,23.485],[100.11,23.385],[100.083,23.247],[99.942,23.25],[99.782,23.213],[99.614,23.188],[99.592,23.17],[99.514,23.073],[99.534,22.961],[99.531,22.897],[99.463,22.845],[99.387,22.788],[99.339,22.709],[99.386,22.573],[99.334,22.446],[99.251,22.393],[99.254,22.33],[99.174,22.178],[99.188,22.14],[99.293,22.111],[99.4,22.1],[99.517,22.1],[99.613,22.094],[99.69,22.045],[99.825,22.043],[99.972,22.053],[100.046,22.13],[100.143,22.232],[100.195,22.276],[100.346,22.243],[100.39,22.372],[100.447,22.426],[100.579,22.459],[100.622,22.49],[100.723,22.523],[100.846,22.583],[100.902,22.526],[100.994,22.584],[101.125,22.545],[101.308,22.534],[101.446,22.584],[101.493,22.452],[101.563,22.371],[101.649,22.363],[101.678,22.477],[101.793,22.482],[101.901,22.384],[101.978,22.428],[102.128,22.417],[102.237,22.427],[102.293,22.573],[102.199,22.614],[102.059,22.698],[101.992,22.794],[101.874,22.801],[101.848,22.907],[101.879,23.016],[101.967,22.994],[102.044,23.075],[101.998,23.143],[101.939,23.145],[101.828,23.176],[101.877,23.264],[101.845,23.35],[101.762,23.381],[101.788,23.441],[101.732,23.511],[101.689,23.591],[101.685,23.62],[101.643,23.652],[101.574,23.689],[101.565,23.721],[101.52,23.773],[101.46,23.727],[101.407,23.766],[101.445,23.851],[101.533,23.918],[101.455,23.996],[101.384,24.098],[101.344,24.199],[101.277,24.293]]]]}},{"type":"Feature","properties":{"id":"530900","名称":"临沧市","所属省":"云南"},"geometry":{"type":"MultiPolygon","coordinates":[[[[100.408,24.707],[100.338,24.746],[100.19,24.739],[100.098,24.667],[100.153,24.793],[100.198,24.909],[100.146,24.98],[100.025,24.954],[99.939,25.01],[99.852,24.949],[99.816,24.87],[99.804,24.805],[99.816,24.737],[99.726,24.67],[99.665,24.596],[99.673,24.49],[99.636,24.452],[99.502,24.317],[99.446,24.245],[99.37,24.314],[99.303,24.449],[99.216,24.346],[99.073,24.238],[98.981,24.206],[98.9,24.109],[98.808,24.025],[98.701,23.982],[98.694,23.886],[98.685,23.802],[98.786,23.781],[98.847,23.632],[98.804,23.541],[98.898,23.459],[98.921,23.354],[98.907,23.332],[98.911,23.249],[98.907,23.186],[99.048,23.115],[99.201,23.109],[99.308,23.101],[99.381,23.1],[99.503,23.107],[99.611,23.163],[99.662,23.231],[99.799,23.199],[99.971,23.228],[100.091,23.282],[100.103,23.409],[100.187,23.612],[100.289,23.641],[100.436,23.662],[100.348,23.751],[100.351,23.845],[100.404,23.873],[100.378,23.997],[100.425,24.062],[100.526,24.19],[100.511,24.331],[100.515,24.445],[100.499,24.521],[100.42,24.657],[100.408,24.707]]]]}},{"type":"Feature","properties":{"id":"532300","名称":"楚雄彝族自治州","所属省":"云南"},"geometry":{"type":"MultiPolygon","coordinates":[[[[102.227,24.911],[102.228,25],[102.171,25.053],[102.234,25.051],[102.343,25.059],[102.373,25.191],[102.406,25.278],[102.369,25.336],[102.394,25.369],[102.458,25.429],[102.464,25.526],[102.422,25.589],[102.38,25.661],[102.379,25.788],[102.329,25.853],[102.34,25.928],[102.332,26.004],[102.315,26.088],[102.249,26.157],[102.152,26.11],[102.108,26.068],[101.955,26.084],[101.835,26.046],[101.799,26.147],[101.705,26.224],[101.63,26.225],[101.597,26.303],[101.64,26.319],[101.619,26.397],[101.53,26.467],[101.453,26.464],[101.434,26.389],[101.273,26.356],[101.168,26.341],[101.022,26.268],[100.919,26.152],[100.92,26.015],[100.962,25.946],[100.89,25.823],[100.935,25.742],[100.956,25.677],[101.002,25.562],[100.958,25.46],[101.017,25.413],[100.996,25.345],[100.961,25.302],[100.934,25.242],[100.829,25.277],[100.82,25.193],[100.751,25.148],[100.747,25.046],[100.738,24.955],[100.737,24.868],[100.743,24.814],[100.769,24.748],[100.905,24.749],[100.971,24.655],[101.044,24.505],[101.124,24.42],[101.205,24.339],[101.303,24.323],[101.378,24.399],[101.445,24.378],[101.483,24.27],[101.546,24.238],[101.651,24.367],[101.773,24.299],[101.827,24.305],[101.842,24.241],[101.932,24.254],[102.01,24.334],[102.002,24.408],[101.973,24.458],[101.92,24.515],[101.904,24.583],[101.922,24.622],[101.939,24.679],[101.986,24.811],[102.005,24.872],[102.111,24.908],[102.174,24.913],[102.227,24.911]]]]}},{"type":"Feature","properties":{"id":"532500","名称":"红河哈尼族彝族自治州","所属省":"云南"},"geometry":{"type":"MultiPolygon","coordinates":[[[[103.109,24.507],[103.068,24.412],[103.112,24.325],[103.149,24.235],[103.101,24.146],[103.038,24.041],[103.016,24.033],[102.9,24.013],[102.848,24.014],[102.784,24.018],[102.69,23.946],[102.643,23.927],[102.647,24.007],[102.612,24.047],[102.516,24.029],[102.411,24.059],[102.296,24.081],[102.312,24.035],[102.252,23.969],[102.264,23.9],[102.16,23.873],[102.148,23.721],[102.249,23.663],[102.318,23.551],[102.319,23.414],[102.217,23.41],[102.13,23.324],[102.028,23.331],[101.906,23.36],[101.892,23.291],[101.843,23.213],[101.918,23.159],[102.003,23.156],[102.069,23.096],[102.015,22.989],[101.903,23.02],[101.862,22.939],[101.823,22.84],[101.969,22.795],[102.059,22.725],[102.182,22.624],[102.277,22.612],[102.347,22.585],[102.404,22.645],[102.456,22.731],[102.566,22.718],[102.692,22.7],[102.787,22.642],[102.88,22.587],[102.929,22.484],[103.03,22.441],[103.084,22.508],[103.184,22.558],[103.216,22.644],[103.288,22.731],[103.391,22.779],[103.436,22.699],[103.534,22.593],[103.568,22.701],[103.643,22.795],[103.741,22.707],[103.864,22.584],[103.964,22.503],[104.031,22.627],[104.067,22.754],[104.168,22.82],[104.283,22.842],[104.218,22.871],[104.157,22.861],[104.08,22.836],[104.023,22.822],[104.002,22.727],[103.924,22.688],[103.891,22.783],[103.917,22.838],[103.948,22.953],[103.938,23.1],[103.937,23.253],[103.83,23.351],[103.803,23.405],[103.788,23.474],[103.735,23.511],[103.707,23.542],[103.633,23.507],[103.614,23.584],[103.651,23.714],[103.665,23.85],[103.701,23.929],[103.635,23.97],[103.575,24.086],[103.671,24.187],[103.774,24.204],[103.819,24.271],[103.906,24.38],[104.01,24.449],[104.039,24.526],[103.987,24.581],[103.954,24.639],[103.869,24.685],[103.789,24.733],[103.741,24.73],[103.693,24.736],[103.64,24.658],[103.563,24.556],[103.453,24.511],[103.461,24.558],[103.324,24.639],[103.284,24.623],[103.263,24.553],[103.176,24.524],[103.109,24.507]]],[[[103.053,24.037],[103.038,24.041],[103.032,24.032],[103.036,24.023],[103.053,24.037]]]]}},{"type":"Feature","properties":{"id":"532600","名称":"文山壮族苗族自治州","所属省":"云南"},"geometry":{"type":"MultiPolygon","coordinates":[[[[104.567,24.473],[104.505,24.442],[104.357,24.379],[104.246,24.355],[104.197,24.438],[104.057,24.421],[103.946,24.43],[103.819,24.301],[103.785,24.219],[103.693,24.186],[103.591,24.116],[103.641,23.984],[103.695,23.943],[103.661,23.866],[103.631,23.748],[103.649,23.629],[103.622,23.523],[103.695,23.518],[103.72,23.522],[103.8,23.491],[103.82,23.428],[103.816,23.338],[103.914,23.305],[103.938,23.152],[103.958,23.006],[103.918,22.893],[103.897,22.799],[103.897,22.699],[103.99,22.709],[104.04,22.797],[104.067,22.823],[104.137,22.899],[104.19,22.844],[104.276,22.863],[104.272,22.738],[104.344,22.705],[104.457,22.748],[104.559,22.828],[104.62,22.835],[104.733,22.852],[104.862,22.94],[104.817,23.073],[104.874,23.123],[104.949,23.152],[105.004,23.213],[105.108,23.246],[105.244,23.289],[105.326,23.39],[105.394,23.308],[105.476,23.25],[105.546,23.2],[105.57,23.282],[105.701,23.328],[105.647,23.398],[105.759,23.46],[105.892,23.525],[105.986,23.49],[106.036,23.483],[106.121,23.559],[106.137,23.632],[106.137,23.795],[106.192,23.862],[106.128,23.957],[106.054,24.05],[105.998,24.124],[105.902,24.099],[105.841,24.031],[105.79,24.07],[105.675,24.038],[105.629,24.127],[105.518,24.076],[105.461,24.03],[105.319,24.117],[105.26,24.061],[105.183,24.167],[105.215,24.215],[105.172,24.3],[105.117,24.372],[105.019,24.439],[104.837,24.447],[104.753,24.436],[104.709,24.321],[104.63,24.398],[104.567,24.473]]]]}},{"type":"Feature","properties":{"id":"532800","名称":"西双版纳傣族自治州","所属省":"云南"},"geometry":{"type":"MultiPolygon","coordinates":[[[[101.648,22.332],[101.532,22.381],[101.489,22.479],[101.402,22.576],[101.255,22.544],[101.097,22.55],[100.997,22.558],[100.882,22.538],[100.81,22.595],[100.697,22.518],[100.611,22.468],[100.529,22.462],[100.414,22.437],[100.39,22.329],[100.276,22.272],[100.201,22.256],[100.108,22.247],[100.015,22.111],[99.959,22.037],[99.981,21.935],[99.946,21.862],[99.992,21.704],[100.097,21.704],[100.17,21.646],[100.109,21.584],[100.169,21.483],[100.247,21.464],[100.351,21.529],[100.464,21.479],[100.579,21.452],[100.731,21.519],[100.834,21.634],[100.914,21.682],[101.02,21.72],[101.12,21.708],[101.161,21.644],[101.18,21.555],[101.193,21.474],[101.184,21.335],[101.222,21.234],[101.446,21.227],[101.601,21.213],[101.672,21.195],[101.765,21.148],[101.834,21.253],[101.746,21.297],[101.741,21.483],[101.746,21.57],[101.829,21.617],[101.768,21.716],[101.777,21.827],[101.7,21.897],[101.654,21.947],[101.587,22.078],[101.548,22.231],[101.635,22.315],[101.648,22.332]]]]}},{"type":"Feature","properties":{"id":"532900","名称":"大理白族自治州","所属省":"云南"},"geometry":{"type":"MultiPolygon","coordinates":[[[[98.888,25.635],[99.002,25.561],[99.088,25.467],[99.189,25.515],[99.33,25.514],[99.345,25.412],[99.285,25.366],[99.359,25.288],[99.506,25.119],[99.655,25.068],[99.734,25.073],[99.859,25.155],[99.929,25.204],[99.978,25.119],[100.039,25.099],[99.994,25.033],[100.075,24.978],[100.185,24.974],[100.18,24.861],[100.131,24.733],[100.138,24.705],[100.294,24.758],[100.37,24.727],[100.442,24.733],[100.565,24.704],[100.69,24.808],[100.743,24.814],[100.737,24.868],[100.738,24.955],[100.747,25.046],[100.751,25.148],[100.82,25.193],[100.829,25.277],[100.934,25.242],[100.961,25.302],[100.996,25.345],[101.017,25.413],[100.958,25.46],[101.002,25.562],[100.956,25.677],[100.935,25.742],[100.89,25.823],[100.962,25.946],[100.92,26.015],[100.919,26.152],[100.851,26.169],[100.771,26.187],[100.688,26.127],[100.625,26.001],[100.52,26.013],[100.492,26.113],[100.416,26.182],[100.395,26.298],[100.434,26.353],[100.464,26.428],[100.441,26.485],[100.416,26.535],[100.358,26.612],[100.297,26.633],[100.199,26.686],[100.081,26.638],[99.993,26.595],[99.894,26.644],[99.751,26.634],[99.664,26.675],[99.595,26.624],[99.505,26.515],[99.485,26.401],[99.387,26.348],[99.326,26.259],[99.26,26.224],[99.174,26.129],[99.104,26.127],[99.025,26.132],[99.003,26.005],[99.068,25.956],[99.137,25.785],[99.067,25.81],[99.047,25.757],[99.001,25.725],[98.907,25.78],[98.876,25.723],[98.888,25.635]]]]}},{"type":"Feature","properties":{"id":"533100","名称":"德宏傣族景颇族自治州","所属省":"云南"},"geometry":{"type":"MultiPolygon","coordinates":[[[[98.089,25.336],[98.024,25.308],[97.915,25.211],[97.82,25.233],[97.72,25.081],[97.732,24.947],[97.798,24.846],[97.68,24.827],[97.547,24.739],[97.561,24.569],[97.577,24.442],[97.678,24.409],[97.684,24.338],[97.721,24.296],[97.729,24.184],[97.731,24.112],[97.629,24.005],[97.529,23.926],[97.647,23.841],[97.684,23.877],[97.766,23.928],[97.863,23.979],[97.938,24.017],[98.074,24.076],[98.29,24.102],[98.462,24.126],[98.59,24.091],[98.71,24.121],[98.726,24.206],[98.722,24.33],[98.69,24.413],[98.711,24.496],[98.66,24.565],[98.524,24.547],[98.486,24.567],[98.441,24.635],[98.439,24.703],[98.468,24.782],[98.535,24.86],[98.465,24.889],[98.334,24.908],[98.273,24.937],[98.221,24.962],[98.27,25.084],[98.18,25.14],[98.193,25.245],[98.111,25.294],[98.089,25.336]]]]}},{"type":"Feature","properties":{"id":"533300","名称":"怒江傈僳族自治州","所属省":"云南"},"geometry":{"type":"MultiPolygon","coordinates":[[[[99.643,26.677],[99.571,26.796],[99.56,26.859],[99.497,26.943],[99.426,26.958],[99.375,26.909],[99.297,27.067],[99.231,26.989],[99.148,27.002],[99.046,26.985],[99.02,27.044],[98.968,27.082],[98.965,27.167],[98.987,27.259],[98.965,27.328],[98.902,27.398],[98.908,27.524],[98.919,27.631],[98.867,27.739],[98.85,27.838],[98.792,27.88],[98.78,28.054],[98.734,28.095],[98.685,28.189],[98.585,28.181],[98.464,28.151],[98.389,28.115],[98.377,28.246],[98.322,28.347],[98.273,28.381],[98.207,28.33],[98.228,28.226],[98.175,28.164],[98.16,28.099],[98.132,27.983],[98.205,27.89],[98.176,27.833],[98.224,27.752],[98.234,27.691],[98.288,27.633],[98.338,27.509],[98.429,27.549],[98.475,27.634],[98.537,27.636],[98.665,27.587],[98.705,27.517],[98.687,27.425],[98.741,27.33],[98.717,27.232],[98.713,27.076],[98.733,27.003],[98.757,26.881],[98.744,26.712],[98.781,26.621],[98.756,26.499],[98.73,26.377],[98.673,26.24],[98.709,26.147],[98.667,26.116],[98.59,26.14],[98.614,25.969],[98.703,25.893],[98.721,25.782],[98.747,25.704],[98.753,25.582],[98.87,25.551],[98.874,25.696],[98.869,25.777],[98.964,25.736],[99.049,25.739],[99.026,25.818],[99.099,25.788],[99.089,25.915],[99.009,25.96],[99.006,26.113],[99.1,26.152],[99.203,26.118],[99.201,26.197],[99.311,26.24],[99.349,26.313],[99.481,26.389],[99.499,26.476],[99.574,26.61],[99.643,26.677]]]]}},{"type":"Feature","properties":{"id":"533400","名称":"迪庆藏族自治州","所属省":"云南"},"geometry":{"type":"MultiPolygon","coordinates":[[[[100.299,27.736],[100.309,27.83],[100.21,27.877],[100.121,28.019],[100.04,28.131],[100.064,28.194],[100.168,28.221],[100.169,28.296],[100.054,28.377],[100.045,28.446],[99.965,28.54],[99.873,28.632],[99.757,28.7],[99.724,28.811],[99.623,28.795],[99.554,28.71],[99.518,28.614],[99.463,28.549],[99.403,28.514],[99.404,28.444],[99.421,28.369],[99.414,28.293],[99.388,28.183],[99.332,28.217],[99.29,28.286],[99.201,28.364],[99.187,28.44],[99.17,28.565],[99.164,28.633],[99.134,28.735],[99.104,28.842],[99.127,29.019],[99.109,29.139],[99.114,29.221],[99.024,29.189],[98.967,29.128],[98.96,29.004],[98.917,28.888],[98.923,28.823],[98.852,28.799],[98.822,28.921],[98.786,28.999],[98.656,28.977],[98.644,28.894],[98.664,28.786],[98.638,28.7],[98.621,28.62],[98.62,28.512],[98.707,28.413],[98.747,28.321],[98.696,28.215],[98.725,28.129],[98.748,28.066],[98.785,27.913],[98.816,27.832],[98.87,27.767],[98.89,27.667],[98.891,27.563],[98.914,27.421],[98.939,27.342],[99.006,27.278],[98.967,27.196],[98.98,27.105],[99.001,27.038],[99,26.996],[99.116,26.998],[99.211,26.982],[99.257,27.075],[99.358,26.94],[99.415,26.973],[99.493,26.962],[99.44,27.04],[99.442,27.112],[99.412,27.191],[99.426,27.331],[99.404,27.429],[99.485,27.493],[99.55,27.541],[99.586,27.453],[99.616,27.391],[99.662,27.302],[99.719,27.247],[99.799,27.166],[99.896,27.075],[99.949,26.996],[99.96,26.922],[99.974,26.867],[100.057,26.96],[100.056,27.11],[100.172,27.255],[100.233,27.353],[100.177,27.471],[100.241,27.591],[100.293,27.682],[100.299,27.736]]]]}},{"type":"Feature","properties":{"id":"540100","名称":"拉萨市","所属省":"西藏"},"geometry":{"type":"MultiPolygon","coordinates":[[[[90.349,29.307],[90.444,29.238],[90.591,29.275],[90.658,29.314],[90.894,29.346],[91.038,29.412],[91.108,29.463],[91.217,29.527],[91.341,29.5],[91.429,29.514],[91.572,29.566],[91.632,29.528],[91.692,29.52],[91.787,29.555],[91.894,29.577],[92,29.555],[92.129,29.523],[92.25,29.556],[92.32,29.611],[92.388,29.639],[92.363,29.753],[92.356,29.828],[92.292,29.79],[92.167,29.881],[92.192,29.951],[92.325,29.988],[92.434,30.015],[92.438,30.062],[92.555,30.097],[92.611,30.179],[92.564,30.243],[92.366,30.267],[92.237,30.316],[92.173,30.213],[92.04,30.195],[91.952,30.235],[91.859,30.285],[91.844,30.414],[91.793,30.445],[91.861,30.503],[91.756,30.653],[91.693,30.702],[91.548,30.651],[91.429,30.705],[91.381,30.864],[91.351,30.998],[91.27,31.035],[91.149,31.035],[91.125,30.982],[91.124,30.922],[91.018,30.945],[90.94,31.013],[90.797,31.024],[90.718,30.905],[90.597,30.573],[90.557,30.402],[90.447,30.362],[90.395,30.284],[90.292,30.29],[90.195,30.169],[90.122,30.043],[90.07,29.953],[89.946,29.955],[89.849,29.971],[89.859,29.83],[89.868,29.71],[89.821,29.652],[89.755,29.584],[89.805,29.499],[89.789,29.422],[89.902,29.351],[90.14,29.346],[90.228,29.328],[90.349,29.307]]]]}},{"type":"Feature","properties":{"id":"540200","名称":"日喀则市","所属省":"西藏"},"geometry":{"type":"MultiPolygon","coordinates":[[[[89.899,29.975],[89.831,30.059],[89.777,30.185],[89.701,30.22],[89.58,30.24],[89.496,30.255],[89.4,30.228],[89.303,30.278],[89.202,30.311],[89.108,30.267],[88.993,30.233],[88.889,30.22],[88.806,30.207],[88.636,30.194],[88.541,30.099],[88.465,30.086],[88.483,30.175],[88.412,30.244],[88.273,30.221],[88.187,30.257],[88.082,30.376],[88.001,30.379],[87.861,30.393],[87.731,30.335],[87.591,30.38],[87.528,30.396],[87.532,30.478],[87.473,30.552],[87.386,30.556],[87.293,30.541],[87.181,30.561],[87.168,30.711],[87.128,30.848],[87.07,30.934],[87.008,30.805],[86.893,30.753],[86.91,30.786],[86.96,30.917],[86.819,30.896],[86.782,30.774],[86.804,30.689],[86.871,30.649],[86.905,30.698],[86.873,30.602],[86.924,30.61],[86.925,30.515],[86.809,30.533],[86.727,30.55],[86.719,30.452],[86.64,30.427],[86.582,30.391],[86.533,30.482],[86.428,30.526],[86.411,30.634],[86.396,30.744],[86.344,30.816],[86.316,30.953],[86.124,30.967],[86.078,30.863],[86.023,30.82],[85.98,30.753],[85.873,30.76],[85.802,30.721],[85.8,30.661],[85.715,30.622],[85.796,30.592],[85.885,30.432],[85.934,30.343],[85.861,30.35],[85.799,30.267],[85.82,30.227],[85.801,30.121],[85.803,30.052],[85.732,30.007],[85.696,29.932],[85.546,29.871],[85.591,29.777],[85.504,29.822],[85.392,29.807],[85.379,29.713],[85.273,29.706],[85.165,29.697],[85.082,29.766],[84.902,29.925],[84.856,29.982],[84.737,30],[84.736,30.116],[84.709,30.25],[84.619,30.325],[84.585,30.395],[84.479,30.405],[84.486,30.505],[84.51,30.562],[84.487,30.608],[84.521,30.691],[84.592,30.787],[84.731,30.907],[84.703,30.98],[84.694,31.036],[84.615,31.069],[84.606,31.18],[84.61,31.254],[84.495,31.327],[84.314,31.343],[84.208,31.411],[84.34,31.448],[84.465,31.495],[84.552,31.538],[84.668,31.649],[84.533,31.695],[84.446,31.754],[84.35,31.781],[84.397,31.671],[84.373,31.639],[84.291,31.657],[84.186,31.662],[84.146,31.619],[84.038,31.641],[83.953,31.593],[83.828,31.57],[83.695,31.593],[83.534,31.584],[83.425,31.602],[83.366,31.669],[83.269,31.67],[83.184,31.689],[83.085,31.651],[83.028,31.628],[82.914,31.633],[82.95,31.598],[82.901,31.569],[82.821,31.578],[82.949,31.491],[82.967,31.367],[82.972,31.25],[82.966,31.174],[82.849,31.161],[82.801,31.019],[82.895,30.916],[82.983,30.869],[83.091,30.817],[83.162,30.723],[83.07,30.506],[82.95,30.54],[82.954,30.637],[82.826,30.692],[82.71,30.796],[82.643,30.743],[82.636,30.633],[82.632,30.554],[82.667,30.42],[82.638,30.365],[82.493,30.409],[82.429,30.382],[82.383,30.398],[82.298,30.398],[82.272,30.311],[82.189,30.186],[82.19,30.109],[82.247,30.072],[82.368,30.014],[82.475,29.974],[82.598,29.91],[82.655,29.834],[82.738,29.806],[82.73,29.765],[82.831,29.688],[82.95,29.672],[83.055,29.627],[83.165,29.596],[83.226,29.583],[83.276,29.506],[83.352,29.462],[83.423,29.361],[83.464,29.286],[83.525,29.223],[83.596,29.174],[83.667,29.2],[83.799,29.271],[83.917,29.325],[84.004,29.313],[84.076,29.286],[84.13,29.24],[84.168,29.17],[84.195,29.045],[84.228,28.95],[84.287,28.878],[84.405,28.828],[84.442,28.77],[84.59,28.734],[84.7,28.672],[84.857,28.568],[84.981,28.586],[85.108,28.68],[85.196,28.617],[85.16,28.493],[85.129,28.378],[85.209,28.339],[85.35,28.285],[85.46,28.333],[85.601,28.254],[85.683,28.344],[85.739,28.274],[85.854,28.172],[85.914,28.038],[86.054,27.901],[86.111,27.951],[86.087,28.09],[86.176,28.161],[86.206,28.084],[86.231,27.975],[86.309,27.951],[86.371,27.939],[86.476,27.944],[86.538,28.045],[86.611,28.07],[86.748,28.09],[86.788,28.02],[86.927,27.986],[87.057,27.925],[87.118,27.84],[87.25,27.839],[87.364,27.824],[87.412,27.836],[87.541,27.843],[87.598,27.814],[87.669,27.806],[87.782,27.89],[87.863,27.934],[87.96,27.898],[88.091,27.885],[88.139,27.933],[88.214,27.964],[88.297,27.964],[88.416,27.981],[88.512,28.04],[88.589,28.081],[88.764,28.068],[88.847,27.922],[88.883,27.827],[88.866,27.724],[88.813,27.632],[88.784,27.532],[88.809,27.406],[88.869,27.366],[88.942,27.262],[89.068,27.24],[89.161,27.355],[89.132,27.441],[89.144,27.551],[89.149,27.652],[89.223,27.755],[89.326,27.852],[89.471,28.009],[89.541,28.088],[89.67,28.169],[89.779,28.197],[89.822,28.24],[89.976,28.189],[90.073,28.155],[90.167,28.188],[90.234,28.308],[90.137,28.338],[90.089,28.395],[90.128,28.503],[90.064,28.618],[90.15,28.708],[90.186,28.776],[90.188,28.891],[90.207,28.977],[90.246,29.054],[90.245,29.171],[90.304,29.257],[90.228,29.328],[90.14,29.346],[89.902,29.351],[89.789,29.422],[89.805,29.499],[89.755,29.584],[89.821,29.652],[89.868,29.71],[89.859,29.83],[89.849,29.971],[89.899,29.975]]],[[[85.76,30.952],[85.827,30.797],[85.875,30.863],[85.944,30.865],[85.897,30.922],[85.76,30.952]]]]}},{"type":"Feature","properties":{"id":"540300","名称":"昌都市","所属省":"西藏"},"geometry":{"type":"MultiPolygon","coordinates":[[[[98.685,28.435],[98.619,28.509],[98.621,28.62],[98.638,28.701],[98.664,28.786],[98.644,28.892],[98.656,28.977],[98.787,28.999],[98.818,28.896],[98.873,28.808],[98.972,28.834],[98.912,28.911],[98.96,29.004],[98.983,29.109],[98.976,29.205],[99.092,29.223],[99.086,29.29],[99.059,29.417],[99.05,29.485],[99.011,29.628],[99.014,29.818],[99.058,29.921],[99.043,30.015],[99.015,30.135],[98.976,30.228],[98.968,30.334],[98.963,30.427],[98.932,30.528],[98.922,30.609],[98.931,30.703],[98.952,30.77],[98.857,30.83],[98.797,30.948],[98.734,31.067],[98.675,31.154],[98.602,31.192],[98.603,31.257],[98.715,31.304],[98.806,31.279],[98.843,31.417],[98.771,31.476],[98.65,31.58],[98.557,31.69],[98.509,31.752],[98.439,31.816],[98.399,31.896],[98.434,31.96],[98.402,32.047],[98.296,32.15],[98.22,32.257],[98.198,32.36],[98.107,32.392],[98.024,32.453],[97.94,32.482],[97.806,32.5],[97.709,32.523],[97.62,32.52],[97.541,32.537],[97.465,32.571],[97.374,32.546],[97.335,32.514],[97.35,32.465],[97.413,32.376],[97.418,32.301],[97.3,32.295],[97.276,32.156],[97.308,32.077],[97.234,32.063],[97.17,32.033],[97.029,32.049],[96.947,32.022],[96.889,32.003],[96.841,31.998],[96.734,32.026],[96.755,31.944],[96.794,31.869],[96.802,31.772],[96.822,31.7],[96.723,31.687],[96.644,31.71],[96.524,31.745],[96.408,31.846],[96.356,31.916],[96.189,31.903],[96.178,31.776],[96.245,31.658],[96.194,31.606],[96.148,31.686],[96.065,31.721],[95.983,31.817],[95.858,31.743],[95.802,31.703],[95.72,31.763],[95.582,31.768],[95.501,31.774],[95.44,31.832],[95.371,31.945],[95.396,32.002],[95.424,32.052],[95.44,32.157],[95.365,32.177],[95.308,32.164],[95.264,32.212],[95.215,32.323],[95.132,32.264],[95.097,32.322],[95.227,32.345],[95.218,32.397],[95.155,32.402],[95.076,32.377],[94.956,32.412],[94.89,32.472],[94.786,32.524],[94.714,32.502],[94.691,32.424],[94.761,32.342],[94.668,32.212],[94.661,32.056],[94.672,31.953],[94.662,31.828],[94.774,31.723],[94.686,31.678],[94.763,31.616],[94.847,31.556],[94.88,31.44],[94.948,31.379],[94.983,31.292],[95.033,31.198],[94.977,31.141],[94.906,31.125],[94.832,31.097],[94.773,31.079],[94.743,31.293],[94.741,31.357],[94.619,31.315],[94.584,31.393],[94.549,31.415],[94.449,31.34],[94.375,31.32],[94.302,31.295],[94.249,31.192],[94.305,30.978],[94.298,30.847],[94.171,30.853],[94.016,30.872],[93.921,30.844],[93.825,30.904],[93.711,30.922],[93.599,30.87],[93.703,30.805],[93.736,30.724],[93.854,30.635],[93.962,30.607],[94.023,30.564],[94.154,30.487],[94.252,30.54],[94.373,30.585],[94.45,30.549],[94.51,30.546],[94.612,30.6],[94.728,30.606],[94.917,30.576],[95.011,30.559],[95.081,30.608],[95.208,30.615],[95.316,30.626],[95.35,30.568],[95.419,30.575],[95.513,30.587],[95.619,30.57],[95.698,30.481],[95.825,30.361],[95.87,30.299],[95.968,30.247],[96.068,30.239],[96.116,30.2],[96.214,30.225],[96.381,30.312],[96.457,30.28],[96.532,30.304],[96.584,30.257],[96.63,30.157],[96.666,30.114],[96.573,29.979],[96.549,29.905],[96.482,29.807],[96.55,29.713],[96.624,29.64],[96.626,29.506],[96.667,29.452],[96.681,29.39],[96.541,29.357],[96.669,29.271],[96.758,29.177],[96.86,29.156],[96.916,29.122],[96.96,29.197],[96.99,29.29],[96.985,29.38],[97.018,29.496],[97.066,29.54],[97.192,29.445],[97.299,29.451],[97.337,29.354],[97.367,29.284],[97.402,29.132],[97.519,29.099],[97.541,29.187],[97.576,29.244],[97.612,29.29],[97.745,29.232],[97.821,29.145],[97.933,29.105],[98.038,29.084],[98.117,29],[98.131,28.904],[98.204,28.864],[98.305,28.871],[98.357,28.787],[98.454,28.776],[98.477,28.65],[98.54,28.529],[98.635,28.461],[98.685,28.435]]]]}},{"type":"Feature","properties":{"id":"540400","名称":"林芝市","所属省":"西藏"},"geometry":{"type":"MultiPolygon","coordinates":[[[[94.154,30.487],[94.106,30.39],[94.025,30.368],[93.957,30.299],[93.808,30.306],[93.669,30.284],[93.555,30.29],[93.408,30.348],[93.359,30.47],[93.243,30.475],[93.131,30.413],[93.083,30.491],[93.024,30.584],[92.897,30.607],[92.841,30.541],[92.786,30.457],[92.744,30.358],[92.696,30.328],[92.641,30.306],[92.624,30.226],[92.584,30.163],[92.509,30.086],[92.418,30.049],[92.411,30.014],[92.292,29.963],[92.177,29.948],[92.177,29.874],[92.306,29.786],[92.394,29.823],[92.489,29.798],[92.506,29.684],[92.475,29.558],[92.533,29.604],[92.659,29.689],[92.775,29.67],[92.865,29.695],[92.941,29.691],[93.024,29.567],[93.096,29.487],[93.094,29.373],[93.046,29.327],[92.952,29.185],[92.856,29.112],[92.766,28.969],[92.698,28.899],[92.62,28.834],[92.537,28.84],[92.428,28.802],[92.526,28.745],[92.588,28.788],[92.737,28.748],[92.851,28.697],[92.921,28.77],[92.998,28.741],[93.197,28.724],[93.378,28.708],[93.514,28.665],[93.632,28.673],[93.756,28.689],[93.831,28.625],[93.89,28.532],[93.886,28.436],[93.995,28.36],[94.123,28.244],[94.162,28.158],[94.163,28.076],[94.263,27.984],[94.351,27.83],[94.347,27.73],[94.234,27.632],[94.254,27.555],[94.4,27.589],[94.66,27.65],[94.886,27.743],[95.173,27.891],[95.329,28.017],[95.438,28.162],[95.74,28.275],[95.874,28.298],[95.989,28.198],[96.167,28.208],[96.285,28.216],[96.4,28.12],[96.487,28.107],[96.54,28.064],[96.639,27.989],[96.769,27.931],[96.85,27.875],[96.974,27.861],[97.055,27.803],[97.102,27.78],[97.206,27.852],[97.324,27.881],[97.391,27.916],[97.413,28.014],[97.321,28.054],[97.33,28.141],[97.351,28.237],[97.423,28.297],[97.482,28.313],[97.485,28.386],[97.521,28.445],[97.57,28.541],[97.635,28.532],[97.717,28.496],[97.77,28.374],[97.849,28.349],[97.964,28.313],[98.008,28.214],[98.097,28.167],[98.175,28.166],[98.228,28.226],[98.207,28.33],[98.267,28.378],[98.322,28.347],[98.377,28.246],[98.389,28.115],[98.465,28.151],[98.627,28.166],[98.712,28.23],[98.754,28.337],[98.707,28.413],[98.59,28.469],[98.531,28.579],[98.465,28.7],[98.414,28.775],[98.318,28.806],[98.241,28.92],[98.147,28.862],[98.092,28.961],[98.061,29.026],[97.985,29.135],[97.84,29.105],[97.786,29.185],[97.671,29.273],[97.548,29.281],[97.58,29.18],[97.55,29.106],[97.41,29.069],[97.397,29.234],[97.335,29.321],[97.317,29.412],[97.236,29.448],[97.086,29.507],[97.064,29.496],[96.977,29.462],[96.956,29.338],[96.987,29.257],[96.919,29.197],[96.878,29.13],[96.793,29.183],[96.714,29.178],[96.608,29.326],[96.609,29.389],[96.706,29.419],[96.616,29.487],[96.654,29.566],[96.58,29.658],[96.494,29.733],[96.534,29.868],[96.58,29.941],[96.637,30.031],[96.641,30.144],[96.627,30.205],[96.567,30.281],[96.5,30.281],[96.451,30.315],[96.284,30.308],[96.149,30.212],[96.103,30.24],[96.037,30.257],[95.919,30.26],[95.885,30.344],[95.764,30.425],[95.699,30.555],[95.57,30.583],[95.43,30.61],[95.38,30.561],[95.321,30.598],[95.228,30.644],[95.106,30.66],[95.088,30.571],[94.968,30.587],[94.831,30.611],[94.688,30.62],[94.607,30.55],[94.471,30.573],[94.382,30.541],[94.281,30.563],[94.197,30.499],[94.154,30.487]]]]}},{"type":"Feature","properties":{"id":"540500","名称":"山南市","所属省":"西藏"},"geometry":{"type":"MultiPolygon","coordinates":[[[[90.349,29.307],[90.297,29.205],[90.226,29.117],[90.206,29.024],[90.178,28.928],[90.223,28.801],[90.179,28.736],[90.116,28.672],[90.113,28.594],[90.081,28.473],[90.13,28.374],[90.229,28.348],[90.202,28.211],[90.293,28.155],[90.384,28.061],[90.514,28.062],[90.64,28.044],[90.796,28.045],[90.931,27.943],[91.031,27.856],[91.155,27.894],[91.216,27.989],[91.313,28.037],[91.428,28.013],[91.49,27.971],[91.555,27.889],[91.619,27.857],[91.576,27.812],[91.634,27.718],[91.583,27.599],[91.627,27.509],[91.754,27.463],[91.947,27.464],[92.065,27.391],[92.071,27.238],[92.028,27.122],[92.087,27.015],[92.114,26.928],[92.286,26.892],[92.549,26.942],[92.774,26.903],[93.051,26.884],[93.568,26.938],[93.747,27.016],[93.849,27.169],[94.057,27.376],[94.235,27.569],[94.265,27.651],[94.333,27.723],[94.323,27.845],[94.236,27.982],[94.146,28.085],[94.152,28.183],[94.077,28.288],[93.942,28.363],[93.874,28.465],[93.882,28.566],[93.812,28.625],[93.717,28.664],[93.608,28.68],[93.468,28.669],[93.364,28.715],[93.123,28.729],[92.974,28.731],[92.889,28.756],[92.804,28.701],[92.662,28.765],[92.567,28.803],[92.51,28.721],[92.453,28.839],[92.548,28.854],[92.654,28.819],[92.724,28.916],[92.778,28.997],[92.88,29.122],[93.015,29.236],[93.084,29.327],[93.095,29.411],[93.084,29.525],[92.988,29.61],[92.93,29.703],[92.841,29.696],[92.75,29.649],[92.62,29.657],[92.532,29.577],[92.464,29.592],[92.525,29.714],[92.46,29.788],[92.378,29.785],[92.386,29.687],[92.34,29.613],[92.285,29.567],[92.185,29.562],[92.063,29.529],[91.931,29.577],[91.814,29.573],[91.732,29.543],[91.661,29.542],[91.633,29.576],[91.524,29.555],[91.378,29.489],[91.287,29.527],[91.156,29.482],[91.056,29.436],[90.94,29.374],[90.746,29.336],[90.635,29.293],[90.522,29.248],[90.413,29.26],[90.349,29.307]]]]}},{"type":"Feature","properties":{"id":"540600","名称":"那曲市","所属省":"西藏"},"geometry":{"type":"MultiPolygon","coordinates":[[[[94.76,32.529],[94.737,32.587],[94.638,32.645],[94.597,32.63],[94.486,32.595],[94.434,32.563],[94.383,32.55],[94.292,32.503],[94.178,32.483],[94.138,32.434],[94.032,32.449],[93.96,32.485],[93.87,32.474],[93.828,32.521],[93.679,32.568],[93.555,32.486],[93.477,32.504],[93.412,32.558],[93.313,32.603],[93.21,32.655],[93.107,32.637],[93.047,32.694],[92.984,32.722],[92.879,32.711],[92.756,32.743],[92.636,32.72],[92.571,32.733],[92.454,32.765],[92.336,32.739],[92.255,32.721],[92.21,32.792],[92.206,32.856],[92.119,32.877],[92.028,32.834],[91.94,32.838],[91.86,32.902],[91.781,32.946],[91.683,32.99],[91.554,33.067],[91.462,33.092],[91.405,33.081],[91.231,33.142],[91.173,33.114],[91.072,33.113],[90.927,33.12],[90.842,33.111],[90.624,33.184],[90.49,33.265],[90.333,33.311],[90.108,33.461],[90.022,33.548],[89.993,33.67],[89.94,33.741],[89.934,33.797],[89.871,33.831],[89.764,33.898],[89.688,33.96],[89.656,34.058],[89.712,34.132],[89.815,34.168],[89.838,34.264],[89.841,34.356],[89.819,34.42],[89.812,34.504],[89.795,34.605],[89.743,34.645],[89.737,34.714],[89.8,34.744],[89.868,34.811],[89.823,34.88],[89.712,34.921],[89.625,34.891],[89.577,35],[89.593,35.104],[89.504,35.166],[89.459,35.239],[89.509,35.285],[89.505,35.371],[89.62,35.412],[89.744,35.48],[89.7,35.538],[89.742,35.622],[89.753,35.737],[89.768,35.799],[89.779,35.862],[89.624,35.859],[89.532,35.874],[89.428,35.917],[89.435,35.993],[89.476,36.022],[89.638,36.05],[89.664,36.103],[89.594,36.127],[89.376,36.228],[89.232,36.296],[89.109,36.263],[89.014,36.315],[88.904,36.362],[88.795,36.309],[88.725,36.319],[88.624,36.389],[88.513,36.445],[88.411,36.473],[88.327,36.458],[88.182,36.453],[88.007,36.431],[87.919,36.394],[87.768,36.375],[87.571,36.342],[87.46,36.41],[87.362,36.419],[87.193,36.349],[87.086,36.311],[86.955,36.289],[86.862,36.3],[86.73,36.267],[86.653,36.232],[86.484,36.208],[86.358,36.169],[86.248,36.141],[86.2,36.048],[86.151,36.004],[86.09,35.877],[86.105,35.794],[86.208,35.722],[86.318,35.636],[86.282,35.541],[86.251,35.456],[86.246,35.373],[86.201,35.3],[86.235,35.16],[86.151,35.01],[86.138,34.876],[86.035,34.715],[86.028,34.615],[85.951,34.509],[86.114,34.447],[86.171,34.359],[86.132,34.21],[86.193,34.083],[86.245,33.949],[86.211,33.784],[86.214,33.633],[86.268,33.491],[86.299,33.415],[86.23,33.323],[86.076,33.251],[86.019,33.167],[86.173,33.159],[86.111,33.067],[86.07,32.983],[86.062,32.898],[86.062,32.794],[85.936,32.734],[85.713,32.672],[85.502,32.59],[85.349,32.523],[85.242,32.456],[85.186,32.291],[85.083,32.14],[85.116,32.025],[85.165,31.887],[85.136,31.816],[85.119,31.687],[85.219,31.673],[85.307,31.601],[85.398,31.593],[85.479,31.506],[85.579,31.422],[85.655,31.346],[85.788,31.291],[85.908,31.241],[86.071,31.204],[86.173,31.163],[86.189,31.025],[86.316,30.953],[86.344,30.816],[86.396,30.744],[86.411,30.634],[86.428,30.526],[86.533,30.482],[86.582,30.391],[86.64,30.427],[86.719,30.452],[86.727,30.55],[86.809,30.533],[86.925,30.515],[86.924,30.61],[86.873,30.602],[86.905,30.698],[86.871,30.649],[86.804,30.689],[86.782,30.774],[86.819,30.896],[86.96,30.917],[86.91,30.786],[86.893,30.753],[87.008,30.805],[87.07,30.934],[87.128,30.848],[87.168,30.711],[87.181,30.561],[87.293,30.541],[87.386,30.556],[87.473,30.552],[87.532,30.478],[87.528,30.396],[87.591,30.38],[87.731,30.335],[87.861,30.393],[88.001,30.379],[88.082,30.376],[88.187,30.257],[88.273,30.221],[88.412,30.244],[88.483,30.175],[88.465,30.086],[88.541,30.099],[88.636,30.194],[88.806,30.207],[88.889,30.22],[88.993,30.233],[89.108,30.267],[89.202,30.311],[89.303,30.278],[89.4,30.228],[89.496,30.255],[89.58,30.24],[89.701,30.22],[89.777,30.185],[89.831,30.059],[89.899,29.975],[89.987,29.948],[90.082,30.015],[90.163,30.122],[90.228,30.25],[90.35,30.299],[90.399,30.335],[90.481,30.374],[90.655,30.469],[90.688,30.814],[90.748,30.979],[90.879,30.988],[90.982,30.937],[91.081,30.882],[91.145,30.946],[91.115,31.04],[91.192,31.02],[91.347,31.041],[91.37,30.917],[91.427,30.796],[91.488,30.692],[91.623,30.674],[91.747,30.704],[91.878,30.559],[91.813,30.463],[91.834,30.44],[91.847,30.362],[91.928,30.279],[91.982,30.185],[92.139,30.201],[92.212,30.293],[92.295,30.268],[92.47,30.243],[92.617,30.219],[92.619,30.301],[92.71,30.315],[92.75,30.327],[92.794,30.44],[92.793,30.528],[92.887,30.596],[92.987,30.594],[93.037,30.503],[93.112,30.448],[93.216,30.453],[93.311,30.47],[93.407,30.381],[93.535,30.304],[93.65,30.305],[93.784,30.297],[93.878,30.333],[94.011,30.327],[94.088,30.379],[94.151,30.48],[94.064,30.531],[93.978,30.601],[93.862,30.62],[93.785,30.692],[93.675,30.772],[93.615,30.853],[93.7,30.931],[93.789,30.898],[93.894,30.88],[93.994,30.88],[94.149,30.849],[94.264,30.856],[94.321,30.932],[94.215,31.099],[94.286,31.269],[94.366,31.301],[94.419,31.349],[94.531,31.411],[94.605,31.414],[94.603,31.333],[94.709,31.342],[94.743,31.312],[94.734,31.115],[94.817,31.094],[94.867,31.124],[94.965,31.154],[95.048,31.188],[94.986,31.275],[94.973,31.358],[94.871,31.413],[94.892,31.537],[94.753,31.608],[94.685,31.639],[94.766,31.71],[94.722,31.812],[94.673,31.898],[94.689,32.047],[94.65,32.153],[94.749,32.309],[94.686,32.408],[94.697,32.467],[94.76,32.529]]],[[[86.124,30.967],[86.042,31.065],[85.915,31.08],[85.827,31.041],[85.791,30.951],[85.938,30.9],[85.909,30.884],[85.914,30.809],[85.861,30.752],[85.959,30.741],[86.028,30.781],[86.077,30.843],[86.102,30.906],[86.124,30.967]]]]}},{"type":"Feature","properties":{"id":"542500","名称":"阿里地区","所属省":"西藏"},"geometry":{"type":"MultiPolygon","coordinates":[[[[86.071,35.861],[85.968,35.79],[85.835,35.772],[85.728,35.755],[85.613,35.652],[85.441,35.689],[85.317,35.765],[85.222,35.78],[85.053,35.752],[84.842,35.665],[84.723,35.613],[84.529,35.572],[84.454,35.474],[84.335,35.415],[84.162,35.359],[84.052,35.416],[83.924,35.411],[83.797,35.355],[83.622,35.335],[83.526,35.369],[83.374,35.385],[83.207,35.395],[83.068,35.463],[82.981,35.556],[82.961,35.672],[82.789,35.685],[82.652,35.673],[82.526,35.699],[82.409,35.7],[82.336,35.651],[82.299,35.545],[82.189,35.513],[82.087,35.468],[82.055,35.355],[81.955,35.307],[81.804,35.271],[81.675,35.233],[81.5,35.254],[81.404,35.341],[81.334,35.35],[81.266,35.323],[81.192,35.365],[81.099,35.407],[81.041,35.363],[80.964,35.311],[80.76,35.335],[80.656,35.394],[80.533,35.405],[80.443,35.445],[80.304,35.379],[80.332,35.224],[80.258,35.203],[80.21,35.123],[80.053,35.061],[80.042,34.98],[80.034,34.925],[79.961,34.863],[79.898,34.732],[79.886,34.643],[79.844,34.557],[79.7,34.478],[79.581,34.456],[79.435,34.448],[79.274,34.436],[79.161,34.441],[79.039,34.422],[79.049,34.348],[78.958,34.231],[78.906,34.143],[78.829,34.126],[78.685,34.082],[78.656,34.03],[78.733,33.92],[78.758,33.791],[78.713,33.623],[78.772,33.519],[78.896,33.413],[78.978,33.326],[79.084,33.245],[79.157,33.179],[79.163,33.012],[79.255,32.943],[79.23,32.86],[79.255,32.787],[79.288,32.692],[79.308,32.597],[79.245,32.514],[79.18,32.493],[79.105,32.394],[79.006,32.375],[78.903,32.386],[78.782,32.481],[78.781,32.608],[78.723,32.7],[78.657,32.654],[78.557,32.617],[78.425,32.566],[78.473,32.435],[78.484,32.325],[78.486,32.25],[78.445,32.191],[78.52,32.124],[78.596,32.038],[78.738,31.966],[78.745,31.903],[78.654,31.822],[78.755,31.678],[78.846,31.61],[78.726,31.507],[78.76,31.393],[78.859,31.289],[78.924,31.247],[78.995,31.171],[78.995,31.074],[79.133,31.004],[79.228,30.949],[79.316,31.018],[79.43,31.018],[79.542,30.978],[79.628,30.949],[79.719,30.946],[79.836,30.851],[79.895,30.81],[79.956,30.738],[80.014,30.662],[80.091,30.578],[80.215,30.586],[80.341,30.533],[80.447,30.495],[80.633,30.459],[80.759,30.377],[80.882,30.301],[80.996,30.267],[81.069,30.157],[81.111,30.085],[81.204,30.018],[81.263,30.039],[81.263,30.142],[81.357,30.178],[81.406,30.292],[81.406,30.369],[81.454,30.412],[81.576,30.431],[81.682,30.424],[81.838,30.373],[81.954,30.356],[82.06,30.332],[82.122,30.289],[82.138,30.219],[82.272,30.311],[82.298,30.398],[82.383,30.398],[82.429,30.382],[82.493,30.409],[82.638,30.365],[82.667,30.42],[82.632,30.554],[82.636,30.633],[82.643,30.743],[82.71,30.796],[82.826,30.692],[82.954,30.637],[82.95,30.54],[83.07,30.506],[83.162,30.723],[83.091,30.817],[82.983,30.869],[82.895,30.916],[82.801,31.019],[82.849,31.161],[82.966,31.174],[82.972,31.25],[82.967,31.367],[82.949,31.491],[82.821,31.578],[82.901,31.569],[82.95,31.598],[82.914,31.633],[83.028,31.628],[83.085,31.651],[83.184,31.689],[83.269,31.67],[83.366,31.669],[83.425,31.602],[83.534,31.584],[83.695,31.593],[83.828,31.57],[83.953,31.593],[84.038,31.641],[84.146,31.619],[84.186,31.662],[84.291,31.657],[84.373,31.639],[84.397,31.671],[84.35,31.781],[84.446,31.754],[84.533,31.695],[84.668,31.649],[84.552,31.538],[84.465,31.495],[84.34,31.448],[84.208,31.411],[84.314,31.343],[84.495,31.327],[84.61,31.254],[84.606,31.18],[84.615,31.069],[84.694,31.036],[84.703,30.98],[84.731,30.907],[84.592,30.787],[84.521,30.691],[84.487,30.608],[84.51,30.562],[84.486,30.505],[84.479,30.405],[84.585,30.395],[84.619,30.325],[84.709,30.25],[84.736,30.116],[84.737,30],[84.856,29.982],[84.902,29.925],[85.082,29.766],[85.165,29.697],[85.273,29.706],[85.379,29.713],[85.392,29.807],[85.504,29.822],[85.591,29.777],[85.546,29.871],[85.696,29.932],[85.732,30.007],[85.803,30.052],[85.801,30.121],[85.82,30.227],[85.799,30.267],[85.861,30.35],[85.934,30.343],[85.885,30.432],[85.796,30.592],[85.715,30.622],[85.8,30.661],[85.802,30.721],[85.828,30.83],[85.772,31.009],[85.856,31.071],[85.962,31.078],[86.073,31.067],[86.189,31.025],[86.173,31.163],[86.071,31.204],[85.908,31.241],[85.788,31.291],[85.655,31.346],[85.579,31.422],[85.479,31.506],[85.398,31.593],[85.307,31.601],[85.219,31.673],[85.119,31.687],[85.136,31.816],[85.165,31.887],[85.116,32.025],[85.083,32.14],[85.186,32.291],[85.242,32.456],[85.349,32.523],[85.502,32.59],[85.713,32.672],[85.936,32.734],[86.062,32.794],[86.062,32.898],[86.07,32.983],[86.111,33.067],[86.173,33.159],[86.019,33.167],[86.076,33.251],[86.23,33.323],[86.299,33.415],[86.268,33.491],[86.214,33.633],[86.211,33.784],[86.245,33.949],[86.193,34.083],[86.132,34.21],[86.171,34.359],[86.114,34.447],[85.951,34.509],[86.028,34.615],[86.035,34.715],[86.138,34.876],[86.151,35.01],[86.235,35.16],[86.201,35.3],[86.246,35.373],[86.251,35.456],[86.282,35.541],[86.318,35.636],[86.208,35.722],[86.105,35.794],[86.071,35.861]]]]}},{"type":"Feature","properties":{"id":"610100","名称":"西安市","所属省":"陕西"},"geometry":{"type":"MultiPolygon","coordinates":[[[[109.754,34.212],[109.669,34.239],[109.524,34.256],[109.451,34.327],[109.443,34.414],[109.391,34.468],[109.429,34.549],[109.431,34.688],[109.365,34.739],[109.28,34.697],[109.173,34.692],[109.139,34.589],[109.012,34.586],[108.971,34.503],[108.93,34.404],[108.828,34.366],[108.75,34.296],[108.67,34.244],[108.564,34.23],[108.426,34.2],[108.329,34.196],[108.202,34.222],[108.028,34.228],[108.001,34.104],[107.942,34.006],[107.878,33.994],[107.767,33.955],[107.709,33.847],[107.666,33.76],[107.737,33.718],[107.903,33.749],[108.008,33.729],[108.114,33.713],[108.192,33.725],[108.307,33.763],[108.444,33.782],[108.56,33.765],[108.618,33.826],[108.756,33.839],[108.84,33.816],[108.922,33.869],[109.071,33.907],[109.185,33.874],[109.3,33.857],[109.442,33.844],[109.54,33.876],[109.563,33.961],[109.553,34.045],[109.659,34.105],[109.742,34.122],[109.822,34.156],[109.754,34.212]]],[[[109.174,33.809],[109.162,33.813],[109.147,33.799],[109.154,33.791],[109.174,33.809]]]]}},{"type":"Feature","properties":{"id":"610200","名称":"铜川市","所属省":"陕西"},"geometry":{"type":"MultiPolygon","coordinates":[[[[108.869,35.345],[108.798,35.306],[108.697,35.223],[108.655,35.178],[108.644,35.119],[108.609,35.068],[108.632,34.979],[108.689,34.881],[108.814,34.831],[108.899,34.824],[108.978,34.835],[109.034,34.901],[109.097,34.933],[109.144,34.992],[109.207,35.019],[109.274,35.1],[109.359,35.101],[109.444,35.089],[109.382,35.157],[109.309,35.216],[109.369,35.286],[109.412,35.323],[109.494,35.396],[109.459,35.455],[109.448,35.512],[109.342,35.523],[109.18,35.581],[109.033,35.53],[108.993,35.473],[108.923,35.363],[108.869,35.345]]]]}},{"type":"Feature","properties":{"id":"610300","名称":"宝鸡市","所属省":"陕西"},"geometry":{"type":"MultiPolygon","coordinates":[[[[108.028,34.228],[107.968,34.286],[107.996,34.333],[108.029,34.371],[108.012,34.458],[108.002,34.552],[108.016,34.695],[107.963,34.798],[107.858,34.844],[107.823,34.953],[107.779,34.965],[107.638,34.933],[107.62,34.965],[107.551,34.94],[107.475,34.919],[107.372,34.918],[107.283,34.912],[107.223,34.878],[107.162,34.944],[107.096,35.01],[107.031,35.029],[106.944,35.08],[106.838,35.08],[106.666,35.077],[106.543,35.085],[106.489,35.021],[106.51,34.925],[106.554,34.814],[106.54,34.746],[106.441,34.682],[106.449,34.636],[106.323,34.59],[106.334,34.518],[106.408,34.523],[106.536,34.493],[106.599,34.466],[106.662,34.382],[106.711,34.344],[106.664,34.243],[106.577,34.281],[106.513,34.239],[106.572,34.17],[106.505,34.056],[106.444,33.935],[106.493,33.846],[106.48,33.781],[106.576,33.632],[106.63,33.62],[106.706,33.677],[106.797,33.682],[106.839,33.827],[106.89,33.848],[107.028,33.795],[107.063,33.87],[107.112,33.813],[107.163,33.788],[107.231,33.767],[107.323,33.819],[107.305,33.767],[107.336,33.689],[107.468,33.661],[107.587,33.698],[107.696,33.724],[107.68,33.808],[107.718,33.91],[107.81,33.995],[107.916,33.986],[107.973,34.062],[108.011,34.161],[108.028,34.228]]]]}},{"type":"Feature","properties":{"id":"610400","名称":"咸阳市","所属省":"陕西"},"geometry":{"type":"MultiPolygon","coordinates":[[[[107.82,34.974],[107.858,34.863],[107.95,34.822],[108.015,34.726],[107.981,34.576],[108.018,34.479],[108.028,34.385],[108.009,34.317],[107.951,34.288],[107.99,34.222],[108.156,34.225],[108.293,34.21],[108.418,34.206],[108.53,34.232],[108.65,34.266],[108.745,34.277],[108.803,34.359],[108.913,34.406],[108.976,34.446],[108.998,34.576],[109.109,34.578],[109.168,34.666],[109.09,34.701],[109.031,34.728],[108.998,34.809],[108.899,34.824],[108.814,34.831],[108.689,34.881],[108.632,34.979],[108.609,35.068],[108.644,35.119],[108.655,35.178],[108.697,35.223],[108.798,35.306],[108.869,35.345],[108.808,35.393],[108.767,35.487],[108.69,35.505],[108.617,35.477],[108.611,35.356],[108.543,35.304],[108.402,35.278],[108.298,35.268],[108.194,35.307],[108.049,35.254],[107.938,35.267],[107.842,35.276],[107.746,35.312],[107.72,35.269],[107.67,35.214],[107.722,35.115],[107.828,35.022],[107.859,34.987],[107.82,34.974]]]]}},{"type":"Feature","properties":{"id":"610500","名称":"渭南市","所属省":"陕西"},"geometry":{"type":"MultiPolygon","coordinates":[[[[110.431,34.41],[110.361,34.517],[110.379,34.6],[110.237,34.67],[110.234,34.837],[110.262,34.944],[110.321,35.038],[110.365,35.14],[110.404,35.286],[110.513,35.483],[110.589,35.602],[110.592,35.682],[110.567,35.819],[110.487,35.828],[110.329,35.753],[110.222,35.721],[110.194,35.656],[110.257,35.598],[110.222,35.547],[110.184,35.469],[110.087,35.407],[109.984,35.41],[109.876,35.435],[109.814,35.443],[109.616,35.443],[109.496,35.357],[109.398,35.329],[109.319,35.274],[109.319,35.2],[109.433,35.167],[109.427,35.069],[109.339,35.093],[109.283,35.085],[109.213,35.004],[109.128,34.975],[109.096,34.919],[109.014,34.891],[108.974,34.822],[109.045,34.752],[109.069,34.713],[109.173,34.692],[109.28,34.697],[109.365,34.739],[109.431,34.688],[109.429,34.549],[109.391,34.468],[109.443,34.414],[109.451,34.327],[109.524,34.256],[109.669,34.239],[109.754,34.212],[109.802,34.224],[109.874,34.271],[109.949,34.219],[110.007,34.303],[110.007,34.369],[110.075,34.414],[110.194,34.415],[110.389,34.408],[110.431,34.41]]]]}},{"type":"Feature","properties":{"id":"610600","名称":"延安市","所属省":"陕西"},"geometry":{"type":"MultiPolygon","coordinates":[[[[110.549,35.854],[110.503,35.943],[110.5,36.008],[110.451,36.132],[110.474,36.248],[110.46,36.328],[110.473,36.453],[110.49,36.551],[110.422,36.662],[110.433,36.68],[110.421,36.721],[110.388,36.765],[110.423,36.819],[110.414,36.866],[110.416,36.934],[110.376,36.962],[110.295,36.966],[110.191,37.013],[110.066,37.011],[110.025,37.132],[109.982,37.179],[110.013,37.205],[109.988,37.27],[109.906,37.278],[109.798,37.266],[109.804,37.347],[109.735,37.401],[109.635,37.419],[109.509,37.482],[109.435,37.46],[109.35,37.38],[109.301,37.344],[109.231,37.329],[109.143,37.319],[109.057,37.285],[109.002,37.286],[108.921,37.238],[108.862,37.264],[108.862,37.18],[108.834,37.137],[108.773,37.113],[108.771,37.069],[108.804,37.024],[108.737,36.983],[108.621,37.026],[108.536,36.989],[108.51,37.023],[108.536,37.117],[108.515,37.231],[108.486,37.285],[108.419,37.407],[108.362,37.405],[108.237,37.34],[108.261,37.269],[108.26,37.217],[108.175,37.165],[108.115,37.15],[107.959,37.082],[107.887,37.132],[107.82,37.221],[107.771,37.23],[107.745,37.154],[107.692,37.124],[107.67,37.065],[107.695,36.997],[107.748,36.986],[107.723,36.92],[107.672,36.833],[107.82,36.777],[107.907,36.752],[107.974,36.666],[108.023,36.67],[108.062,36.593],[108.116,36.587],[108.182,36.59],[108.217,36.571],[108.287,36.553],[108.365,36.52],[108.419,36.449],[108.515,36.446],[108.594,36.431],[108.642,36.311],[108.703,36.161],[108.691,36.089],[108.656,35.953],[108.563,35.921],[108.528,35.824],[108.53,35.681],[108.568,35.586],[108.69,35.505],[108.767,35.487],[108.808,35.393],[108.869,35.345],[108.987,35.436],[109.014,35.509],[109.092,35.544],[109.244,35.524],[109.406,35.512],[109.468,35.484],[109.477,35.439],[109.513,35.386],[109.698,35.409],[109.822,35.43],[109.882,35.421],[109.997,35.435],[110.102,35.423],[110.206,35.486],[110.274,35.539],[110.235,35.617],[110.173,35.658],[110.233,35.715],[110.37,35.757],[110.51,35.846],[110.549,35.854]]]]}},{"type":"Feature","properties":{"id":"610700","名称":"汉中市","所属省":"陕西"},"geometry":{"type":"MultiPolygon","coordinates":[[[[108.054,33.71],[107.932,33.731],[107.763,33.72],[107.674,33.7],[107.563,33.703],[107.424,33.649],[107.306,33.71],[107.322,33.775],[107.299,33.793],[107.213,33.749],[107.145,33.794],[107.106,33.822],[107.045,33.874],[106.978,33.801],[106.889,33.861],[106.818,33.834],[106.789,33.678],[106.687,33.666],[106.618,33.592],[106.56,33.571],[106.478,33.519],[106.431,33.619],[106.303,33.604],[106.144,33.565],[106.111,33.592],[106.046,33.61],[105.98,33.612],[105.903,33.556],[105.838,33.411],[105.733,33.391],[105.748,33.299],[105.829,33.254],[105.967,33.2],[105.928,33.199],[105.923,33.148],[105.933,33.077],[105.917,32.994],[105.735,32.905],[105.591,32.877],[105.493,32.906],[105.556,32.792],[105.564,32.725],[105.649,32.719],[105.751,32.768],[105.823,32.77],[105.858,32.827],[105.995,32.828],[106.07,32.824],[106.073,32.764],[106.12,32.72],[106.174,32.698],[106.351,32.672],[106.451,32.64],[106.519,32.669],[106.663,32.691],[106.784,32.697],[106.873,32.726],[106.988,32.712],[107.06,32.686],[107.098,32.627],[107.105,32.517],[107.231,32.416],[107.314,32.49],[107.436,32.53],[107.462,32.441],[107.503,32.396],[107.636,32.406],[107.695,32.357],[107.836,32.223],[107.979,32.146],[108.035,32.221],[108.142,32.219],[108.137,32.318],[108.136,32.383],[108.176,32.428],[108.278,32.52],[108.188,32.608],[108.253,32.674],[108.231,32.73],[108.129,32.777],[108.103,32.85],[108.127,32.988],[108.09,33.093],[108.071,33.204],[108.022,33.258],[108.043,33.324],[108.093,33.401],[108.152,33.464],[108.066,33.541],[108.065,33.652],[108.054,33.71]]],[[[106.077,32.764],[106.073,32.764],[106.072,32.758],[106.076,32.759],[106.077,32.764]]]]}},{"type":"Feature","properties":{"id":"610800","名称":"榆林市","所属省":"陕西"},"geometry":{"type":"MultiPolygon","coordinates":[[[[110.419,36.974],[110.413,37.019],[110.426,37.041],[110.54,37.145],[110.69,37.287],[110.652,37.357],[110.745,37.451],[110.771,37.538],[110.793,37.651],[110.707,37.705],[110.756,37.755],[110.651,37.84],[110.522,37.955],[110.501,38.039],[110.511,38.147],[110.567,38.218],[110.639,38.305],[110.759,38.4],[110.841,38.44],[110.909,38.563],[110.896,38.658],[110.965,38.756],[111.01,38.842],[111.01,38.933],[111.038,39.02],[111.162,39.108],[111.213,39.257],[111.188,39.314],[111.162,39.336],[111.087,39.38],[111.054,39.43],[111.109,39.474],[111.155,39.569],[111.041,39.568],[110.959,39.519],[110.783,39.388],[110.703,39.274],[110.597,39.283],[110.499,39.361],[110.417,39.349],[110.341,39.342],[110.277,39.42],[110.153,39.454],[110.159,39.39],[110.193,39.281],[110.011,39.209],[109.869,39.25],[109.894,39.141],[109.86,39.124],[109.725,39.018],[109.665,38.982],[109.649,38.885],[109.489,38.813],[109.404,38.721],[109.367,38.631],[109.197,38.553],[109.093,38.453],[109.008,38.359],[108.977,38.249],[108.965,38.155],[109.051,38.055],[109.016,37.983],[108.936,37.922],[108.856,38.038],[108.825,37.983],[108.801,37.792],[108.778,37.684],[108.628,37.652],[108.477,37.674],[108.301,37.641],[108.194,37.638],[108.077,37.643],[108.024,37.699],[107.982,37.787],[107.843,37.829],[107.676,37.876],[107.621,37.776],[107.499,37.766],[107.431,37.684],[107.422,37.665],[107.325,37.606],[107.372,37.58],[107.284,37.441],[107.273,37.291],[107.27,37.229],[107.331,37.13],[107.269,37.099],[107.304,36.952],[107.371,36.905],[107.528,36.854],[107.639,36.819],[107.727,36.893],[107.724,36.986],[107.702,37.018],[107.66,37.059],[107.701,37.092],[107.734,37.137],[107.748,37.208],[107.821,37.243],[107.867,37.164],[107.942,37.082],[108.102,37.13],[108.174,37.196],[108.249,37.202],[108.282,37.262],[108.217,37.325],[108.343,37.374],[108.407,37.407],[108.439,37.314],[108.487,37.233],[108.548,37.164],[108.542,37.04],[108.517,37.003],[108.611,37.03],[108.688,36.997],[108.805,37.003],[108.783,37.051],[108.751,37.114],[108.82,37.14],[108.883,37.177],[108.869,37.242],[108.895,37.235],[108.985,37.267],[109.049,37.295],[109.118,37.322],[109.205,37.321],[109.283,37.346],[109.33,37.373],[109.417,37.447],[109.493,37.498],[109.576,37.438],[109.739,37.425],[109.784,37.343],[109.762,37.271],[109.879,37.271],[109.927,37.293],[110.03,37.245],[109.954,37.206],[110.014,37.146],[110.032,37.03],[110.171,36.989],[110.279,36.968],[110.362,36.944],[110.419,36.974]]]]}},{"type":"Feature","properties":{"id":"610900","名称":"安康市","所属省":"陕西"},"geometry":{"type":"MultiPolygon","coordinates":[[[[109.439,33.152],[109.295,33.174],[109.175,33.162],[108.989,33.177],[108.919,33.151],[108.807,33.245],[108.691,33.292],[108.57,33.319],[108.633,33.501],[108.725,33.531],[108.829,33.618],[108.826,33.649],[108.945,33.727],[108.847,33.778],[108.778,33.798],[108.698,33.828],[108.585,33.78],[108.484,33.804],[108.37,33.793],[108.259,33.755],[108.149,33.712],[108.074,33.723],[108.058,33.619],[108.061,33.52],[108.159,33.432],[108.104,33.392],[108.053,33.297],[108.049,33.238],[108.107,33.211],[108.095,33.072],[108.126,32.944],[108.113,32.82],[108.15,32.782],[108.241,32.716],[108.266,32.615],[108.212,32.601],[108.279,32.497],[108.156,32.44],[108.117,32.387],[108.167,32.292],[108.213,32.248],[108.288,32.249],[108.388,32.262],[108.472,32.271],[108.511,32.2],[108.734,32.106],[108.838,32.039],[108.955,31.979],[109.125,31.892],[109.214,31.817],[109.283,31.742],[109.415,31.71],[109.501,31.717],[109.593,31.752],[109.608,31.882],[109.631,31.962],[109.618,32.085],[109.604,32.199],[109.495,32.3],[109.506,32.395],[109.553,32.477],[109.637,32.541],[109.727,32.608],[109.881,32.592],[109.996,32.551],[110.085,32.613],[110.165,32.594],[110.162,32.716],[110.142,32.803],[110.051,32.852],[109.931,32.885],[109.848,32.893],[109.785,32.986],[109.688,33.117],[109.576,33.11],[109.439,33.152]]]]}},{"type":"Feature","properties":{"id":"611000","名称":"商洛市","所属省":"陕西"},"geometry":{"type":"MultiPolygon","coordinates":[[[[109.186,33.812],[109.147,33.799],[109.108,33.908],[108.944,33.867],[108.854,33.827],[108.903,33.781],[108.923,33.684],[108.799,33.655],[108.806,33.605],[108.693,33.535],[108.588,33.46],[108.584,33.298],[108.687,33.275],[108.817,33.226],[108.931,33.125],[109.005,33.169],[109.219,33.193],[109.313,33.168],[109.465,33.173],[109.55,33.242],[109.616,33.274],[109.701,33.241],[109.845,33.247],[110.04,33.191],[110.218,33.163],[110.362,33.182],[110.471,33.185],[110.578,33.251],[110.651,33.157],[110.718,33.117],[110.824,33.16],[110.922,33.204],[110.997,33.255],[111.026,33.33],[111.021,33.451],[111.026,33.479],[111.004,33.579],[110.858,33.658],[110.817,33.737],[110.726,33.808],[110.645,33.845],[110.591,33.9],[110.671,33.966],[110.624,34.034],[110.595,34.065],[110.622,34.177],[110.551,34.213],[110.442,34.254],[110.475,34.324],[110.474,34.393],[110.389,34.408],[110.194,34.415],[110.075,34.414],[110.007,34.369],[110.007,34.303],[109.949,34.219],[109.874,34.271],[109.802,34.224],[109.754,34.212],[109.822,34.156],[109.742,34.122],[109.659,34.105],[109.553,34.045],[109.563,33.961],[109.54,33.876],[109.442,33.844],[109.3,33.857],[109.186,33.812]]],[[[109.186,33.812],[109.207,33.867],[109.185,33.874],[109.164,33.871],[109.162,33.813],[109.174,33.809],[109.178,33.809],[109.186,33.812]]],[[[111.026,33.479],[111.022,33.477],[111.021,33.471],[111.027,33.468],[111.026,33.479]]]]}},{"type":"Feature","properties":{"id":"620100","名称":"兰州市","所属省":"甘肃"},"geometry":{"type":"MultiPolygon","coordinates":[[[[103.565,36.974],[103.45,36.982],[103.317,36.987],[103.349,36.927],[103.442,36.95],[103.501,36.895],[103.473,36.874],[103.378,36.853],[103.313,36.907],[103.276,36.954],[103.201,36.93],[103.074,36.945],[102.955,36.929],[102.902,36.865],[102.81,36.841],[102.833,36.762],[102.757,36.718],[102.689,36.684],[102.731,36.762],[102.613,36.739],[102.666,36.634],[102.765,36.575],[102.777,36.517],[102.767,36.465],[102.826,36.406],[102.847,36.356],[102.897,36.332],[102.992,36.264],[103.071,36.207],[103.156,36.19],[103.23,36.168],[103.298,36.145],[103.397,36.129],[103.476,36.111],[103.539,36.105],[103.622,36.026],[103.617,35.959],[103.703,35.927],[103.78,35.848],[103.838,35.816],[103.901,35.775],[103.981,35.736],[104.053,35.686],[104.111,35.638],[104.203,35.614],[104.29,35.59],[104.318,35.668],[104.37,35.767],[104.421,35.865],[104.426,35.916],[104.501,36.02],[104.538,36.084],[104.569,36.139],[104.543,36.238],[104.502,36.316],[104.49,36.443],[104.349,36.376],[104.259,36.362],[104.184,36.342],[104.13,36.251],[104.111,36.327],[104.043,36.457],[104.022,36.521],[103.974,36.584],[103.925,36.656],[103.897,36.716],[103.921,36.767],[103.86,36.804],[103.79,36.83],[103.796,36.804],[103.712,36.784],[103.605,36.847],[103.548,36.95],[103.565,36.974]]],[[[102.832,36.365],[102.83,36.365],[102.836,36.345],[102.839,36.346],[102.832,36.365]]]]}},{"type":"Feature","properties":{"id":"620200","名称":"嘉峪关市","所属省":"甘肃"},"geometry":{"type":"MultiPolygon","coordinates":[[[[97.862,39.715],[97.969,39.663],[98.188,39.726],[98.281,39.691],[98.382,39.664],[98.361,39.756],[98.485,39.864],[98.497,39.95],[98.392,39.966],[98.162,39.972],[98.025,39.947],[97.984,39.883],[97.862,39.715]]]]}},{"type":"Feature","properties":{"id":"620300","名称":"金昌市","所属省":"甘肃"},"geometry":{"type":"MultiPolygon","coordinates":[[[[102.072,38.893],[101.942,38.809],[101.731,38.675],[101.591,38.642],[101.538,38.525],[101.504,38.464],[101.447,38.389],[101.356,38.365],[101.404,38.284],[101.478,38.207],[101.404,38.102],[101.481,38.056],[101.637,38.072],[101.74,38.096],[101.855,38.099],[101.987,38.096],[102.04,38.03],[102.162,38.062],[102.218,38.089],[102.305,38.135],[102.41,38.116],[102.52,38.17],[102.612,38.173],[102.707,38.187],[102.687,38.289],[102.701,38.411],[102.536,38.5],[102.447,38.632],[102.44,38.809],[102.376,38.926],[102.145,38.94],[102.072,38.893]]]]}},{"type":"Feature","properties":{"id":"620400","名称":"白银市","所属省":"甘肃"},"geometry":{"type":"MultiPolygon","coordinates":[[[[105.486,35.726],[105.432,35.788],[105.375,35.804],[105.391,35.867],[105.34,35.909],[105.342,36.006],[105.391,36.075],[105.515,36.147],[105.466,36.252],[105.454,36.323],[105.402,36.385],[105.371,36.462],[105.281,36.523],[105.261,36.603],[105.225,36.664],[105.24,36.741],[105.341,36.765],[105.279,36.853],[105.208,36.898],[105.186,36.942],[105.076,37.013],[105.004,37.035],[104.915,37.098],[104.866,37.171],[104.775,37.247],[104.626,37.206],[104.632,37.299],[104.715,37.33],[104.661,37.377],[104.544,37.423],[104.438,37.446],[104.298,37.414],[104.083,37.469],[103.791,37.586],[103.773,37.474],[103.733,37.395],[103.776,37.33],[103.743,37.284],[103.693,37.238],[103.622,37.126],[103.591,37.069],[103.579,36.986],[103.592,36.882],[103.669,36.813],[103.741,36.799],[103.758,36.844],[103.826,36.798],[103.891,36.788],[103.941,36.749],[103.915,36.693],[103.961,36.626],[104.029,36.554],[104.041,36.481],[104.095,36.372],[104.126,36.298],[104.163,36.305],[104.218,36.35],[104.314,36.364],[104.429,36.387],[104.51,36.373],[104.522,36.262],[104.531,36.168],[104.567,36.112],[104.523,36.044],[104.562,36.028],[104.663,36.041],[104.647,35.996],[104.738,35.932],[104.807,35.866],[104.884,35.793],[104.986,35.7],[104.953,35.548],[104.967,35.49],[105.044,35.449],[105.118,35.44],[105.272,35.475],[105.356,35.496],[105.414,35.527],[105.476,35.6],[105.486,35.726]]]]}},{"type":"Feature","properties":{"id":"620500","名称":"天水市","所属省":"甘肃"},"geometry":{"type":"MultiPolygon","coordinates":[[[[106.489,35.021],[106.382,35.059],[106.33,35.113],[106.212,35.152],[106.148,35.145],[106.019,35.09],[105.961,35.097],[105.888,35.052],[105.784,35.063],[105.725,35.027],[105.636,35.12],[105.558,35.182],[105.56,35.128],[105.485,35.093],[105.397,35.09],[105.337,35.049],[105.29,35.007],[105.26,34.98],[105.194,34.955],[105.058,34.982],[105.008,34.929],[104.934,34.936],[104.896,34.862],[104.758,34.862],[104.658,34.872],[104.584,34.787],[104.577,34.721],[104.596,34.654],[104.691,34.618],[104.739,34.556],[104.793,34.482],[104.918,34.439],[105.039,34.423],[105.128,34.508],[105.244,34.528],[105.291,34.439],[105.351,34.431],[105.492,34.352],[105.558,34.307],[105.555,34.258],[105.563,34.137],[105.597,34.106],[105.652,34.119],[105.723,34.174],[105.782,34.12],[105.903,34.119],[106.041,34.159],[106.117,34.111],[106.23,34.118],[106.277,34.191],[106.33,34.203],[106.363,34.101],[106.475,34.18],[106.526,34.292],[106.634,34.26],[106.705,34.309],[106.697,34.371],[106.622,34.42],[106.568,34.475],[106.454,34.531],[106.366,34.512],[106.314,34.579],[106.415,34.638],[106.471,34.654],[106.487,34.715],[106.575,34.77],[106.556,34.861],[106.483,34.98],[106.489,35.021]]]]}},{"type":"Feature","properties":{"id":"620600","名称":"武威市","所属省":"甘肃"},"geometry":{"type":"MultiPolygon","coordinates":[[[[103.565,36.974],[103.581,37.048],[103.634,37.113],[103.676,37.21],[103.723,37.261],[103.765,37.302],[103.736,37.378],[103.764,37.446],[103.763,37.542],[103.683,37.778],[103.385,37.947],[103.369,38.089],[103.508,38.281],[103.86,38.645],[104.109,38.917],[104.207,39.084],[104.091,39.419],[103.824,39.456],[103.474,39.359],[103.258,39.263],[103.051,39.13],[102.766,39.145],[102.454,39.255],[102.073,39.147],[101.926,39.001],[102.072,38.893],[102.145,38.94],[102.376,38.926],[102.44,38.809],[102.447,38.632],[102.536,38.5],[102.701,38.411],[102.687,38.289],[102.707,38.187],[102.612,38.173],[102.52,38.17],[102.41,38.116],[102.305,38.135],[102.218,38.089],[102.162,38.062],[102.097,38.032],[102.169,38.005],[102.031,37.942],[102.117,37.918],[102.168,37.844],[102.151,37.788],[102.079,37.694],[102.07,37.601],[102.107,37.564],[102.103,37.493],[102.197,37.421],[102.299,37.37],[102.428,37.308],[102.48,37.241],[102.601,37.174],[102.584,37.105],[102.489,37.079],[102.467,36.989],[102.499,36.956],[102.561,36.919],[102.658,36.824],[102.715,36.746],[102.731,36.673],[102.778,36.762],[102.843,36.775],[102.844,36.845],[102.903,36.879],[102.976,36.948],[103.129,36.952],[103.206,36.941],[103.248,36.917],[103.348,36.916],[103.399,36.826],[103.518,36.85],[103.5,36.913],[103.408,36.923],[103.348,36.958],[103.359,36.997],[103.484,36.967],[103.565,36.974]]]]}},{"type":"Feature","properties":{"id":"620700","名称":"张掖市","所属省":"甘肃"},"geometry":{"type":"MultiPolygon","coordinates":[[[[102.035,37.628],[102.079,37.71],[102.16,37.82],[102.151,37.851],[102.088,37.92],[102.091,37.956],[102.132,38.005],[102.095,38.035],[102.004,38.095],[101.886,38.103],[101.767,38.079],[101.651,38.09],[101.516,38.061],[101.386,38.071],[101.463,38.202],[101.417,38.274],[101.338,38.37],[101.424,38.395],[101.53,38.462],[101.547,38.499],[101.564,38.608],[101.562,38.713],[101.317,38.784],[101.334,38.849],[101.199,38.943],[100.969,38.997],[100.875,39.002],[100.864,39.107],[100.842,39.406],[100.57,39.395],[100.326,39.509],[100.128,39.702],[99.822,39.86],[99.456,39.877],[99.23,39.852],[99.114,39.835],[98.987,39.833],[98.881,39.666],[98.872,39.594],[99.025,39.63],[99.073,39.555],[99.183,39.475],[99.305,39.333],[99.199,39.276],[99.179,39.182],[99.081,39.268],[98.985,39.313],[98.881,39.33],[98.753,39.39],[98.612,39.444],[98.526,39.468],[98.434,39.578],[98.362,39.543],[98.336,39.667],[98.246,39.719],[98.158,39.697],[97.856,39.71],[97.677,39.679],[97.57,39.564],[97.481,39.406],[97.397,39.318],[97.433,39.126],[97.581,39.052],[97.69,38.976],[97.793,38.943],[97.955,38.874],[98.051,38.819],[98.152,38.82],[98.25,38.912],[98.281,39.027],[98.401,39.002],[98.526,38.956],[98.598,38.948],[98.663,38.995],[98.744,39.087],[98.857,39.047],[98.984,38.985],[99.066,38.963],[99.111,38.868],[99.258,38.782],[99.412,38.666],[99.496,38.613],[99.549,38.534],[99.66,38.449],[99.758,38.41],[99.96,38.321],[100.099,38.27],[100.183,38.222],[100.165,38.328],[100.092,38.408],[100.026,38.451],[100.09,38.492],[100.165,38.461],[100.274,38.379],[100.36,38.308],[100.435,38.301],[100.496,38.274],[100.595,38.242],[100.715,38.254],[100.81,38.181],[100.912,38.179],[100.923,38.086],[100.895,38.014],[100.998,37.988],[101.103,37.947],[101.151,37.878],[101.258,37.833],[101.377,37.801],[101.483,37.854],[101.619,37.81],[101.792,37.696],[101.872,37.686],[102.034,37.688],[102.035,37.628]]]]}},{"type":"Feature","properties":{"id":"620800","名称":"平凉市","所属省":"甘肃"},"geometry":{"type":"MultiPolygon","coordinates":[[[[106.083,35.422],[106.072,35.464],[106.004,35.439],[105.89,35.439],[106.049,35.489],[105.913,35.54],[105.847,35.49],[105.798,35.566],[105.759,35.634],[105.723,35.673],[105.728,35.7],[105.708,35.738],[105.57,35.716],[105.53,35.727],[105.457,35.689],[105.452,35.551],[105.415,35.498],[105.384,35.459],[105.428,35.38],[105.478,35.388],[105.533,35.312],[105.574,35.208],[105.639,35.173],[105.646,35.104],[105.739,35.048],[105.803,35.074],[105.899,35.063],[105.992,35.121],[106.064,35.124],[106.158,35.121],[106.275,35.172],[106.366,35.133],[106.406,35.035],[106.504,35.034],[106.576,35.089],[106.715,35.106],[106.901,35.095],[106.991,35.069],[107.048,35.028],[107.12,34.95],[107.201,34.882],[107.262,34.907],[107.35,34.934],[107.456,34.917],[107.538,34.932],[107.606,34.959],[107.64,34.919],[107.742,34.953],[107.842,34.979],[107.828,35.022],[107.723,35.115],[107.67,35.214],[107.72,35.269],[107.746,35.312],[107.722,35.353],[107.678,35.435],[107.618,35.462],[107.593,35.467],[107.504,35.48],[107.452,35.485],[107.352,35.491],[107.257,35.5],[107.171,35.474],[107.056,35.465],[106.926,35.579],[106.755,35.691],[106.633,35.715],[106.598,35.728],[106.504,35.736],[106.449,35.694],[106.454,35.629],[106.455,35.538],[106.49,35.48],[106.496,35.376],[106.472,35.311],[106.368,35.273],[106.319,35.267],[106.262,35.33],[106.192,35.412],[106.124,35.373],[106.083,35.422]]],[[[106.048,35.498],[106.049,35.489],[106.054,35.455],[106.072,35.464],[106.069,35.489],[106.1,35.5],[106.079,35.51],[106.048,35.498]]],[[[106.073,35.447],[106.068,35.436],[106.073,35.421],[106.083,35.422],[106.073,35.447]]],[[[106.504,35.736],[106.506,35.737],[106.493,35.733],[106.498,35.733],[106.504,35.736]]]]}},{"type":"Feature","properties":{"id":"620900","名称":"酒泉市","所属省":"甘肃"},"geometry":{"type":"MultiPolygon","coordinates":[[[[99.456,39.877],[99.525,39.888],[99.751,40.007],[99.956,40.151],[100.243,40.619],[100.057,40.908],[99.566,40.847],[99.126,40.715],[98.791,40.705],[98.803,40.608],[98.669,40.773],[98.333,40.919],[98.142,41.002],[97.635,41.452],[97.847,41.657],[97.248,42.669],[96.857,42.755],[96.386,42.728],[96.168,42.632],[96.024,42.542],[96.042,42.353],[96.139,42.054],[96.01,41.911],[95.802,41.848],[95.611,41.805],[95.51,41.756],[95.3,41.566],[95.2,41.719],[95.011,41.726],[94.75,41.538],[94.011,41.115],[93.761,40.665],[92.907,40.311],[92.688,39.657],[92.379,39.258],[92.346,39.142],[92.375,39.058],[92.459,39.043],[92.546,39.111],[92.715,39.127],[92.867,39.139],[92.969,39.149],[93.142,39.161],[93.175,39.069],[93.207,38.916],[93.332,38.904],[93.834,38.868],[93.756,38.808],[93.951,38.715],[94.37,38.763],[94.53,38.361],[94.637,38.381],[94.812,38.386],[94.974,38.43],[95.045,38.419],[95.169,38.388],[95.23,38.331],[95.362,38.313],[95.441,38.311],[95.516,38.295],[95.608,38.339],[95.674,38.391],[95.776,38.356],[95.856,38.284],[95.97,38.227],[96.065,38.173],[96.155,38.174],[96.252,38.167],[96.336,38.246],[96.525,38.262],[96.639,38.308],[96.68,38.412],[96.68,38.499],[96.795,38.51],[96.805,38.571],[96.899,38.581],[97.047,38.654],[97.009,38.703],[96.988,38.793],[96.966,38.887],[96.949,38.992],[96.97,39.098],[96.963,39.198],[97.141,39.2],[97.342,39.168],[97.426,39.174],[97.429,39.347],[97.48,39.473],[97.585,39.603],[97.7,39.697],[97.858,39.712],[97.974,39.781],[97.991,39.892],[98.066,39.954],[98.297,39.963],[98.421,39.955],[98.497,39.916],[98.491,39.841],[98.407,39.731],[98.371,39.654],[98.397,39.535],[98.55,39.51],[98.553,39.47],[98.66,39.437],[98.8,39.36],[98.902,39.316],[99.024,39.3],[99.121,39.261],[99.176,39.172],[99.207,39.284],[99.308,39.358],[99.135,39.504],[99.056,39.588],[98.978,39.62],[98.816,39.592],[98.95,39.665],[99.027,39.854],[99.141,39.801],[99.248,39.838],[99.456,39.877]]],[[[97.862,39.715],[97.86,39.717],[97.856,39.713],[97.858,39.712],[97.862,39.715]]]]}},{"type":"Feature","properties":{"id":"621000","名称":"庆阳市","所属省":"甘肃"},"geometry":{"type":"MultiPolygon","coordinates":[[[[106.755,35.691],[106.926,35.579],[107.056,35.465],[107.171,35.474],[107.257,35.5],[107.352,35.491],[107.452,35.485],[107.504,35.48],[107.593,35.467],[107.618,35.462],[107.678,35.435],[107.722,35.353],[107.746,35.312],[107.869,35.256],[107.961,35.261],[108.095,35.28],[108.233,35.286],[108.298,35.268],[108.403,35.278],[108.543,35.304],[108.611,35.356],[108.606,35.503],[108.564,35.598],[108.517,35.716],[108.528,35.824],[108.519,35.906],[108.634,35.945],[108.683,36.055],[108.712,36.139],[108.655,36.274],[108.619,36.434],[108.511,36.474],[108.459,36.424],[108.392,36.505],[108.311,36.561],[108.246,36.571],[108.198,36.63],[108.139,36.577],[108.081,36.615],[108.022,36.647],[107.986,36.652],[107.933,36.711],[107.867,36.767],[107.745,36.811],[107.603,36.826],[107.534,36.867],[107.333,36.926],[107.287,36.992],[107.269,37.099],[107.18,37.144],[107.062,37.124],[106.961,37.114],[106.913,37.132],[106.859,37.114],[106.757,37.102],[106.688,37.13],[106.617,37.135],[106.652,37.034],[106.643,36.963],[106.58,36.935],[106.549,36.943],[106.609,36.878],[106.642,36.854],[106.639,36.772],[106.595,36.75],[106.514,36.716],[106.491,36.629],[106.471,36.581],[106.397,36.574],[106.402,36.546],[106.495,36.494],[106.505,36.415],[106.527,36.39],[106.497,36.314],[106.471,36.306],[106.556,36.261],[106.606,36.296],[106.699,36.243],[106.795,36.223],[106.841,36.206],[106.912,36.154],[106.926,36.116],[106.959,36.075],[106.929,36.011],[106.892,35.966],[106.945,35.94],[106.886,35.917],[106.9,35.827],[106.898,35.809],[106.885,35.772],[106.818,35.739],[106.753,35.726],[106.755,35.691]]]]}},{"type":"Feature","properties":{"id":"621100","名称":"定西市","所属省":"甘肃"},"geometry":{"type":"MultiPolygon","coordinates":[[[[105.638,35.139],[105.615,35.216],[105.549,35.284],[105.507,35.359],[105.456,35.345],[105.404,35.407],[105.32,35.483],[105.175,35.442],[105.084,35.419],[104.997,35.471],[104.933,35.513],[104.967,35.608],[104.937,35.738],[104.866,35.832],[104.769,35.888],[104.709,35.95],[104.676,36.023],[104.619,36.045],[104.501,36.02],[104.426,35.916],[104.421,35.865],[104.37,35.767],[104.318,35.668],[104.29,35.59],[104.203,35.614],[104.111,35.638],[104.053,35.686],[103.981,35.736],[103.901,35.775],[103.838,35.816],[103.78,35.848],[103.703,35.927],[103.596,35.91],[103.499,35.927],[103.548,35.803],[103.621,35.754],[103.785,35.599],[103.833,35.507],[103.823,35.445],[103.781,35.388],[103.7,35.239],[103.716,35.133],[103.738,35.065],[103.785,35.003],[103.911,34.969],[103.984,34.938],[104.027,34.893],[103.999,34.788],[103.964,34.729],[103.833,34.717],[103.835,34.605],[103.769,34.523],[103.811,34.425],[103.698,34.315],[103.773,34.273],[103.88,34.267],[104.029,34.127],[104.153,34.193],[104.116,34.323],[104.27,34.349],[104.367,34.337],[104.445,34.271],[104.511,34.208],[104.571,34.202],[104.72,34.253],[104.814,34.255],[104.853,34.321],[104.896,34.378],[104.984,34.406],[104.886,34.423],[104.783,34.487],[104.716,34.541],[104.686,34.629],[104.602,34.679],[104.592,34.726],[104.597,34.804],[104.697,34.86],[104.794,34.869],[104.91,34.904],[104.971,34.953],[105.035,34.925],[105.093,34.969],[105.193,34.938],[105.25,35.01],[105.299,35.02],[105.355,35.048],[105.411,35.079],[105.506,35.086],[105.536,35.139],[105.572,35.181],[105.638,35.139]]]]}},{"type":"Feature","properties":{"id":"621200","名称":"陇南市","所属省":"甘肃"},"geometry":{"type":"MultiPolygon","coordinates":[[[[106.494,34.242],[106.454,34.136],[106.327,34.141],[106.282,34.225],[106.245,34.153],[106.149,34.124],[106.082,34.125],[105.972,34.146],[105.861,34.153],[105.771,34.164],[105.705,34.162],[105.615,34.081],[105.564,34.086],[105.555,34.197],[105.527,34.285],[105.523,34.305],[105.408,34.421],[105.312,34.431],[105.254,34.5],[105.206,34.519],[105.084,34.461],[104.989,34.426],[104.938,34.386],[104.855,34.343],[104.822,34.276],[104.741,34.233],[104.624,34.235],[104.528,34.191],[104.435,34.259],[104.406,34.339],[104.287,34.376],[104.149,34.339],[104.166,34.21],[104.06,34.152],[104.064,34.044],[104.331,33.868],[104.446,33.807],[104.529,33.741],[104.514,33.659],[104.521,33.612],[104.581,33.576],[104.605,33.503],[104.715,33.416],[104.73,33.329],[104.661,33.296],[104.568,33.221],[104.501,33.341],[104.394,33.311],[104.336,33.314],[104.351,33.159],[104.338,33.038],[104.426,33.011],[104.306,32.952],[104.294,32.836],[104.448,32.762],[104.555,32.734],[104.642,32.663],[104.766,32.645],[104.874,32.623],[105.015,32.64],[105.111,32.594],[105.241,32.669],[105.341,32.68],[105.447,32.732],[105.413,32.812],[105.408,32.886],[105.499,32.912],[105.591,32.877],[105.736,32.905],[105.917,32.994],[105.933,33.077],[105.924,33.148],[105.928,33.199],[105.963,33.208],[105.793,33.263],[105.755,33.329],[105.743,33.385],[105.831,33.456],[105.903,33.556],[105.98,33.612],[106.046,33.61],[106.109,33.57],[106.237,33.564],[106.352,33.587],[106.453,33.592],[106.541,33.513],[106.582,33.61],[106.488,33.758],[106.491,33.834],[106.411,33.909],[106.472,34.024],[106.585,34.149],[106.513,34.239],[106.494,34.242]]]]}},{"type":"Feature","properties":{"id":"622900","名称":"临夏回族自治州","所属省":"甘肃"},"geometry":{"type":"MultiPolygon","coordinates":[[[[102.742,35.495],[102.871,35.409],[102.949,35.407],[102.971,35.253],[103.06,35.273],[103.165,35.227],[103.298,35.183],[103.489,35.133],[103.625,35.094],[103.708,35.04],[103.692,34.987],[103.687,34.955],[103.757,34.927],[103.835,34.978],[103.758,35.028],[103.735,35.1],[103.692,35.196],[103.74,35.313],[103.812,35.423],[103.854,35.477],[103.811,35.534],[103.695,35.673],[103.592,35.781],[103.471,35.882],[103.542,35.944],[103.617,35.959],[103.622,36.026],[103.539,36.105],[103.476,36.111],[103.397,36.129],[103.298,36.145],[103.23,36.168],[103.156,36.19],[103.071,36.207],[102.966,36.152],[102.884,36.089],[102.969,36.044],[102.942,35.928],[102.942,35.83],[102.848,35.855],[102.715,35.816],[102.727,35.691],[102.78,35.588],[102.746,35.545],[102.742,35.495]]]]}},{"type":"Feature","properties":{"id":"623000","名称":"甘南藏族自治州","所属省":"甘肃"},"geometry":{"type":"MultiPolygon","coordinates":[[[[104.029,34.127],[103.88,34.267],[103.773,34.273],[103.698,34.315],[103.811,34.425],[103.769,34.523],[103.835,34.605],[103.833,34.717],[103.964,34.729],[103.999,34.788],[104.027,34.893],[103.984,34.938],[103.911,34.969],[103.834,34.915],[103.686,34.908],[103.733,34.978],[103.701,35.006],[103.677,35.052],[103.536,35.141],[103.408,35.143],[103.262,35.237],[103.099,35.246],[102.99,35.283],[102.952,35.304],[102.908,35.426],[102.82,35.461],[102.635,35.534],[102.514,35.569],[102.463,35.508],[102.448,35.437],[102.282,35.385],[102.312,35.314],[102.335,35.283],[102.403,35.178],[102.313,35.131],[102.252,35.049],[102.157,35.011],[102.062,34.943],[101.986,34.9],[101.933,34.846],[101.917,34.706],[101.935,34.587],[102.041,34.535],[102.14,34.504],[102.191,34.439],[102.221,34.339],[102.151,34.292],[102.068,34.294],[102.014,34.218],[101.965,34.167],[101.873,34.133],[101.764,34.123],[101.711,34.087],[101.643,34.139],[101.6,34.179],[101.493,34.196],[101.323,34.247],[101.266,34.293],[101.169,34.319],[101.055,34.323],[100.975,34.37],[100.868,34.333],[100.81,34.247],[100.839,34.114],[100.879,34.039],[100.928,33.975],[101.023,33.896],[101.15,33.829],[101.189,33.745],[101.167,33.66],[101.303,33.658],[101.427,33.678],[101.558,33.67],[101.617,33.599],[101.635,33.492],[101.736,33.496],[101.806,33.548],[101.882,33.579],[101.929,33.47],[101.914,33.406],[101.858,33.312],[101.77,33.269],[101.83,33.214],[101.866,33.103],[101.957,33.187],[102.09,33.205],[102.144,33.274],[102.218,33.248],[102.22,33.351],[102.275,33.409],[102.37,33.394],[102.434,33.439],[102.46,33.509],[102.455,33.555],[102.345,33.607],[102.342,33.721],[102.288,33.733],[102.244,33.787],[102.234,33.87],[102.198,33.978],[102.258,33.976],[102.313,33.974],[102.418,34.042],[102.557,34.092],[102.66,34.085],[102.625,34.167],[102.701,34.197],[102.798,34.273],[102.912,34.313],[102.977,34.198],[103.072,34.185],[103.122,34.113],[103.17,34.066],[103.157,33.999],[103.134,33.93],[103.161,33.807],[103.285,33.802],[103.432,33.751],[103.54,33.767],[103.52,33.679],[103.644,33.709],[103.667,33.699],[103.8,33.67],[104.013,33.683],[104.18,33.576],[104.181,33.473],[104.25,33.407],[104.368,33.345],[104.501,33.341],[104.568,33.221],[104.661,33.296],[104.73,33.329],[104.715,33.416],[104.605,33.503],[104.581,33.576],[104.521,33.612],[104.514,33.659],[104.529,33.741],[104.446,33.807],[104.331,33.868],[104.064,34.044],[104.029,34.127]]]]}},{"type":"Feature","properties":{"id":"630100","名称":"西宁市","所属省":"青海"},"geometry":{"type":"MultiPolygon","coordinates":[[[[100.917,36.741],[100.949,36.663],[101.014,36.536],[101.075,36.483],[101.141,36.384],[101.275,36.306],[101.358,36.38],[101.456,36.353],[101.603,36.282],[101.668,36.231],[101.741,36.299],[101.864,36.382],[101.869,36.471],[101.912,36.573],[101.802,36.672],[101.78,36.732],[101.804,36.821],[101.848,36.967],[101.885,37.047],[101.915,37.148],[101.811,37.203],[101.742,37.248],[101.612,37.265],[101.532,37.298],[101.396,37.351],[101.285,37.384],[101.175,37.375],[101.092,37.385],[100.964,37.45],[100.907,37.429],[100.869,37.353],[100.932,37.276],[101.007,37.249],[101.153,37.175],[101.225,37.109],[101.275,37.021],[101.291,36.902],[101.18,36.887],[101.089,36.804],[100.918,36.772],[100.917,36.741]]]]}},{"type":"Feature","properties":{"id":"630200","名称":"海东市","所属省":"青海"},"geometry":{"type":"MultiPolygon","coordinates":[[[[102.451,35.448],[102.466,35.502],[102.513,35.569],[102.587,35.542],[102.774,35.534],[102.809,35.56],[102.765,35.653],[102.686,35.772],[102.774,35.858],[102.853,35.847],[102.945,35.83],[102.972,35.995],[102.918,36.066],[102.941,36.105],[103.019,36.205],[103.021,36.233],[102.924,36.298],[102.831,36.355],[102.81,36.408],[102.789,36.482],[102.753,36.526],[102.715,36.6],[102.609,36.678],[102.692,36.775],[102.668,36.825],[102.562,36.901],[102.501,36.943],[102.467,36.977],[102.499,37.058],[102.272,37.088],[102.065,37.084],[101.915,37.148],[101.885,37.047],[101.848,36.967],[101.804,36.821],[101.78,36.732],[101.802,36.672],[101.912,36.573],[101.869,36.471],[101.864,36.382],[101.741,36.299],[101.668,36.231],[101.727,36.167],[101.77,36.157],[101.851,36.124],[101.896,36.075],[101.956,36.026],[102.041,35.954],[102.078,35.909],[102.078,35.861],[102.103,35.789],[102.171,35.729],[102.198,35.71],[102.269,35.624],[102.388,35.562],[102.423,35.491],[102.451,35.448]]],[[[102.839,36.346],[102.848,36.356],[102.832,36.367],[102.839,36.346]]]]}},{"type":"Feature","properties":{"id":"632200","名称":"海北藏族自治州","所属省":"青海"},"geometry":{"type":"MultiPolygon","coordinates":[[[[101.915,37.148],[102.065,37.084],[102.272,37.088],[102.498,37.09],[102.637,37.122],[102.533,37.217],[102.453,37.272],[102.368,37.328],[102.271,37.393],[102.125,37.486],[102.118,37.532],[102.09,37.579],[102.047,37.654],[101.999,37.725],[101.854,37.665],[101.659,37.733],[101.598,37.828],[101.443,37.868],[101.362,37.791],[101.239,37.843],[101.131,37.914],[101.034,37.977],[100.964,38.011],[100.887,38.05],[100.925,38.149],[100.844,38.149],[100.78,38.214],[100.674,38.256],[100.547,38.247],[100.46,38.266],[100.397,38.293],[100.332,38.342],[100.205,38.456],[100.112,38.497],[100.001,38.467],[100.092,38.408],[100.164,38.328],[100.183,38.222],[100.095,38.263],[99.999,38.316],[99.831,38.369],[99.679,38.437],[99.557,38.52],[99.514,38.598],[99.426,38.647],[99.291,38.766],[99.141,38.853],[99.109,38.946],[98.993,38.977],[98.887,39.039],[98.744,39.087],[98.663,38.995],[98.598,38.948],[98.526,38.956],[98.401,39.002],[98.281,39.027],[98.252,38.908],[98.152,38.82],[98.129,38.757],[98.183,38.668],[98.296,38.663],[98.509,38.586],[98.638,38.522],[98.736,38.485],[98.948,38.444],[98.955,38.39],[98.939,38.325],[99.003,38.279],[99.123,38.273],[99.213,38.316],[99.25,38.302],[99.402,38.257],[99.524,38.209],[99.595,38.163],[99.684,38.071],[99.524,38.035],[99.381,38.007],[99.375,37.924],[99.478,37.846],[99.6,37.837],[99.65,37.757],[99.686,37.667],[99.541,37.597],[99.473,37.46],[99.418,37.331],[99.437,37.216],[99.513,37.144],[99.631,37.086],[99.743,37.016],[99.84,36.967],[100.537,36.815],[100.801,36.757],[100.918,36.772],[101.089,36.804],[101.18,36.887],[101.291,36.902],[101.275,37.021],[101.225,37.109],[101.153,37.175],[101.007,37.249],[100.932,37.276],[100.869,37.353],[100.907,37.429],[100.964,37.45],[101.092,37.385],[101.175,37.375],[101.285,37.384],[101.396,37.351],[101.532,37.298],[101.612,37.265],[101.742,37.248],[101.811,37.203],[101.915,37.148]]]]}},{"type":"Feature","properties":{"id":"632300","名称":"黄南藏族自治州","所属省":"青海"},"geometry":{"type":"MultiPolygon","coordinates":[[[[100.951,34.384],[101.051,34.337],[101.156,34.33],[101.229,34.298],[101.323,34.248],[101.493,34.196],[101.558,34.191],[101.628,34.166],[101.696,34.12],[101.736,34.08],[101.838,34.125],[101.955,34.11],[102.018,34.19],[102.061,34.279],[102.148,34.271],[102.186,34.353],[102.225,34.383],[102.172,34.476],[102.107,34.522],[101.974,34.549],[101.918,34.667],[101.927,34.803],[101.986,34.9],[102.062,34.943],[102.132,35.015],[102.056,35.099],[102.052,35.184],[101.998,35.257],[101.916,35.307],[101.869,35.252],[101.753,35.222],[101.507,35.217],[101.397,35.239],[101.359,35.173],[101.329,35.278],[101.368,35.338],[101.184,35.392],[101.1,35.406],[100.914,35.417],[100.712,35.423],[100.728,35.357],[100.85,35.325],[100.781,35.181],[100.714,35.133],[100.739,35.044],[100.919,34.982],[101.038,34.916],[101.132,34.883],[101.087,34.801],[101.066,34.715],[100.96,34.664],[100.91,34.626],[100.97,34.542],[100.963,34.422],[100.951,34.384]]],[[[101.55,35.258],[101.795,35.254],[101.884,35.303],[101.991,35.301],[102.025,35.225],[102.023,35.148],[102.101,35.064],[102.175,35.032],[102.28,35.057],[102.352,35.165],[102.366,35.239],[102.28,35.308],[102.29,35.365],[102.409,35.41],[102.405,35.479],[102.406,35.554],[102.304,35.624],[102.213,35.708],[102.152,35.716],[102.129,35.768],[102.08,35.846],[102.094,35.919],[102.083,35.947],[101.975,36.027],[101.935,36.063],[101.888,36.11],[101.785,36.145],[101.743,36.149],[101.638,36.117],[101.646,36.033],[101.682,35.965],[101.665,35.815],[101.719,35.752],[101.772,35.717],[101.7,35.608],[101.658,35.538],[101.549,35.492],[101.465,35.473],[101.39,35.498],[101.456,35.402],[101.407,35.289],[101.506,35.327],[101.55,35.258]]]]}},{"type":"Feature","properties":{"id":"632500","名称":"海南藏族自治州","所属省":"青海"},"geometry":{"type":"MultiPolygon","coordinates":[[[[100.917,36.741],[100.763,36.759],[100.278,36.867],[99.822,36.985],[99.741,37.037],[99.589,37.102],[99.454,37.157],[99.368,37.175],[99.3,37.107],[99.231,36.977],[99.264,36.905],[99.431,36.761],[99.395,36.657],[99.263,36.604],[98.977,36.498],[98.955,36.423],[99.066,36.299],[98.994,36.172],[98.968,36.129],[99.04,36.047],[99.117,35.911],[99.119,35.818],[99.194,35.737],[99.156,35.62],[99.295,35.566],[99.313,35.514],[99.202,35.462],[99.301,35.429],[99.256,35.37],[99.182,35.271],[99.266,35.213],[99.345,35.103],[99.441,35.005],[99.593,34.94],[99.738,34.865],[99.853,34.831],[99.951,34.819],[100.048,34.816],[100.148,34.889],[100.298,34.897],[100.356,34.822],[100.485,34.806],[100.598,34.703],[100.684,34.692],[100.768,34.672],[100.89,34.664],[101.037,34.651],[101.101,34.741],[101.148,34.835],[101.055,34.889],[100.968,34.932],[100.812,35.007],[100.698,35.08],[100.731,35.152],[100.916,35.295],[100.812,35.334],[100.688,35.405],[100.817,35.414],[100.965,35.401],[101.148,35.397],[101.242,35.369],[101.437,35.334],[101.395,35.455],[101.42,35.491],[101.501,35.488],[101.594,35.496],[101.696,35.582],[101.759,35.663],[101.765,35.747],[101.663,35.776],[101.697,35.916],[101.645,36],[101.643,36.08],[101.667,36.161],[101.647,36.255],[101.603,36.322],[101.439,36.373],[101.343,36.348],[101.249,36.311],[101.111,36.42],[101.06,36.498],[100.993,36.565],[100.945,36.683],[100.917,36.741]]],[[[101.407,35.289],[101.356,35.205],[101.419,35.187],[101.447,35.256],[101.55,35.258],[101.506,35.327],[101.407,35.289]]]]}},{"type":"Feature","properties":{"id":"632600","名称":"果洛藏族自治州","所属省":"青海"},"geometry":{"type":"MultiPolygon","coordinates":[[[[97.664,34.12],[97.788,34.171],[97.895,34.209],[98.05,34.115],[98.198,34.092],[98.349,34.094],[98.428,34.029],[98.409,33.936],[98.439,33.842],[98.518,33.774],[98.596,33.699],[98.618,33.637],[98.648,33.549],[98.723,33.486],[98.755,33.387],[98.774,33.302],[98.814,33.25],[98.83,33.181],[98.936,33.116],[99.026,33.095],[99.114,33.064],[99.209,33.019],[99.249,32.952],[99.284,32.885],[99.376,32.9],[99.532,32.848],[99.607,32.781],[99.718,32.732],[99.77,32.802],[99.764,32.925],[99.832,32.952],[99.883,33.025],[99.921,33.007],[100.002,32.942],[100.082,32.885],[100.123,32.837],[100.088,32.669],[100.188,32.631],[100.238,32.722],[100.402,32.755],[100.42,32.732],[100.488,32.668],[100.529,32.59],[100.572,32.555],[100.658,32.547],[100.704,32.611],[100.691,32.678],[100.8,32.655],[100.888,32.633],[100.957,32.621],[101.084,32.672],[101.157,32.661],[101.238,32.825],[101.124,32.91],[101.172,33.008],[101.143,33.083],[101.159,33.144],[101.154,33.234],[101.222,33.269],[101.311,33.245],[101.383,33.153],[101.405,33.226],[101.517,33.191],[101.661,33.136],[101.71,33.213],[101.649,33.325],[101.734,33.445],[101.777,33.535],[101.701,33.502],[101.623,33.502],[101.603,33.632],[101.542,33.695],[101.428,33.659],[101.26,33.669],[101.178,33.684],[101.184,33.763],[101.114,33.851],[101.045,33.884],[100.976,33.919],[100.909,34.007],[100.849,34.09],[100.765,34.178],[100.806,34.288],[100.897,34.376],[100.976,34.447],[100.947,34.54],[100.893,34.638],[100.793,34.695],[100.696,34.673],[100.643,34.731],[100.517,34.78],[100.388,34.824],[100.318,34.893],[100.186,34.895],[100.074,34.83],[99.969,34.808],[99.872,34.842],[99.775,34.86],[99.654,34.936],[99.478,34.966],[99.371,35.098],[99.293,35.173],[99.201,35.251],[99.233,35.346],[99.312,35.412],[99.221,35.45],[99.278,35.5],[99.315,35.55],[99.181,35.608],[99.078,35.586],[98.978,35.587],[98.865,35.569],[98.771,35.581],[98.638,35.499],[98.456,35.47],[98.331,35.473],[98.261,35.513],[98.204,35.407],[98.106,35.321],[98.021,35.285],[97.867,35.315],[97.767,35.331],[97.667,35.377],[97.619,35.273],[97.534,35.266],[97.375,35.295],[97.371,35.243],[97.242,35.077],[97.22,35.005],[97.007,34.899],[96.996,34.824],[96.981,34.728],[97.075,34.746],[97.073,34.675],[97.129,34.633],[97.182,34.526],[97.21,34.498],[97.324,34.466],[97.304,34.397],[97.404,34.322],[97.48,34.237],[97.568,34.168],[97.628,34.2],[97.664,34.12]]]]}},{"type":"Feature","properties":{"id":"632700","名称":"玉树藏族自治州","所属省":"青海"},"geometry":{"type":"MultiPolygon","coordinates":[[[[92.561,32.732],[92.636,32.721],[92.756,32.743],[92.879,32.711],[92.984,32.722],[93.048,32.694],[93.117,32.647],[93.24,32.662],[93.308,32.58],[93.414,32.558],[93.477,32.504],[93.555,32.486],[93.679,32.568],[93.823,32.548],[93.898,32.473],[93.979,32.46],[94.053,32.471],[94.153,32.455],[94.197,32.516],[94.294,32.52],[94.377,32.562],[94.462,32.605],[94.535,32.598],[94.615,32.674],[94.717,32.604],[94.758,32.546],[94.842,32.476],[94.912,32.416],[95.057,32.395],[95.131,32.399],[95.208,32.388],[95.262,32.348],[95.137,32.324],[95.106,32.26],[95.207,32.298],[95.257,32.254],[95.286,32.172],[95.367,32.152],[95.425,32.16],[95.455,32.063],[95.431,31.999],[95.361,31.959],[95.406,31.899],[95.461,31.816],[95.513,31.749],[95.606,31.769],[95.736,31.764],[95.853,31.714],[95.887,31.792],[95.989,31.787],[96.109,31.699],[96.148,31.631],[96.225,31.625],[96.222,31.736],[96.183,31.836],[96.219,31.905],[96.369,31.924],[96.432,31.817],[96.527,31.739],[96.632,31.718],[96.723,31.687],[96.822,31.7],[96.802,31.772],[96.794,31.869],[96.755,31.943],[96.733,32.027],[96.841,31.998],[96.889,32.003],[96.947,32.022],[97.029,32.049],[97.17,32.024],[97.233,32.065],[97.308,32.074],[97.276,32.156],[97.3,32.295],[97.367,32.274],[97.387,32.428],[97.389,32.5],[97.342,32.557],[97.412,32.575],[97.502,32.531],[97.591,32.531],[97.684,32.531],[97.631,32.575],[97.53,32.639],[97.425,32.728],[97.383,32.855],[97.35,32.904],[97.376,32.957],[97.524,32.989],[97.517,33.097],[97.488,33.168],[97.577,33.223],[97.622,33.334],[97.702,33.36],[97.711,33.426],[97.626,33.462],[97.542,33.493],[97.473,33.587],[97.406,33.629],[97.41,33.768],[97.398,33.848],[97.483,33.897],[97.634,33.919],[97.653,33.998],[97.695,34.077],[97.628,34.2],[97.568,34.168],[97.48,34.237],[97.404,34.322],[97.304,34.397],[97.324,34.466],[97.21,34.498],[97.182,34.526],[97.129,34.633],[97.073,34.675],[97.075,34.746],[96.981,34.728],[96.996,34.824],[97.007,34.899],[97.22,35.005],[97.242,35.077],[97.371,35.243],[97.311,35.333],[97.218,35.334],[97.077,35.382],[97.018,35.453],[96.941,35.49],[96.844,35.51],[96.713,35.565],[96.64,35.589],[96.543,35.615],[96.43,35.634],[96.266,35.643],[96.18,35.633],[96.052,35.555],[95.949,35.569],[95.885,35.636],[95.688,35.649],[95.571,35.653],[95.434,35.601],[95.321,35.641],[95.175,35.648],[95.143,35.63],[95.127,35.535],[95.021,35.552],[94.932,35.579],[94.828,35.583],[94.718,35.607],[94.642,35.606],[94.489,35.602],[94.384,35.617],[94.28,35.633],[94.214,35.649],[94.093,35.642],[93.963,35.689],[93.836,35.722],[93.698,35.752],[93.587,35.771],[93.448,35.774],[93.225,35.791],[93.067,35.842],[92.84,35.868],[92.497,35.894],[92.351,35.897],[92.141,35.935],[91.91,36.016],[91.72,36.021],[91.583,36.061],[91.524,36.121],[91.292,36.081],[91.123,36.155],[91.081,36.088],[90.965,36.095],[90.852,36.017],[90.742,36.096],[90.569,36.132],[90.48,36.132],[90.329,36.158],[90.13,36.208],[90.058,36.256],[90.02,36.214],[89.937,36.13],[89.86,36.082],[89.731,36.084],[89.644,36.068],[89.514,36.025],[89.405,36.022],[89.421,35.932],[89.542,35.882],[89.66,35.848],[89.802,35.848],[89.782,35.778],[89.752,35.732],[89.742,35.622],[89.719,35.584],[89.72,35.502],[89.739,35.469],[89.599,35.392],[89.516,35.333],[89.459,35.239],[89.504,35.166],[89.593,35.104],[89.577,35],[89.624,34.892],[89.712,34.921],[89.831,34.898],[89.928,34.873],[90.09,34.903],[90.185,34.892],[90.253,34.943],[90.375,34.931],[90.571,34.921],[90.68,34.903],[90.846,34.861],[90.948,34.798],[91.024,34.766],[91.126,34.781],[91.322,34.79],[91.592,34.695],[91.739,34.646],[91.854,34.593],[91.931,34.518],[92.099,34.435],[92.299,34.383],[92.491,34.378],[92.555,34.342],[92.632,34.187],[92.691,34.093],[92.754,34.068],[92.871,34.09],[92.869,34.044],[92.758,34.002],[92.743,33.916],[92.746,33.815],[92.774,33.724],[92.813,33.616],[92.852,33.534],[92.794,33.469],[92.685,33.446],[92.599,33.352],[92.633,33.285],[92.71,33.218],[92.718,33.102],[92.69,32.998],[92.649,32.903],[92.581,32.755],[92.561,32.732]]]]}},{"type":"Feature","properties":{"id":"632800","名称":"海西蒙古族藏族自治州","所属省":"青海"},"geometry":{"type":"MultiPolygon","coordinates":[[[[98.093,38.786],[98.012,38.858],[97.876,38.898],[97.725,38.961],[97.62,39.032],[97.459,39.118],[97.342,39.168],[97.141,39.2],[96.963,39.198],[96.97,39.098],[96.949,38.992],[96.966,38.887],[96.988,38.792],[97.009,38.703],[97.056,38.594],[96.877,38.581],[96.783,38.567],[96.781,38.504],[96.708,38.459],[96.627,38.356],[96.665,38.23],[96.378,38.277],[96.264,38.146],[96.209,38.15],[96.074,38.188],[95.986,38.21],[95.86,38.283],[95.808,38.349],[95.702,38.401],[95.628,38.349],[95.537,38.314],[95.454,38.292],[95.389,38.301],[95.311,38.312],[95.204,38.332],[95.138,38.394],[95.031,38.413],[94.902,38.42],[94.75,38.385],[94.612,38.372],[94.527,38.426],[94.335,38.756],[93.872,38.723],[93.77,38.821],[93.748,38.912],[93.332,38.904],[93.207,38.916],[93.176,39.069],[93.142,39.161],[92.978,39.144],[92.867,39.139],[92.728,39.122],[92.61,39.109],[92.461,39.066],[92.418,39.013],[92.209,38.983],[92.106,38.963],[91.99,38.939],[91.806,38.873],[91.681,38.853],[91.536,38.827],[91.352,38.768],[91.25,38.753],[91.112,38.708],[90.906,38.681],[90.725,38.658],[90.646,38.635],[90.563,38.594],[90.464,38.557],[90.42,38.491],[90.259,38.492],[90.112,38.478],[90.179,38.397],[90.138,38.341],[90.362,38.3],[90.52,37.731],[90.659,37.704],[90.776,37.651],[90.855,37.604],[90.912,37.52],[91,37.495],[91.109,37.428],[91.161,37.312],[91.219,37.199],[91.288,37.103],[91.314,37.02],[91.191,37.025],[91.049,36.966],[90.874,36.921],[90.757,36.825],[90.755,36.721],[90.706,36.659],[90.741,36.586],[90.818,36.566],[91.035,36.528],[91.053,36.426],[91.036,36.34],[91.052,36.265],[91.102,36.174],[91.147,36.14],[91.316,36.074],[91.528,36.133],[91.633,36.038],[91.764,36.009],[91.968,36.007],[92.151,35.928],[92.369,35.91],[92.592,35.879],[92.915,35.848],[93.087,35.807],[93.265,35.778],[93.516,35.757],[93.628,35.756],[93.727,35.751],[93.85,35.71],[94.008,35.674],[94.122,35.64],[94.239,35.661],[94.314,35.638],[94.407,35.614],[94.507,35.61],[94.649,35.597],[94.768,35.608],[94.838,35.574],[94.942,35.567],[95.09,35.545],[95.119,35.58],[95.175,35.636],[95.212,35.64],[95.358,35.626],[95.46,35.617],[95.633,35.659],[95.737,35.65],[95.917,35.617],[95.968,35.553],[96.073,35.613],[96.204,35.636],[96.293,35.648],[96.442,35.636],[96.566,35.602],[96.663,35.583],[96.772,35.527],[96.851,35.497],[96.946,35.467],[97.045,35.433],[97.098,35.356],[97.24,35.322],[97.321,35.299],[97.413,35.302],[97.561,35.271],[97.609,35.327],[97.667,35.349],[97.788,35.323],[97.894,35.296],[98.06,35.296],[98.129,35.333],[98.224,35.436],[98.309,35.503],[98.357,35.46],[98.498,35.448],[98.678,35.515],[98.766,35.594],[98.912,35.581],[99.01,35.584],[99.106,35.593],[99.206,35.683],[99.164,35.791],[99.125,35.866],[99.09,36],[99.016,36.086],[98.935,36.157],[99.044,36.233],[99.035,36.366],[98.93,36.447],[99.12,36.553],[99.355,36.633],[99.447,36.687],[99.297,36.85],[99.155,36.97],[99.272,37.089],[99.35,37.124],[99.409,37.17],[99.431,37.183],[99.434,37.314],[99.476,37.412],[99.543,37.563],[99.636,37.654],[99.658,37.736],[99.606,37.829],[99.498,37.838],[99.418,37.903],[99.36,37.98],[99.499,38.033],[99.653,38.051],[99.579,38.11],[99.549,38.202],[99.439,38.258],[99.284,38.275],[99.224,38.328],[99.147,38.291],[99.013,38.267],[98.908,38.299],[98.909,38.364],[98.969,38.423],[98.778,38.478],[98.683,38.53],[98.539,38.58],[98.368,38.616],[98.246,38.664],[98.142,38.737],[98.093,38.786]]],[[[92.561,32.732],[92.63,32.887],[92.697,32.983],[92.732,33.061],[92.712,33.191],[92.679,33.267],[92.611,33.319],[92.657,33.409],[92.76,33.474],[92.856,33.513],[92.815,33.594],[92.757,33.704],[92.762,33.792],[92.742,33.899],[92.74,33.995],[92.853,34.045],[92.912,34.093],[92.803,34.083],[92.691,34.084],[92.645,34.173],[92.579,34.29],[92.514,34.416],[92.365,34.379],[92.167,34.403],[91.94,34.487],[91.88,34.585],[91.761,34.625],[91.675,34.662],[91.35,34.762],[91.167,34.8],[91.06,34.762],[90.942,34.773],[90.877,34.853],[90.717,34.9],[90.607,34.925],[90.422,34.94],[90.272,34.927],[90.183,34.908],[90.105,34.877],[89.947,34.891],[89.868,34.907],[89.812,34.871],[89.826,34.797],[89.771,34.749],[89.724,34.704],[89.774,34.636],[89.778,34.594],[89.818,34.486],[89.799,34.396],[89.862,34.356],[89.838,34.264],[89.817,34.169],[89.712,34.132],[89.651,34.083],[89.68,33.995],[89.766,33.909],[89.862,33.853],[89.926,33.809],[89.939,33.741],[89.993,33.668],[90.008,33.557],[90.108,33.461],[90.333,33.311],[90.481,33.266],[90.596,33.207],[90.74,33.142],[90.884,33.119],[90.953,33.116],[91.134,33.074],[91.195,33.123],[91.312,33.108],[91.436,33.066],[91.511,33.099],[91.581,33.039],[91.726,32.984],[91.799,32.942],[91.897,32.907],[91.958,32.82],[92.027,32.851],[92.146,32.886],[92.231,32.84],[92.199,32.755],[92.291,32.729],[92.358,32.75],[92.488,32.744],[92.561,32.732]]]]}},{"type":"Feature","properties":{"id":"640100","名称":"银川市","所属省":"宁夏"},"geometry":{"type":"MultiPolygon","coordinates":[[[[106.824,38.163],[106.704,38.213],[106.593,38.249],[106.516,38.299],[106.602,38.392],[106.662,38.602],[106.604,38.654],[106.572,38.682],[106.477,38.708],[106.435,38.706],[106.416,38.719],[106.375,38.755],[106.32,38.771],[106.283,38.78],[106.23,38.814],[106.174,38.815],[106.125,38.839],[106.03,38.87],[105.971,38.845],[105.936,38.804],[105.899,38.777],[105.906,38.731],[105.873,38.672],[105.858,38.613],[105.872,38.582],[105.863,38.526],[105.851,38.444],[105.836,38.39],[105.844,38.322],[105.892,38.26],[105.97,38.219],[106.005,38.174],[106.058,38.195],[106.078,38.197],[106.097,38.186],[106.127,38.145],[106.165,38.152],[106.218,38.131],[106.213,38.09],[106.24,38.035],[106.266,38.019],[106.273,37.988],[106.313,37.966],[106.337,37.926],[106.334,37.876],[106.285,37.852],[106.303,37.815],[106.362,37.787],[106.438,37.739],[106.545,37.668],[106.649,37.656],[106.773,37.665],[106.832,37.761],[106.845,37.866],[106.822,37.945],[106.765,37.977],[106.785,38.041],[106.816,38.113],[106.824,38.163]]]]}},{"type":"Feature","properties":{"id":"640200","名称":"石嘴山市","所属省":"宁夏"},"geometry":{"type":"MultiPolygon","coordinates":[[[[106.662,38.602],[106.767,38.765],[106.837,38.847],[106.96,38.949],[106.954,39.061],[106.906,39.081],[106.848,39.138],[106.799,39.232],[106.802,39.294],[106.791,39.362],[106.733,39.374],[106.644,39.358],[106.582,39.348],[106.534,39.308],[106.514,39.275],[106.437,39.287],[106.328,39.276],[106.282,39.247],[106.296,39.168],[106.239,39.136],[106.157,39.16],[106.113,39.101],[106.081,39.039],[106.087,39.005],[106.061,38.968],[106.008,38.936],[105.986,38.875],[106.065,38.857],[106.138,38.819],[106.197,38.805],[106.258,38.8],[106.312,38.788],[106.354,38.77],[106.397,38.726],[106.438,38.719],[106.457,38.701],[106.525,38.698],[106.596,38.669],[106.643,38.639],[106.662,38.602]]]]}},{"type":"Feature","properties":{"id":"640300","名称":"吴忠市","所属省":"宁夏"},"geometry":{"type":"MultiPolygon","coordinates":[[[[105.853,38.265],[105.783,38.203],[105.794,38.067],[105.823,37.975],[105.8,37.91],[105.787,37.844],[105.744,37.792],[105.671,37.775],[105.616,37.723],[105.679,37.725],[105.761,37.728],[105.844,37.729],[105.902,37.727],[105.879,37.647],[105.904,37.614],[105.952,37.658],[106.012,37.649],[106.021,37.609],[106.034,37.56],[106.075,37.528],[106.032,37.508],[105.995,37.474],[105.958,37.469],[105.935,37.428],[105.876,37.416],[105.843,37.381],[105.917,37.352],[105.926,37.308],[105.775,37.301],[105.757,37.244],[105.783,37.213],[105.737,37.188],[105.694,37.231],[105.677,37.277],[105.606,37.223],[105.574,37.208],[105.634,37.191],[105.676,37.139],[105.742,37.09],[105.842,36.987],[105.822,36.948],[105.768,36.908],[105.747,36.884],[105.746,36.815],[105.809,36.828],[105.84,36.829],[105.874,36.855],[105.909,36.89],[105.924,36.927],[105.957,36.912],[105.981,36.879],[105.977,36.842],[106.028,36.824],[106.058,36.77],[106.106,36.691],[106.132,36.643],[106.167,36.579],[106.211,36.605],[106.257,36.619],[106.298,36.609],[106.384,36.614],[106.41,36.625],[106.469,36.62],[106.491,36.686],[106.524,36.704],[106.551,36.732],[106.587,36.745],[106.632,36.723],[106.634,36.754],[106.642,36.802],[106.642,36.853],[106.638,36.884],[106.601,36.891],[106.579,36.931],[106.542,36.97],[106.569,36.946],[106.594,36.968],[106.639,36.974],[106.667,37.017],[106.634,37.083],[106.617,37.135],[106.668,37.112],[106.709,37.121],[106.749,37.1],[106.757,37.102],[106.782,37.151],[106.827,37.132],[106.892,37.098],[106.916,37.123],[106.906,37.151],[106.985,37.108],[107.008,37.114],[107.026,37.133],[107.078,37.129],[107.121,37.127],[107.181,37.144],[107.25,37.106],[107.273,37.125],[107.331,37.13],[107.33,37.181],[107.272,37.236],[107.293,37.277],[107.264,37.35],[107.282,37.468],[107.331,37.508],[107.372,37.58],[107.313,37.61],[107.364,37.624],[107.422,37.665],[107.407,37.693],[107.492,37.733],[107.553,37.777],[107.577,37.792],[107.609,37.778],[107.65,37.82],[107.56,37.894],[107.449,37.933],[107.441,37.995],[107.359,38.052],[107.308,38.096],[107.235,38.117],[107.174,38.152],[107.126,38.137],[107.071,38.139],[107.017,38.127],[106.9,38.145],[106.827,38.158],[106.852,38.059],[106.772,38.02],[106.771,37.954],[106.818,37.93],[106.886,37.863],[106.807,37.75],[106.775,37.658],[106.644,37.642],[106.499,37.693],[106.424,37.74],[106.343,37.802],[106.303,37.819],[106.278,37.855],[106.346,37.874],[106.336,37.942],[106.298,37.977],[106.266,38.004],[106.266,38.043],[106.227,38.059],[106.226,38.098],[106.201,38.135],[106.153,38.159],[106.125,38.169],[106.09,38.181],[106.085,38.2],[106.056,38.187],[105.98,38.179],[105.967,38.224],[105.853,38.265]]]]}},{"type":"Feature","properties":{"id":"640400","名称":"固原市","所属省":"宁夏"},"geometry":{"type":"MultiPolygon","coordinates":[[[[106.071,35.449],[106.081,35.413],[106.105,35.389],[106.113,35.372],[106.167,35.421],[106.187,35.426],[106.237,35.41],[106.252,35.347],[106.287,35.31],[106.321,35.278],[106.356,35.239],[106.376,35.276],[106.43,35.293],[106.49,35.33],[106.502,35.363],[106.495,35.401],[106.49,35.48],[106.463,35.502],[106.441,35.527],[106.479,35.575],[106.454,35.629],[106.445,35.663],[106.466,35.718],[106.531,35.726],[106.597,35.728],[106.614,35.73],[106.633,35.715],[106.675,35.728],[106.737,35.689],[106.751,35.726],[106.782,35.724],[106.823,35.731],[106.836,35.744],[106.876,35.777],[106.902,35.775],[106.904,35.804],[106.917,35.813],[106.878,35.853],[106.873,35.878],[106.862,35.909],[106.905,35.925],[106.941,35.931],[106.919,35.941],[106.899,35.96],[106.918,35.961],[106.933,36.008],[106.943,36.052],[106.959,36.075],[106.944,36.1],[106.933,36.114],[106.907,36.136],[106.889,36.166],[106.866,36.194],[106.834,36.229],[106.808,36.211],[106.773,36.213],[106.73,36.232],[106.702,36.239],[106.657,36.266],[106.638,36.266],[106.599,36.274],[106.578,36.286],[106.546,36.259],[106.484,36.285],[106.48,36.316],[106.51,36.304],[106.51,36.379],[106.527,36.39],[106.493,36.423],[106.503,36.442],[106.503,36.485],[106.477,36.495],[106.421,36.515],[106.357,36.51],[106.312,36.48],[106.315,36.412],[106.27,36.383],[106.197,36.342],[106.106,36.315],[106.075,36.325],[106.014,36.313],[105.972,36.299],[106.004,36.194],[105.886,36.216],[105.862,36.166],[105.813,36.127],[105.775,36.139],[105.769,36.175],[105.707,36.168],[105.646,36.177],[105.609,36.214],[105.517,36.204],[105.502,36.158],[105.5,36.123],[105.46,36.107],[105.408,36.076],[105.378,36.062],[105.339,36.017],[105.332,35.952],[105.327,35.905],[105.371,35.871],[105.391,35.847],[105.376,35.816],[105.395,35.81],[105.429,35.819],[105.457,35.772],[105.477,35.733],[105.538,35.722],[105.56,35.699],[105.596,35.716],[105.68,35.738],[105.702,35.733],[105.746,35.732],[105.728,35.7],[105.691,35.699],[105.715,35.647],[105.742,35.626],[105.758,35.617],[105.786,35.592],[105.824,35.56],[105.835,35.541],[105.847,35.49],[105.884,35.535],[105.948,35.536],[106.005,35.52],[106.02,35.494],[106.075,35.493],[106.088,35.49],[106.074,35.455],[106.071,35.449]]],[[[106.055,35.452],[106.039,35.486],[105.978,35.469],[105.925,35.451],[105.894,35.415],[105.949,35.43],[105.992,35.437],[106.008,35.453],[106.055,35.452]]],[[[106.073,35.421],[106.075,35.431],[106.064,35.438],[106.064,35.426],[106.073,35.421]]],[[[106.074,35.455],[106.07,35.458],[106.071,35.449],[106.073,35.45],[106.074,35.455]]]]}},{"type":"Feature","properties":{"id":"640500","名称":"中卫市","所属省":"宁夏"},"geometry":{"type":"MultiPolygon","coordinates":[[[[106.411,36.519],[106.384,36.545],[106.365,36.578],[106.418,36.563],[106.45,36.578],[106.447,36.615],[106.41,36.625],[106.384,36.614],[106.298,36.609],[106.257,36.619],[106.211,36.605],[106.167,36.579],[106.132,36.643],[106.106,36.691],[106.058,36.77],[106.028,36.824],[105.977,36.842],[105.981,36.879],[105.957,36.912],[105.924,36.927],[105.909,36.89],[105.874,36.855],[105.84,36.829],[105.809,36.828],[105.746,36.815],[105.747,36.884],[105.768,36.908],[105.822,36.948],[105.842,36.987],[105.742,37.09],[105.676,37.139],[105.634,37.191],[105.574,37.208],[105.606,37.223],[105.677,37.277],[105.694,37.231],[105.737,37.188],[105.783,37.213],[105.757,37.244],[105.775,37.301],[105.926,37.308],[105.917,37.352],[105.843,37.381],[105.876,37.416],[105.935,37.428],[105.958,37.469],[105.995,37.474],[106.032,37.508],[106.075,37.528],[106.034,37.56],[106.021,37.609],[106.012,37.649],[105.952,37.658],[105.904,37.614],[105.879,37.647],[105.902,37.727],[105.844,37.729],[105.761,37.728],[105.679,37.725],[105.599,37.699],[105.447,37.697],[105.373,37.708],[105.279,37.687],[105.188,37.658],[105.088,37.614],[104.905,37.567],[104.716,37.532],[104.43,37.511],[104.392,37.461],[104.322,37.448],[104.298,37.414],[104.387,37.428],[104.466,37.42],[104.531,37.433],[104.608,37.425],[104.658,37.413],[104.662,37.377],[104.718,37.35],[104.687,37.319],[104.654,37.291],[104.62,37.291],[104.604,37.262],[104.626,37.206],[104.667,37.205],[104.731,37.22],[104.776,37.247],[104.811,37.23],[104.859,37.184],[104.898,37.128],[104.932,37.087],[104.965,37.032],[105.04,37.007],[105.091,37.01],[105.165,36.995],[105.186,36.942],[105.179,36.892],[105.226,36.886],[105.281,36.858],[105.299,36.833],[105.336,36.782],[105.32,36.743],[105.272,36.739],[105.215,36.728],[105.222,36.636],[105.25,36.601],[105.274,36.578],[105.257,36.544],[105.288,36.526],[105.361,36.498],[105.363,36.443],[105.397,36.408],[105.413,36.37],[105.426,36.33],[105.468,36.304],[105.46,36.265],[105.479,36.213],[105.537,36.218],[105.618,36.209],[105.674,36.156],[105.726,36.175],[105.78,36.155],[105.785,36.137],[105.819,36.121],[105.877,36.185],[105.903,36.217],[105.999,36.225],[105.981,36.303],[106.026,36.328],[106.078,36.332],[106.127,36.325],[106.204,36.354],[106.281,36.411],[106.317,36.436],[106.33,36.486],[106.371,36.516],[106.411,36.519]]]]}},{"type":"Feature","properties":{"id":"650100","名称":"乌鲁木齐市","所属省":"新疆"},"geometry":{"type":"MultiPolygon","coordinates":[[[[87.505,44.066],[87.383,44.044],[87.279,43.8],[87.103,43.596],[86.905,43.393],[86.855,43.212],[86.854,43.084],[87.111,43.047],[87.403,42.964],[87.668,42.903],[87.942,42.828],[87.756,42.961],[87.488,43.103],[87.368,43.281],[87.975,43.314],[88.225,43.325],[88.352,43.227],[88.533,43.352],[88.843,43.389],[88.974,43.551],[88.705,43.709],[88.6,43.804],[88.414,43.792],[88.247,43.803],[88.138,43.757],[88.018,43.874],[87.866,44.064],[87.819,44.225],[87.989,44.961],[87.581,44.596],[87.599,44.478],[87.693,44.37],[87.653,44.196],[87.577,44.117],[87.505,44.066]]]]}},{"type":"Feature","properties":{"id":"650200","名称":"克拉玛依市","所属省":"新疆"},"geometry":{"type":"MultiPolygon","coordinates":[[[[85.01,44.755],[85.052,44.932],[85.258,45.032],[85.202,45.244],[85.284,45.421],[85.547,45.593],[85.642,45.789],[85.88,45.953],[86.024,46.068],[85.792,46.193],[85.438,46.15],[85.263,46.053],[85.258,45.925],[85.06,45.713],[84.848,45.631],[84.784,45.598],[84.623,45.344],[84.669,45.159],[84.805,45.026],[84.849,44.827],[85.01,44.755]]],[[[85.113,44.344],[84.798,44.259],[84.83,44.16],[84.996,44.311],[85.113,44.344]]]]}},{"type":"Feature","properties":{"id":"650400","名称":"吐鲁番市","所属省":"新疆"},"geometry":{"type":"MultiPolygon","coordinates":[[[[91.91,41.271],[91.786,41.509],[91.855,41.743],[91.633,42.075],[91.473,42.295],[91.412,42.619],[91.416,42.836],[91.255,43.295],[91.205,43.423],[91.13,43.484],[90.949,43.505],[90.76,43.518],[90.421,43.527],[90.27,43.532],[90.016,43.517],[89.92,43.453],[89.68,43.41],[89.398,43.449],[89.28,43.553],[89.138,43.6],[88.974,43.551],[88.843,43.389],[88.533,43.352],[88.352,43.227],[88.225,43.325],[87.975,43.314],[87.368,43.281],[87.488,43.103],[87.756,42.961],[87.942,42.828],[87.668,42.903],[87.543,42.846],[87.691,42.761],[87.948,42.636],[88.166,42.548],[88.004,42.329],[88.139,42.004],[88.294,41.823],[88.347,41.534],[88.563,41.478],[88.99,41.419],[89.283,41.393],[89.456,41.375],[89.698,41.367],[89.96,41.357],[90.54,41.25],[90.906,41.228],[91.447,41.198],[91.91,41.271]]]]}},{"type":"Feature","properties":{"id":"650500","名称":"哈密市","所属省":"新疆"},"geometry":{"type":"MultiPolygon","coordinates":[[[[91.519,45.097],[91.53,44.856],[91.362,44.554],[91.288,44.376],[91.307,44.009],[91.526,43.817],[91.366,43.705],[91.495,43.629],[91.296,43.547],[91.154,43.472],[91.209,43.356],[91.347,43.102],[91.429,42.727],[91.447,42.494],[91.504,42.203],[91.737,42.011],[91.821,41.574],[91.89,41.402],[92.07,41.264],[92.536,41.121],[92.996,41.08],[93.261,40.986],[93.81,40.879],[94.534,41.506],[94.969,41.719],[95.199,41.719],[95.335,41.644],[95.677,41.831],[96.116,41.985],[96.041,42.327],[96.024,42.542],[96.386,42.728],[95.858,43.418],[95.623,43.856],[95.327,44.029],[95.411,44.245],[94.945,44.293],[94.674,44.397],[94.391,44.522],[94.215,44.668],[93.716,44.894],[93.377,44.985],[93.1,45.007],[92.884,45.047],[92.548,45.018],[92.315,45.029],[91.906,45.079],[91.519,45.097]]]]}},{"type":"Feature","properties":{"id":"652300","名称":"昌吉回族自治州","所属省":"新疆"},"geometry":{"type":"MultiPolygon","coordinates":[[[[90.671,45.488],[90.353,45.231],[90.238,45.002],[87.795,44.329],[87.824,44.123],[87.997,43.995],[88.091,43.813],[88.211,43.759],[88.316,43.791],[88.512,43.858],[88.694,43.76],[88.835,43.721],[89.138,43.6],[89.28,43.553],[89.398,43.449],[89.68,43.41],[89.92,43.453],[90.016,43.517],[90.27,43.532],[90.421,43.527],[90.76,43.518],[90.949,43.505],[91.13,43.484],[91.296,43.547],[91.495,43.629],[91.366,43.705],[91.526,43.817],[91.307,44.009],[91.288,44.376],[91.362,44.554],[91.53,44.856],[91.519,45.097],[91.335,45.13],[91.13,45.216],[90.882,45.192],[90.832,45.3],[90.772,45.433],[90.671,45.488]]],[[[87.591,44.533],[87.555,44.666],[85.667,45.331],[85.868,44.866],[85.956,44.639],[86.065,44.564],[86.127,44.374],[86.096,44.126],[85.965,43.932],[85.768,43.791],[85.72,43.639],[85.597,43.531],[85.787,43.45],[85.989,43.403],[86.166,43.307],[86.486,43.142],[86.741,43.1],[86.855,43.212],[86.905,43.393],[87.103,43.596],[87.279,43.8],[87.383,44.044],[87.505,44.066],[87.523,44.227],[87.43,44.408],[87.514,44.549],[87.591,44.533]]]]}},{"type":"Feature","properties":{"id":"652700","名称":"博尔塔拉蒙古自治州","所属省":"新疆"},"geometry":{"type":"MultiPolygon","coordinates":[[[[82.172,44.714],[82.173,44.808],[82.057,44.781],[81.946,44.685],[81.978,44.635],[82.084,44.515],[81.838,44.438],[82.032,44.285],[82.36,44.265],[82.573,44.137],[82.9,44.053],[83.238,44.044],[83.43,44.006],[83.412,44.169],[83.49,44.367],[83.639,44.475],[83.746,44.553],[83.73,44.801],[83.574,44.931],[83.264,44.998],[82.758,45.152],[82.588,45.039],[82.736,44.827],[82.543,44.709],[82.359,44.668],[82.157,44.67],[82.126,44.681],[82.172,44.714]]],[[[82.146,44.897],[81.994,44.961],[82.2,44.984],[82.296,45.107],[82.109,45.211],[81.921,45.233],[81.731,45.363],[81.542,45.307],[81.382,45.258],[81.175,45.228],[81.025,45.163],[80.816,45.153],[80.686,45.129],[80.446,45.098],[80.328,45.07],[80.161,45.056],[79.969,44.877],[80.088,44.817],[80.228,44.825],[80.397,44.772],[80.638,44.711],[80.755,44.61],[80.998,44.535],[81.359,44.443],[81.619,44.427],[81.752,44.347],[81.978,44.483],[81.961,44.585],[81.979,44.693],[81.994,44.762],[82.157,44.807],[82.156,44.771],[82.278,44.744],[82.122,44.806],[82.162,44.864],[82.146,44.897]]],[[[82.278,44.744],[82.359,44.668],[82.54,44.682],[82.347,44.8],[82.271,44.766],[82.278,44.744]]],[[[82.131,44.925],[82.356,44.902],[82.54,44.903],[82.454,45.069],[82.211,44.943],[82.131,44.925]]],[[[82.583,45.219],[82.162,45.226],[82.454,45.069],[82.681,45.139],[82.583,45.219]]]]}},{"type":"Feature","properties":{"id":"652800","名称":"巴音郭楞蒙古自治州","所属省":"新疆"},"geometry":{"type":"MultiPolygon","coordinates":[[[[85.895,41.822],[85.786,41.664],[85.526,41.74],[85.498,41.866],[85.263,41.971],[85.293,42.215],[85.111,42.301],[84.835,42.33],[84.496,42.433],[84.154,42.457],[83.947,42.532],[83.963,42.357],[83.881,42.187],[83.988,41.933],[83.907,41.686],[83.947,41.528],[84.023,41.233],[84.073,40.924],[84.01,40.038],[83.388,38.983],[83.748,38.115],[83.933,37.785],[83.974,37.482],[83.791,37.25],[83.858,36.867],[84.014,36.739],[84.252,36.644],[84.323,36.479],[84.363,36.311],[84.57,36.226],[84.681,36.143],[84.861,35.945],[85.053,35.752],[85.374,35.7],[85.653,35.731],[85.949,35.779],[86.133,35.98],[86.19,36.133],[86.393,36.207],[86.599,36.222],[86.863,36.3],[87.057,36.297],[87.292,36.359],[87.46,36.41],[87.732,36.385],[87.983,36.438],[88.223,36.448],[88.411,36.473],[88.618,36.428],[88.783,36.292],[89.013,36.315],[89.232,36.296],[89.594,36.126],[89.819,36.081],[90.009,36.184],[90.254,36.157],[90.527,36.148],[90.816,36.036],[90.995,36.108],[91.099,36.217],[91.053,36.426],[90.833,36.558],[90.706,36.661],[90.734,36.827],[90.984,36.914],[91.134,37.008],[91.29,37.047],[91.191,37.206],[91.11,37.398],[90.941,37.48],[90.776,37.651],[90.52,37.731],[90.362,38.3],[90.179,38.397],[90.131,38.494],[90.427,38.494],[90.643,38.641],[90.831,38.668],[91.25,38.753],[91.613,38.839],[91.879,38.898],[92.257,39.001],[92.351,39.084],[92.382,39.26],[92.746,39.868],[92.928,40.573],[93.81,40.879],[93.261,40.986],[92.996,41.08],[92.536,41.121],[92.07,41.264],[91.765,41.267],[91.093,41.251],[90.7,41.239],[90.315,41.242],[89.786,41.35],[89.558,41.368],[89.339,41.405],[89.082,41.41],[88.836,41.441],[88.319,41.493],[88.348,41.67],[88.193,41.927],[87.923,42.178],[88.177,42.44],[88.031,42.604],[87.905,42.704],[87.544,42.778],[87.4,42.792],[87.188,42.77],[87.009,42.678],[86.959,42.605],[87.024,42.45],[86.84,42.45],[86.616,42.302],[86.691,42.208],[86.705,42.103],[86.596,41.969],[86.523,41.85],[86.333,41.819],[85.877,41.779],[85.895,41.822]]],[[[82.638,42.598],[82.842,42.614],[82.959,42.63],[83.228,42.584],[83.351,42.508],[83.692,42.514],[84.003,42.501],[84.232,42.425],[84.602,42.389],[84.845,42.359],[85.156,42.279],[85.336,42.177],[85.409,41.942],[85.721,42.083],[86.001,42.019],[86.224,41.908],[86.523,41.85],[86.596,41.969],[86.705,42.103],[86.691,42.208],[86.616,42.302],[86.84,42.45],[87.024,42.45],[86.959,42.605],[87.009,42.678],[87.188,42.77],[87.4,42.792],[87.543,42.846],[87.403,42.964],[87.111,43.047],[86.854,43.084],[86.646,43.097],[86.293,43.244],[86.121,43.372],[85.863,43.446],[85.691,43.484],[85.484,43.498],[85.287,43.502],[85.056,43.564],[84.924,43.425],[84.662,43.491],[84.624,43.338],[84.581,43.267],[84.574,43.168],[84.414,43.102],[84.23,43.171],[83.963,43.156],[83.713,43.138],[83.566,43.076],[83.325,43.047],[83.038,42.996],[82.859,42.971],[82.713,42.952],[82.533,42.902],[82.507,42.799],[82.638,42.598]]],[[[85.793,41.826],[86.362,41.831],[86.017,41.965],[85.761,42.07],[85.444,41.938],[85.793,41.826]]]]}},{"type":"Feature","properties":{"id":"652900","名称":"阿克苏地区","所属省":"新疆"},"geometry":{"type":"MultiPolygon","coordinates":[[[[78.365,40.01],[78.598,40.108],[78.904,40.257],[79.343,40.241],[79.834,40.131],[79.81,40.491],[80.022,40.501],[80.071,40.632],[80.05,40.829],[80.236,40.784],[80.458,40.774],[80.58,40.667],[80.792,40.703],[81.33,40.763],[81.864,40.944],[82.061,41.126],[82.457,41.256],[82.608,41.457],[82.814,41.462],[83.031,41.289],[83.301,41.124],[83.479,41.136],[83.67,41.036],[83.77,40.977],[83.89,40.834],[84.059,41.082],[84.029,41.349],[83.953,41.559],[83.93,41.775],[83.98,41.986],[83.88,42.262],[83.933,42.374],[83.913,42.524],[83.488,42.47],[83.321,42.569],[83.017,42.588],[82.842,42.568],[82.754,42.625],[82.585,42.544],[82.295,42.483],[82.133,42.44],[81.96,42.402],[81.805,42.406],[81.631,42.374],[81.387,42.354],[81.271,42.344],[81.098,42.292],[80.963,42.362],[80.657,42.366],[80.472,42.322],[80.284,42.321],[80.169,42.2],[80.193,42.081],[79.853,42.015],[79.725,41.897],[79.457,41.848],[79.277,41.781],[79.043,41.681],[78.825,41.56],[78.651,41.467],[78.392,41.408],[78.734,41.161],[78.849,40.916],[78.726,40.823],[78.586,40.638],[78.304,40.456],[78.125,40.287],[78.055,40.141],[78.241,40.061],[78.365,40.01]]],[[[80.592,40.62],[80.52,40.702],[80.268,40.82],[80.137,40.892],[80.087,40.695],[80.037,40.537],[79.864,40.49],[79.869,40.146],[79.838,39.98],[79.788,39.802],[81.062,39.483],[82.585,39.484],[84.01,40.038],[83.929,40.817],[83.848,40.956],[83.696,41.017],[83.59,41.157],[83.391,41.138],[83.069,41.243],[82.849,41.479],[82.637,41.461],[82.52,41.324],[82.182,41.167],[81.884,40.941],[81.823,40.685],[81.76,40.438],[81.003,40.397],[80.74,40.369],[80.684,40.465],[80.729,40.452],[80.78,40.506],[80.671,40.569],[80.592,40.62]]]]}},{"type":"Feature","properties":{"id":"653000","名称":"克孜勒苏柯尔克孜自治州","所属省":"新疆"},"geometry":{"type":"MultiPolygon","coordinates":[[[[78.365,40.01],[78.093,40.061],[78.082,40.232],[78.159,40.387],[78.472,40.526],[78.574,40.7],[78.797,40.861],[78.826,40.995],[78.566,41.288],[78.232,41.398],[78.129,41.228],[77.835,41.152],[77.737,41.032],[77.54,41.006],[77.363,41.041],[77.111,41.036],[76.941,41.029],[76.742,40.912],[76.676,40.694],[76.557,40.543],[76.442,40.392],[76.328,40.391],[76.173,40.382],[75.986,40.382],[75.786,40.301],[75.734,40.468],[75.6,40.66],[75.356,40.538],[75.135,40.463],[74.892,40.508],[74.795,40.443],[74.698,40.344],[74.577,40.26],[74.357,40.089],[74.127,40.105],[73.943,40.016],[73.845,39.831],[73.954,39.6],[73.647,39.474],[73.554,39.35],[73.639,39.22],[73.72,39.072],[73.826,38.917],[73.699,38.858],[73.809,38.634],[73.926,38.536],[74.069,38.586],[74.378,38.655],[74.613,38.593],[74.822,38.491],[74.807,38.285],[75.043,38.266],[75.278,38.204],[75.39,38.035],[75.561,37.919],[75.781,37.91],[75.851,37.86],[75.869,37.675],[76.163,37.78],[76.327,37.816],[76.436,37.856],[76.51,37.974],[76.6,38.219],[76.456,38.498],[76.403,38.606],[76.15,38.609],[75.978,38.759],[75.83,38.92],[75.94,39.007],[76.051,39.156],[76.049,39.24],[75.836,39.218],[75.707,39.127],[75.566,38.971],[75.608,39.142],[75.691,39.304],[75.573,39.242],[75.306,39.334],[75.389,39.506],[75.361,39.654],[75.552,39.668],[75.856,39.586],[76.126,39.624],[76.448,39.576],[76.596,39.63],[76.829,39.795],[77.211,39.849],[77.604,39.936],[78.018,39.984],[78.365,40.01]]]]}},{"type":"Feature","properties":{"id":"653100","名称":"喀什地区","所属省":"新疆"},"geometry":{"type":"MultiPolygon","coordinates":[[[[74.807,38.285],[74.822,38.103],[74.919,37.908],[75.007,37.771],[74.931,37.572],[75.153,37.414],[75.079,37.318],[74.816,37.217],[74.666,37.236],[74.545,37.249],[74.465,37.147],[74.568,37.033],[74.739,37.028],[74.843,37.02],[75.006,36.995],[75.168,36.992],[75.397,36.904],[75.505,36.744],[75.634,36.772],[75.924,36.566],[75.999,36.312],[76.016,36.166],[75.969,36.042],[76.165,35.909],[76.299,35.842],[76.482,35.889],[76.588,35.84],[76.699,35.722],[76.918,35.608],[77.093,35.57],[77.452,35.461],[77.657,35.477],[77.797,35.491],[77.844,35.613],[77.852,35.748],[77.845,35.913],[77.801,36.027],[77.791,36.132],[77.725,36.283],[77.485,36.493],[77.535,36.611],[77.648,36.669],[77.506,36.843],[77.642,36.976],[77.643,37.267],[77.668,37.444],[77.752,37.679],[78.245,38.188],[79.285,38.807],[79.6,38.83],[79.118,39.715],[78.916,39.611],[78.705,39.69],[78.778,39.825],[78.806,39.657],[78.904,39.781],[78.907,39.831],[78.99,39.929],[79.046,40.037],[78.904,40.257],[78.598,40.108],[78.365,40.01],[78.018,39.984],[77.604,39.936],[77.211,39.849],[76.829,39.795],[76.596,39.63],[76.448,39.576],[76.126,39.624],[75.856,39.586],[75.552,39.668],[75.361,39.654],[75.389,39.506],[75.306,39.334],[75.573,39.242],[75.691,39.304],[75.608,39.142],[75.566,38.971],[75.707,39.127],[75.836,39.218],[76.049,39.24],[76.051,39.156],[75.94,39.007],[75.83,38.92],[75.978,38.759],[76.15,38.609],[76.403,38.606],[76.456,38.498],[76.6,38.219],[76.51,37.974],[76.436,37.856],[76.327,37.816],[76.163,37.78],[75.869,37.675],[75.851,37.86],[75.781,37.91],[75.561,37.919],[75.39,38.035],[75.278,38.204],[75.043,38.266],[74.807,38.285]]],[[[79.191,39.721],[79.815,39.883],[79.86,40.014],[79.587,40.176],[79.145,40.257],[79.606,39.913],[79.278,39.878],[79.246,39.785],[79.191,39.721]]]]}},{"type":"Feature","properties":{"id":"653200","名称":"和田地区","所属省":"新疆"},"geometry":{"type":"MultiPolygon","coordinates":[[[[80.416,36.279],[80.817,36.296],[81.032,36.259],[81.034,36.28],[81.275,36.142],[81.394,36.319],[81.473,36.117],[81.422,35.88],[81.4,35.707],[81.585,35.463],[81.675,35.233],[81.928,35.271],[82.055,35.355],[82.272,35.55],[82.393,35.656],[82.546,35.709],[82.874,35.689],[82.982,35.6],[83.089,35.425],[83.28,35.401],[83.542,35.342],[83.785,35.363],[84.006,35.422],[84.162,35.359],[84.453,35.473],[84.604,35.589],[84.986,35.725],[84.874,35.984],[84.673,36.183],[84.538,36.269],[84.347,36.364],[84.342,36.49],[84.201,36.661],[83.991,36.769],[83.821,36.963],[83.862,37.291],[83.987,37.514],[83.938,37.832],[83.649,38.188],[83.395,39.322],[82.101,39.485],[80.727,39.477],[79.616,38.919],[79.334,38.802],[78.507,38.422],[78.35,37.685],[79.198,37.206],[79.377,37.416],[79.367,37.325],[79.694,37.517],[79.884,37.471],[80.097,37.637],[80.198,37.746],[80.353,37.93],[80.505,38.039],[80.477,37.966],[80.436,37.607],[79.931,37.262],[80.103,37.289],[80.011,37.124],[79.902,36.949],[80.088,36.808],[80.242,36.526],[80.317,36.394],[80.416,36.279]]],[[[79.884,37.471],[79.776,37.285],[79.584,37.331],[79.618,37.392],[79.374,37.174],[78.543,37.574],[78.442,37.642],[78.35,37.685],[77.741,37.637],[77.64,37.377],[77.665,37.145],[77.608,36.935],[77.493,36.793],[77.623,36.643],[77.504,36.561],[77.579,36.449],[77.811,36.295],[77.791,36.112],[77.873,35.995],[77.867,35.881],[77.826,35.748],[77.814,35.603],[77.918,35.491],[78.049,35.491],[78.021,35.315],[78.079,35.1],[78.161,34.991],[78.237,34.882],[78.281,34.623],[78.493,34.578],[78.618,34.536],[78.856,34.412],[79.04,34.334],[79.078,34.412],[79.327,34.443],[79.545,34.476],[79.801,34.479],[79.867,34.671],[79.927,34.849],[80.043,34.98],[80.236,35.148],[80.268,35.296],[80.444,35.417],[80.656,35.394],[80.844,35.345],[81.026,35.312],[81.142,35.365],[81.285,35.345],[81.441,35.334],[81.586,35.571],[81.41,35.761],[81.466,35.952],[81.429,36.157],[81.357,36.444],[81.275,36.142],[81.007,36.261],[80.815,36.292],[80.291,36.387],[80.289,36.533],[80.126,36.766],[79.891,36.904],[79.978,37.053],[80.113,37.227],[79.938,37.252],[80.011,37.401],[80.496,37.937],[80.56,38.085],[80.385,37.934],[80.194,37.765],[80.09,37.656],[79.902,37.508],[79.884,37.471]]],[[[79.71,37.38],[79.889,37.454],[79.783,37.581],[79.618,37.392],[79.704,37.377],[79.71,37.38]]],[[[79.776,37.285],[79.729,37.383],[79.681,37.375],[79.584,37.331],[79.776,37.285]]],[[[81.031,36.279],[81.034,36.276],[81.034,36.28],[81.031,36.28],[81.031,36.279]]]]}},{"type":"Feature","properties":{"id":"654000","名称":"伊犁哈萨克自治州","所属省":"新疆"},"geometry":{"type":"MultiPolygon","coordinates":[[[[84.951,43.484],[84.821,43.581],[84.635,43.72],[84.441,43.739],[84.288,43.731],[84.084,43.825],[84.03,43.88],[83.805,43.94],[83.572,44.01],[83.43,44.006],[83.238,44.044],[82.9,44.053],[82.573,44.137],[82.36,44.265],[82.032,44.285],[81.714,44.366],[81.591,44.416],[81.364,44.405],[81.364,44.253],[81.242,44.206],[81.126,44.055],[81.083,43.931],[80.906,43.947],[80.917,43.889],[81.126,43.871],[80.74,43.889],[80.775,43.803],[80.632,43.663],[80.686,43.334],[80.789,43.242],[80.733,43.131],[80.483,43.069],[80.487,42.949],[80.427,42.857],[80.26,42.825],[80.178,42.668],[80.21,42.47],[80.284,42.321],[80.472,42.322],[80.657,42.366],[80.963,42.362],[81.098,42.292],[81.271,42.344],[81.387,42.354],[81.631,42.374],[81.805,42.406],[81.96,42.402],[82.133,42.44],[82.295,42.483],[82.585,42.544],[82.634,42.652],[82.47,42.843],[82.649,42.884],[82.824,42.955],[82.942,42.987],[83.16,43.006],[83.407,43.052],[83.628,43.081],[83.802,43.133],[84.039,43.146],[84.363,43.159],[84.504,43.164],[84.603,43.229],[84.532,43.293],[84.693,43.402],[84.787,43.466],[84.951,43.484]]],[[[81.079,43.966],[81.206,44.098],[81.325,44.226],[81.333,44.348],[81.211,44.463],[80.89,44.53],[80.708,44.602],[80.636,44.731],[80.349,44.805],[80.188,44.826],[80.413,44.611],[80.401,44.199],[80.521,44.07],[80.567,44.173],[80.699,44.068],[80.736,43.921],[80.805,43.93],[81.079,43.966]]],[[[85.113,44.344],[85.23,44.551],[85.01,44.575],[84.778,44.391],[85.113,44.344]]],[[[80.625,43.754],[80.67,43.754],[80.661,43.779],[80.577,43.784],[80.625,43.754]]]]}},{"type":"Feature","properties":{"id":"654200","名称":"塔城地区","所属省":"新疆"},"geometry":{"type":"MultiPolygon","coordinates":[[[[84.662,45.103],[84.579,45.311],[84.74,45.521],[84.792,45.664],[85.024,45.721],[85.228,45.85],[85.293,45.993],[85.296,46.165],[84.92,46.32],[84.894,46.494],[84.686,46.636],[84.761,46.794],[84.944,46.862],[84.748,47.01],[84.425,47.009],[84.195,47.004],[83.951,46.987],[83.699,47.016],[83.419,47.119],[83.258,47.173],[83.108,47.222],[82.938,47.014],[82.83,46.773],[82.609,46.295],[82.343,45.935],[82.29,45.717],[82.448,45.461],[82.683,45.154],[83.094,45.029],[83.513,44.939],[83.702,44.854],[83.76,44.633],[83.753,44.462],[83.531,44.415],[83.449,44.254],[83.469,44.037],[83.621,43.966],[83.886,43.953],[84.064,43.886],[84.23,43.774],[84.34,43.726],[84.492,43.735],[84.598,43.669],[84.849,43.57],[84.98,43.48],[85.171,43.511],[85.328,43.487],[85.597,43.531],[85.72,43.639],[85.768,43.791],[85.965,43.932],[86.096,44.126],[85.905,44.333],[86.043,44.452],[86.084,44.49],[85.989,44.638],[85.891,44.813],[85.671,45.278],[85.24,45.293],[85.238,45.08],[85.156,44.971],[85.047,44.77],[85.025,44.687],[85.239,44.599],[85.177,44.325],[84.996,44.311],[84.83,44.16],[84.798,44.259],[84.861,44.496],[84.802,44.683],[84.626,44.792],[84.636,44.93],[84.516,44.989],[84.54,45.095],[84.662,45.103]]],[[[85.246,45.329],[87.337,45.331],[87.037,46.504],[87.03,46.971],[86.493,47.09],[86.006,47.066],[85.54,47.057],[85.214,47.041],[84.987,46.918],[84.822,46.832],[84.726,46.716],[84.779,46.554],[84.901,46.403],[85.078,46.213],[85.419,46.128],[85.68,46.191],[85.993,46.124],[85.932,45.975],[85.814,45.895],[85.597,45.642],[85.388,45.436],[85.246,45.329]]]]}},{"type":"Feature","properties":{"id":"654300","名称":"阿勒泰地区","所属省":"新疆"},"geometry":{"type":"MultiPolygon","coordinates":[[[[88.43,47.258],[88.346,47.487],[88.462,47.682],[88.625,47.78],[88.564,47.882],[88.492,48.001],[88.641,48.182],[88.573,48.37],[88.361,48.433],[88.152,48.526],[87.973,48.576],[88.09,48.695],[87.961,48.773],[87.829,48.826],[87.814,48.945],[87.884,48.994],[87.867,49.109],[87.701,49.176],[87.496,49.132],[87.305,49.112],[87.088,49.134],[86.847,49.101],[86.73,48.956],[86.818,48.83],[86.702,48.665],[86.586,48.542],[86.271,48.453],[85.839,48.429],[85.662,48.243],[85.556,48.14],[85.618,47.551],[85.701,47.384],[85.583,47.143],[85.798,47.054],[86.198,47.042],[86.581,47.052],[87.152,47.344],[87.432,47.435],[87.556,47.357],[87.832,47.357],[87.863,47.318],[88.098,47.281],[88.43,47.258]]],[[[88.641,48.182],[88.492,48.001],[88.564,47.882],[88.625,47.78],[88.462,47.682],[88.346,47.487],[88.43,47.258],[88.274,47.133],[88.005,47.146],[87.743,47.205],[87.556,47.357],[87.481,47.411],[87.312,47.385],[87.016,47.285],[87.204,46.849],[87.336,46.005],[88.004,45.002],[90.292,45.177],[90.495,45.42],[90.8,45.835],[91.022,46.121],[90.9,46.312],[91.038,46.501],[91.036,46.67],[90.958,46.88],[90.831,46.996],[90.58,47.198],[90.526,47.379],[90.474,47.462],[90.346,47.637],[90.193,47.722],[90.087,47.866],[89.762,47.836],[89.603,47.963],[89.409,48.035],[89.282,47.994],[89.045,48.01],[88.824,48.107],[88.641,48.182]]]]}},{"type":"Feature","properties":{"id":"659001","名称":"石河子市","所属省":"新疆"},"geometry":{"type":"MultiPolygon","coordinates":[[[[86.123,44.449],[85.981,44.407],[85.986,44.157],[86.124,44.266],[86.123,44.449]]]]}},{"type":"Feature","properties":{"id":"659002","名称":"阿拉尔市","所属省":"新疆"},"geometry":{"type":"MultiPolygon","coordinates":[[[[81.884,40.941],[81.326,40.805],[80.867,40.659],[80.592,40.62],[80.696,40.52],[80.828,40.477],[80.674,40.512],[80.606,40.423],[80.931,40.433],[81.281,40.436],[81.979,40.468],[81.813,40.813],[81.884,40.941]]]]}},{"type":"Feature","properties":{"id":"659003","名称":"图木舒克市","所属省":"新疆"},"geometry":{"type":"MultiPolygon","coordinates":[[[[79.191,39.721],[79.289,39.815],[79.535,39.863],[79.483,40.098],[79.039,39.981],[78.99,39.868],[79.005,39.801],[78.884,39.704],[78.81,39.744],[78.657,39.736],[78.797,39.653],[79.004,39.659],[79.191,39.721]]]]}},{"type":"Feature","properties":{"id":"659004","名称":"五家渠市","所属省":"新疆"},"geometry":{"type":"MultiPolygon","coordinates":[[[[87.505,44.066],[87.577,44.117],[87.653,44.196],[87.693,44.37],[87.599,44.478],[87.514,44.549],[87.43,44.408],[87.523,44.227],[87.505,44.066]]]]}},{"type":"Feature","properties":{"id":"659005","名称":"北屯市","所属省":"新疆"},"geometry":{"type":"MultiPolygon","coordinates":[[[[87.556,47.357],[87.743,47.205],[88.005,47.146],[88.274,47.133],[88.43,47.258],[88.098,47.281],[87.863,47.318],[87.832,47.357],[87.556,47.357]]],[[[87.54,47.43],[87.481,47.411],[87.49,47.401],[87.555,47.421],[87.54,47.43]]]]}},{"type":"Feature","properties":{"id":"659006","名称":"铁门关市","所属省":"新疆"},"geometry":{"type":"MultiPolygon","coordinates":[[[[85.512,41.915],[85.491,41.755],[85.727,41.661],[85.793,41.826],[85.512,41.915]]],[[[86.1,41.798],[85.895,41.822],[85.877,41.779],[85.889,41.764],[86.091,41.771],[86.1,41.798]]],[[[85.437,41.932],[85.444,41.938],[85.409,41.942],[85.437,41.932]]]]}},{"type":"Feature","properties":{"id":"659007","名称":"双河市","所属省":"新疆"},"geometry":{"type":"MultiPolygon","coordinates":[[[[82.207,44.821],[82.5,44.741],[82.667,44.77],[82.68,44.871],[82.496,44.884],[82.223,44.889],[82.089,44.879],[82.083,44.838],[82.207,44.821]]],[[[82.2,44.984],[81.994,44.961],[82.201,44.918],[82.2,44.984]]],[[[82.236,44.682],[82.126,44.681],[82.157,44.67],[82.236,44.682]]],[[[82.394,44.67],[82.347,44.691],[82.359,44.668],[82.394,44.67]]],[[[82.454,45.069],[82.296,45.107],[82.273,45.091],[82.287,45.051],[82.275,45.03],[82.439,45.007],[82.454,45.069]]]]}},{"type":"Feature","properties":{"id":"659008","名称":"可克达拉市","所属省":"新疆"},"geometry":{"type":"MultiPolygon","coordinates":[[[[80.441,44.084],[80.475,43.939],[80.625,43.754],[80.72,43.891],[80.679,44.063],[80.638,44.181],[80.531,44.03],[80.441,44.084]]],[[[80.74,43.889],[81.126,43.871],[80.917,43.889],[80.74,43.889]]],[[[80.935,43.93],[81.055,43.944],[80.987,43.99],[80.935,43.93]]],[[[80.625,43.754],[80.782,43.697],[80.672,43.845],[80.625,43.754]]],[[[81.055,43.944],[81.083,43.931],[81.076,43.961],[81.058,43.951],[81.055,43.944]]]]}},{"type":"Feature","properties":{"id":"659009","名称":"昆玉市","所属省":"新疆"},"geometry":{"type":"MultiPolygon","coordinates":[[[[79.618,37.392],[79.572,37.383],[79.58,37.34],[79.61,37.374],[79.618,37.392]]],[[[79.694,37.517],[79.699,37.561],[79.662,37.554],[79.633,37.474],[79.643,37.424],[79.687,37.447],[79.694,37.517]]],[[[78.543,37.574],[78.36,37.654],[78.491,37.617],[78.543,37.574]]],[[[79.367,37.325],[79.377,37.416],[79.198,37.206],[79.367,37.325]]],[[[81.047,36.251],[81.05,36.315],[81.034,36.28],[81.034,36.276],[81.032,36.259],[81.047,36.251]]],[[[79.783,37.581],[79.784,37.537],[79.819,37.538],[79.818,37.575],[79.783,37.581]]]]}},{"type":"Feature","properties":{"id":"659010","名称":"胡杨河市","所属省":"新疆"},"geometry":{"type":"MultiPolygon","coordinates":[[[[84.854,44.552],[85.025,44.687],[84.954,44.8],[84.917,44.889],[84.657,45.063],[84.54,45.095],[84.516,44.989],[84.636,44.93],[84.626,44.792],[84.802,44.683],[84.854,44.552]]]]}},{"type":"Feature","properties":{"id":"810000","名称":"香港特别行政区","所属省":"香港"},"geometry":{"type":"MultiPolygon","coordinates":[[[[114.032,22.504],[113.92,22.368],[114.026,22.348],[113.889,22.271],[113.936,22.205],[114.005,22.239],[114.121,22.321],[114.201,22.232],[114.262,22.295],[114.316,22.3],[114.323,22.386],[114.395,22.362],[114.376,22.436],[114.206,22.45],[114.31,22.497],[114.26,22.548],[114.166,22.559],[114.032,22.504]]],[[[114.143,22.214],[114.124,22.239],[114.121,22.178],[114.155,22.178],[114.167,22.205],[114.143,22.214]]],[[[114.306,22.372],[114.314,22.341],[114.333,22.354],[114.305,22.373],[114.306,22.372]]],[[[114.32,22.381],[114.324,22.384],[114.324,22.385],[114.323,22.386],[114.323,22.386],[114.319,22.382],[114.32,22.382],[114.32,22.381]]],[[[114.306,22.369],[114.306,22.372],[114.305,22.373],[114.306,22.369]]],[[[114.316,22.299],[114.317,22.299],[114.316,22.3],[114.316,22.3],[114.316,22.299]]],[[[114.319,22.382],[114.32,22.381],[114.32,22.382],[114.319,22.382]]],[[[114.372,22.323],[114.373,22.324],[114.372,22.324],[114.372,22.323]]],[[[114.324,22.297],[114.324,22.297],[114.324,22.298],[114.324,22.297]]]]}},{"type":"Feature","properties":{"id":"820000","名称":"澳门特别行政区","所属省":"澳门"},"geometry":{"type":"MultiPolygon","coordinates":[[[[113.554,22.108],[113.604,22.132],[113.576,22.195],[113.559,22.212],[113.538,22.209],[113.535,22.174],[113.554,22.142],[113.554,22.108]]],[[[113.587,22.201],[113.576,22.201],[113.576,22.195],[113.587,22.201]]]]}},{"type":"Feature","properties":{"id":"TW-台東縣","名称":"台東縣","所属省":"台湾"},"geometry":{"type":"MultiPolygon","coordinates":[[[[121.601,22.018],[121.601,22.017],[121.601,22.017],[121.601,22.018],[121.601,22.018]]],[[[121.601,21.954],[121.602,21.953],[121.602,21.953],[121.601,21.953],[121.601,21.953],[121.601,21.954]]],[[[121.615,21.951],[121.615,21.95],[121.615,21.95],[121.615,21.951],[121.615,21.951]]],[[[121.609,21.944],[121.61,21.954],[121.615,21.95],[121.61,21.945],[121.609,21.944]]],[[[121.419,23.225],[121.419,23.225],[121.419,23.225],[121.419,23.225]]],[[[121.418,23.224],[121.418,23.224],[121.418,23.224],[121.418,23.224],[121.418,23.224]]],[[[121.418,23.224],[121.418,23.224],[121.418,23.223],[121.418,23.224]]],[[[121.417,23.224],[121.418,23.223],[121.417,23.223],[121.417,23.223],[121.417,23.224]]],[[[121.415,23.221],[121.415,23.221],[121.415,23.221],[121.415,23.22],[121.415,23.22],[121.415,23.22],[121.415,23.22],[121.415,23.221],[121.415,23.221],[121.415,23.221]]],[[[121.416,23.22],[121.415,23.219],[121.415,23.22],[121.416,23.22]]],[[[121.414,23.218],[121.414,23.218],[121.414,23.218],[121.414,23.218],[121.414,23.218],[121.414,23.218],[121.414,23.218],[121.414,23.218],[121.414,23.218],[121.414,23.218],[121.414,23.218],[121.414,23.218]]],[[[121.413,23.217],[121.413,23.216],[121.413,23.216],[121.413,23.217]]],[[[121.412,23.216],[121.412,23.216],[121.412,23.216],[121.412,23.216]]],[[[121.41,23.215],[121.411,23.215],[121.411,23.215],[121.41,23.215],[121.41,23.215]]],[[[121.41,23.214],[121.41,23.214],[121.41,23.214],[121.41,23.214],[121.41,23.214],[121.41,23.214],[121.41,23.214],[121.41,23.214],[121.41,23.214],[121.41,23.214],[121.41,23.214]]],[[[121.407,23.183],[121.407,23.182],[121.406,23.182],[121.406,23.183],[121.407,23.183]]],[[[121.405,23.18],[121.405,23.18],[121.405,23.18],[121.405,23.18]]],[[[121.405,23.179],[121.405,23.179],[121.404,23.178],[121.404,23.178],[121.405,23.179]]],[[[121.418,23.127],[121.417,23.128],[121.418,23.128],[121.418,23.128],[121.418,23.128],[121.418,23.127]]],[[[121.418,23.127],[121.418,23.127],[121.418,23.127],[121.418,23.127],[121.418,23.127]]],[[[121.426,23.126],[121.426,23.126],[121.426,23.126],[121.425,23.126],[121.426,23.126]]],[[[121.41,23.125],[121.41,23.124],[121.41,23.125],[121.41,23.125]]],[[[121.419,23.123],[121.419,23.123],[121.419,23.123],[121.419,23.123]]],[[[121.415,23.122],[121.415,23.122],[121.415,23.122],[121.415,23.123],[121.415,23.122]]],[[[121.417,23.123],[121.417,23.122],[121.416,23.122],[121.417,23.123]]],[[[121.399,23.115],[121.399,23.115],[121.399,23.115],[121.399,23.115]]],[[[121.395,23.114],[121.395,23.114],[121.395,23.114],[121.395,23.114],[121.395,23.114]]],[[[121.401,23.113],[121.401,23.113],[121.401,23.113],[121.401,23.113]]],[[[121.394,23.112],[121.394,23.112],[121.394,23.111],[121.394,23.112]]],[[[121.394,23.111],[121.394,23.111],[121.394,23.111],[121.394,23.111]]],[[[121.394,23.111],[121.394,23.111],[121.394,23.11],[121.394,23.11],[121.394,23.11],[121.393,23.11],[121.393,23.11],[121.393,23.11],[121.394,23.111],[121.394,23.111]]],[[[121.392,23.108],[121.392,23.108],[121.391,23.108],[121.391,23.108],[121.391,23.108],[121.392,23.108]]],[[[121.391,23.108],[121.391,23.108],[121.391,23.107],[121.39,23.107],[121.391,23.108]]],[[[121.391,23.107],[121.391,23.107],[121.391,23.107],[121.391,23.107]]],[[[121.39,23.106],[121.39,23.106],[121.39,23.106],[121.39,23.106],[121.39,23.106]]],[[[121.388,23.104],[121.388,23.104],[121.388,23.104],[121.388,23.104]]],[[[121.387,23.102],[121.387,23.102],[121.387,23.102],[121.387,23.102]]],[[[121.387,23.102],[121.388,23.101],[121.386,23.1],[121.385,23.1],[121.386,23.102],[121.387,23.102]]],[[[121.385,23.099],[121.386,23.098],[121.385,23.097],[121.385,23.098],[121.385,23.099]]],[[[121.384,23.097],[121.384,23.097],[121.384,23.097],[121.384,23.097],[121.384,23.097]]],[[[121.383,23.097],[121.384,23.096],[121.384,23.096],[121.384,23.096],[121.383,23.097]]],[[[121.383,23.096],[121.384,23.096],[121.384,23.096],[121.384,23.096],[121.384,23.096],[121.384,23.096],[121.383,23.096],[121.383,23.096],[121.383,23.096],[121.383,23.096],[121.383,23.096],[121.383,23.096]]],[[[121.383,23.095],[121.384,23.093],[121.383,23.094],[121.383,23.095]]],[[[121.385,23.092],[121.385,23.092],[121.384,23.092],[121.384,23.092],[121.385,23.092]]],[[[121.359,23.086],[121.359,23.086],[121.358,23.086],[121.358,23.086],[121.359,23.086]]],[[[121.359,23.083],[121.358,23.081],[121.358,23.081],[121.358,23.082],[121.359,23.083]]],[[[121.275,22.923],[121.274,22.922],[121.273,22.92],[121.272,22.92],[121.275,22.923]]],[[[121.263,22.907],[121.261,22.904],[121.259,22.898],[121.258,22.898],[121.259,22.899],[121.26,22.901],[121.261,22.904],[121.263,22.907]]],[[[121.188,22.832],[121.188,22.832],[121.188,22.832],[121.188,22.832],[121.188,22.832],[121.188,22.832],[121.188,22.832],[121.188,22.832],[121.188,22.832],[121.188,22.832],[121.188,22.832],[121.188,22.832]]],[[[121.188,22.831],[121.188,22.831],[121.188,22.831],[121.188,22.831],[121.188,22.831]]],[[[121.192,22.829],[121.194,22.829],[121.192,22.829],[121.192,22.829]]],[[[121.198,22.827],[121.198,22.827],[121.198,22.827],[121.198,22.827]]],[[[121.196,22.827],[121.193,22.825],[121.192,22.826],[121.196,22.827]]],[[[121.52,22.685],[121.52,22.685],[121.521,22.686],[121.522,22.685],[121.521,22.685],[121.52,22.685]]],[[[121.512,22.68],[121.51,22.681],[121.51,22.682],[121.511,22.682],[121.512,22.681],[121.512,22.68]]],[[[121.514,22.68],[121.513,22.68],[121.513,22.681],[121.514,22.681],[121.514,22.681],[121.514,22.68]]],[[[121.491,22.68],[121.49,22.68],[121.49,22.68],[121.491,22.68]]],[[[121.512,22.68],[121.512,22.68],[121.512,22.68],[121.512,22.68]]],[[[121.511,22.679],[121.51,22.68],[121.511,22.68],[121.511,22.68],[121.511,22.68],[121.511,22.679]]],[[[121.512,22.67],[121.511,22.669],[121.511,22.67],[121.511,22.67],[121.512,22.67]]],[[[121.513,22.667],[121.513,22.667],[121.513,22.667],[121.513,22.667]]],[[[121.512,22.665],[121.512,22.665],[121.511,22.665],[121.512,22.665]]],[[[121.513,22.663],[121.512,22.663],[121.512,22.664],[121.512,22.664],[121.513,22.664],[121.513,22.663],[121.513,22.663]]],[[[121.508,22.659],[121.508,22.659],[121.508,22.659],[121.508,22.659],[121.507,22.659],[121.507,22.659],[121.507,22.659],[121.508,22.659]]],[[[121.501,22.647],[121.5,22.646],[121.503,22.644],[121.505,22.641],[121.506,22.638],[121.508,22.636],[121.509,22.635],[121.51,22.634],[121.508,22.633],[121.507,22.633],[121.504,22.634],[121.501,22.634],[121.497,22.633],[121.493,22.637],[121.49,22.641],[121.488,22.642],[121.482,22.645],[121.478,22.645],[121.475,22.646],[121.473,22.646],[121.474,22.651],[121.474,22.655],[121.474,22.659],[121.476,22.66],[121.474,22.66],[121.469,22.666],[121.464,22.672],[121.463,22.675],[121.464,22.677],[121.465,22.679],[121.469,22.679],[121.471,22.678],[121.473,22.677],[121.475,22.677],[121.478,22.676],[121.483,22.678],[121.486,22.679],[121.487,22.679],[121.488,22.679],[121.491,22.679],[121.491,22.68],[121.492,22.679],[121.492,22.678],[121.493,22.676],[121.495,22.677],[121.496,22.677],[121.498,22.677],[121.499,22.677],[121.501,22.677],[121.504,22.678],[121.507,22.678],[121.509,22.679],[121.51,22.677],[121.51,22.674],[121.511,22.671],[121.511,22.669],[121.512,22.667],[121.512,22.666],[121.51,22.663],[121.51,22.662],[121.508,22.66],[121.507,22.658],[121.508,22.654],[121.507,22.653],[121.506,22.652],[121.505,22.651],[121.503,22.651],[121.502,22.65],[121.502,22.648],[121.501,22.647]]],[[[121.51,22.654],[121.508,22.655],[121.51,22.656],[121.511,22.656],[121.511,22.654],[121.51,22.654]]],[[[121.508,22.65],[121.507,22.65],[121.507,22.65],[121.507,22.65],[121.507,22.65],[121.508,22.65],[121.508,22.65],[121.508,22.65],[121.508,22.65],[121.508,22.65]]],[[[121.505,22.642],[121.505,22.642],[121.505,22.642],[121.504,22.642],[121.505,22.642]]],[[[121.508,22.633],[121.508,22.633],[121.508,22.632],[121.508,22.633],[121.508,22.633],[121.508,22.633]]],[[[121.447,23.444],[121.46,23.442],[121.475,23.439],[121.484,23.43],[121.496,23.434],[121.488,23.419],[121.482,23.399],[121.474,23.383],[121.472,23.361],[121.468,23.344],[121.466,23.322],[121.456,23.312],[121.455,23.314],[121.444,23.306],[121.431,23.287],[121.42,23.256],[121.416,23.237],[121.416,23.227],[121.419,23.227],[121.42,23.227],[121.419,23.226],[121.419,23.225],[121.419,23.225],[121.418,23.224],[121.417,23.223],[121.417,23.221],[121.415,23.221],[121.415,23.22],[121.412,23.217],[121.412,23.216],[121.41,23.215],[121.41,23.214],[121.409,23.213],[121.403,23.212],[121.396,23.199],[121.397,23.191],[121.402,23.179],[121.403,23.173],[121.407,23.164],[121.404,23.159],[121.404,23.157],[121.4,23.15],[121.41,23.123],[121.415,23.125],[121.421,23.126],[121.423,23.126],[121.424,23.125],[121.423,23.125],[121.421,23.125],[121.418,23.123],[121.411,23.122],[121.402,23.114],[121.395,23.115],[121.391,23.108],[121.388,23.105],[121.387,23.104],[121.383,23.097],[121.383,23.096],[121.382,23.096],[121.381,23.098],[121.379,23.098],[121.373,23.096],[121.364,23.095],[121.357,23.085],[121.355,23.078],[121.348,23.066],[121.344,23.046],[121.335,23.021],[121.327,23.01],[121.323,22.993],[121.308,22.971],[121.293,22.954],[121.287,22.949],[121.285,22.95],[121.281,22.943],[121.274,22.925],[121.26,22.904],[121.255,22.895],[121.247,22.881],[121.236,22.872],[121.228,22.866],[121.211,22.864],[121.199,22.858],[121.19,22.844],[121.188,22.838],[121.187,22.835],[121.187,22.831],[121.189,22.828],[121.191,22.827],[121.193,22.821],[121.195,22.817],[121.197,22.815],[121.197,22.814],[121.197,22.809],[121.2,22.802],[121.201,22.796],[121.198,22.793],[121.195,22.792],[121.191,22.791],[121.18,22.773],[121.173,22.755],[121.152,22.743],[121.118,22.714],[121.095,22.704],[121.079,22.696],[121.066,22.683],[121.052,22.675],[121.022,22.647],[121.012,22.615],[121.01,22.595],[120.98,22.561],[120.958,22.5],[120.95,22.47],[120.947,22.457],[120.928,22.416],[120.922,22.401],[120.913,22.379],[120.909,22.363],[120.896,22.337],[120.892,22.309],[120.892,22.288],[120.892,22.278],[120.893,22.268],[120.895,22.262],[120.896,22.252],[120.885,22.241],[120.872,22.233],[120.864,22.233],[120.853,22.242],[120.84,22.244],[120.83,22.252],[120.819,22.261],[120.808,22.259],[120.799,22.263],[120.8,22.277],[120.805,22.284],[120.79,22.292],[120.778,22.299],[120.795,22.322],[120.785,22.346],[120.763,22.354],[120.745,22.37],[120.754,22.397],[120.767,22.409],[120.787,22.415],[120.775,22.445],[120.752,22.461],[120.758,22.487],[120.754,22.511],[120.739,22.555],[120.746,22.59],[120.761,22.628],[120.786,22.661],[120.787,22.693],[120.819,22.691],[120.838,22.699],[120.851,22.717],[120.883,22.717],[120.894,22.75],[120.903,22.773],[120.898,22.806],[120.877,22.813],[120.862,22.826],[120.868,22.85],[120.863,22.866],[120.85,22.879],[120.831,22.902],[120.829,22.923],[120.824,22.951],[120.83,22.971],[120.841,22.984],[120.852,23.001],[120.862,23.018],[120.88,23.036],[120.871,23.062],[120.886,23.091],[120.886,23.117],[120.885,23.145],[120.895,23.161],[120.907,23.18],[120.907,23.203],[120.912,23.229],[120.926,23.244],[120.944,23.252],[120.962,23.271],[120.981,23.281],[121.014,23.293],[121.04,23.3],[121.059,23.285],[121.062,23.269],[121.067,23.257],[121.079,23.237],[121.094,23.232],[121.12,23.225],[121.138,23.207],[121.163,23.206],[121.184,23.205],[121.199,23.183],[121.21,23.16],[121.217,23.143],[121.239,23.129],[121.256,23.127],[121.265,23.115],[121.268,23.102],[121.284,23.105],[121.299,23.109],[121.318,23.112],[121.321,23.135],[121.326,23.151],[121.317,23.165],[121.324,23.178],[121.335,23.178],[121.338,23.188],[121.343,23.2],[121.346,23.214],[121.356,23.223],[121.353,23.233],[121.362,23.247],[121.369,23.262],[121.378,23.28],[121.378,23.298],[121.388,23.311],[121.4,23.323],[121.408,23.343],[121.421,23.354],[121.415,23.362],[121.404,23.374],[121.407,23.394],[121.416,23.41],[121.42,23.42],[121.433,23.433],[121.444,23.441],[121.447,23.444]]],[[[121.506,22.087],[121.506,22.088],[121.506,22.088],[121.506,22.087]]],[[[121.571,22.086],[121.57,22.085],[121.57,22.086],[121.571,22.086]]],[[[121.526,22.083],[121.526,22.083],[121.526,22.084],[121.526,22.084],[121.526,22.083]]],[[[121.518,22.082],[121.518,22.082],[121.518,22.082],[121.518,22.082],[121.518,22.082]]],[[[121.511,22.082],[121.512,22.082],[121.511,22.082],[121.511,22.082]]],[[[121.58,22.078],[121.577,22.079],[121.578,22.081],[121.58,22.08],[121.582,22.08],[121.582,22.078],[121.58,22.078]]],[[[121.57,22.069],[121.57,22.069],[121.57,22.069],[121.57,22.069],[121.57,22.069]]],[[[121.57,22.068],[121.57,22.068],[121.57,22.068],[121.57,22.068],[121.57,22.068],[121.57,22.068]]],[[[121.568,22.058],[121.568,22.058],[121.568,22.058],[121.568,22.058],[121.568,22.058]]],[[[121.567,22.057],[121.568,22.057],[121.568,22.056],[121.567,22.056],[121.567,22.057]]],[[[121.508,22.052],[121.508,22.051],[121.507,22.051],[121.507,22.052],[121.507,22.052],[121.508,22.052]]],[[[121.509,22.069],[121.503,22.078],[121.511,22.082],[121.519,22.081],[121.529,22.081],[121.534,22.082],[121.536,22.081],[121.547,22.083],[121.556,22.084],[121.567,22.086],[121.571,22.081],[121.569,22.07],[121.572,22.064],[121.573,22.061],[121.567,22.058],[121.566,22.057],[121.567,22.057],[121.564,22.051],[121.568,22.041],[121.58,22.033],[121.598,22.023],[121.6,22.018],[121.598,22.015],[121.595,22.005],[121.588,22.001],[121.583,22.003],[121.575,22.003],[121.566,22.013],[121.555,22.023],[121.547,22.026],[121.545,22.026],[121.543,22.025],[121.542,22.026],[121.541,22.025],[121.539,22.024],[121.535,22.026],[121.528,22.033],[121.523,22.04],[121.516,22.046],[121.509,22.046],[121.51,22.052],[121.508,22.055],[121.509,22.06],[121.509,22.063],[121.509,22.069]]],[[[121.545,22.026],[121.545,22.026],[121.545,22.026],[121.545,22.026]]],[[[121.544,22.025],[121.544,22.025],[121.544,22.025],[121.544,22.025],[121.544,22.025]]],[[[121.539,22.024],[121.539,22.023],[121.539,22.023],[121.538,22.024],[121.539,22.024]]],[[[121.601,22.02],[121.601,22.019],[121.601,22.019],[121.601,22.02],[121.601,22.02]]],[[[121.192,22.84],[121.192,22.84],[121.192,22.84],[121.192,22.84],[121.192,22.84]]]]}},{"type":"Feature","properties":{"id":"TW-宜蘭縣","名称":"宜蘭縣","所属省":"台湾"},"geometry":{"type":"MultiPolygon","coordinates":[[[[121.874,24.536],[121.876,24.535],[121.876,24.534],[121.876,24.534],[121.875,24.535],[121.874,24.535],[121.874,24.535],[121.874,24.536]]],[[[121.874,24.534],[121.874,24.534],[121.874,24.534],[121.874,24.534],[121.874,24.534]]],[[[121.861,24.527],[121.862,24.527],[121.861,24.528],[121.861,24.527]]],[[[121.965,24.983],[121.966,24.983],[121.966,24.983],[121.965,24.983],[121.965,24.983]]],[[[121.965,24.982],[121.965,24.982],[121.965,24.982],[121.965,24.982],[121.965,24.982],[121.965,24.982],[121.965,24.982],[121.965,24.982],[121.965,24.982],[121.965,24.982],[121.965,24.982],[121.965,24.982]]],[[[121.965,24.982],[121.965,24.982],[121.965,24.982],[121.965,24.982]]],[[[121.942,24.973],[121.942,24.973],[121.942,24.973],[121.942,24.973],[121.942,24.973]]],[[[121.922,24.961],[121.922,24.961],[121.922,24.96],[121.922,24.961]]],[[[121.92,24.956],[121.92,24.955],[121.92,24.955],[121.92,24.956]]],[[[121.919,24.954],[121.919,24.954],[121.919,24.953],[121.919,24.954]]],[[[121.914,24.951],[121.914,24.951],[121.914,24.951],[121.914,24.951]]],[[[121.914,24.951],[121.914,24.951],[121.914,24.951],[121.914,24.951]]],[[[121.91,24.948],[121.91,24.948],[121.91,24.948],[121.91,24.948],[121.91,24.948],[121.91,24.948],[121.91,24.948],[121.91,24.948],[121.91,24.948]]],[[[121.909,24.948],[121.909,24.948],[121.909,24.948],[121.909,24.948],[121.908,24.948],[121.908,24.948],[121.909,24.948],[121.909,24.948],[121.909,24.948],[121.909,24.948],[121.909,24.948]]],[[[121.907,24.947],[121.907,24.947],[121.906,24.947],[121.906,24.947],[121.907,24.947]]],[[[121.904,24.945],[121.905,24.945],[121.905,24.945],[121.904,24.945],[121.904,24.945]]],[[[121.905,24.943],[121.905,24.942],[121.904,24.943],[121.905,24.943]]],[[[121.905,24.941],[121.905,24.941],[121.904,24.941],[121.905,24.941]]],[[[121.904,24.941],[121.905,24.94],[121.905,24.94],[121.904,24.94],[121.904,24.94],[121.904,24.941]]],[[[121.895,24.939],[121.895,24.939],[121.894,24.938],[121.894,24.938],[121.893,24.938],[121.895,24.939]]],[[[121.885,24.921],[121.885,24.921],[121.885,24.921],[121.885,24.921],[121.885,24.921],[121.885,24.921],[121.885,24.921],[121.885,24.921],[121.885,24.921],[121.885,24.921],[121.885,24.921]]],[[[121.885,24.919],[121.885,24.919],[121.885,24.919],[121.885,24.919]]],[[[121.885,24.919],[121.885,24.918],[121.885,24.918],[121.885,24.919],[121.885,24.919]]],[[[121.885,24.918],[121.885,24.918],[121.885,24.918],[121.885,24.918],[121.885,24.918]]],[[[121.885,24.918],[121.885,24.917],[121.884,24.917],[121.884,24.917],[121.885,24.918]]],[[[121.883,24.917],[121.883,24.917],[121.883,24.917],[121.883,24.917],[121.883,24.916],[121.883,24.916],[121.883,24.917],[121.883,24.917],[121.883,24.917],[121.883,24.917],[121.883,24.917]]],[[[121.883,24.916],[121.883,24.916],[121.883,24.916],[121.883,24.916],[121.883,24.916],[121.883,24.916],[121.883,24.916],[121.883,24.916],[121.883,24.916],[121.883,24.916],[121.883,24.916],[121.883,24.916]]],[[[121.883,24.916],[121.883,24.916],[121.883,24.915],[121.883,24.915],[121.883,24.915],[121.883,24.915],[121.883,24.915],[121.883,24.916],[121.883,24.916]]],[[[121.883,24.915],[121.883,24.915],[121.883,24.915],[121.883,24.915]]],[[[121.879,24.913],[121.879,24.913],[121.879,24.913],[121.879,24.913]]],[[[121.875,24.909],[121.875,24.909],[121.875,24.909],[121.875,24.909],[121.875,24.909],[121.875,24.909],[121.875,24.909],[121.875,24.909],[121.875,24.909],[121.875,24.909],[121.875,24.909],[121.875,24.909]]],[[[121.875,24.909],[121.875,24.909],[121.875,24.909],[121.875,24.909],[121.875,24.909],[121.875,24.909],[121.875,24.909],[121.875,24.909],[121.875,24.909],[121.875,24.909],[121.875,24.909],[121.875,24.909]]],[[[121.858,24.893],[121.858,24.893],[121.858,24.893],[121.857,24.893],[121.858,24.893]]],[[[121.856,24.893],[121.856,24.892],[121.856,24.892],[121.856,24.893]]],[[[121.855,24.892],[121.855,24.892],[121.855,24.892],[121.855,24.892],[121.855,24.892],[121.855,24.892],[121.855,24.892],[121.855,24.892],[121.855,24.892]]],[[[121.854,24.892],[121.855,24.892],[121.855,24.891],[121.854,24.892]]],[[[121.854,24.891],[121.854,24.891],[121.854,24.891],[121.854,24.891],[121.854,24.891],[121.854,24.891],[121.854,24.891],[121.854,24.891],[121.854,24.891],[121.854,24.891]]],[[[121.853,24.892],[121.853,24.892],[121.853,24.891],[121.853,24.892]]],[[[121.85,24.887],[121.851,24.886],[121.851,24.886],[121.85,24.886],[121.85,24.886],[121.85,24.887]]],[[[121.85,24.886],[121.85,24.885],[121.849,24.885],[121.849,24.885],[121.849,24.886],[121.85,24.886]]],[[[121.849,24.885],[121.849,24.885],[121.849,24.884],[121.849,24.884],[121.849,24.884],[121.849,24.885],[121.849,24.885],[121.849,24.885],[121.849,24.885],[121.849,24.885],[121.849,24.885]]],[[[121.849,24.884],[121.849,24.884],[121.849,24.884],[121.849,24.884]]],[[[121.85,24.884],[121.85,24.884],[121.85,24.884],[121.85,24.884]]],[[[121.849,24.884],[121.849,24.884],[121.849,24.884],[121.849,24.884],[121.849,24.884],[121.849,24.884],[121.849,24.884],[121.849,24.884],[121.849,24.884],[121.849,24.884]]],[[[121.849,24.884],[121.849,24.883],[121.849,24.884],[121.849,24.884]]],[[[121.964,24.837],[121.958,24.837],[121.947,24.837],[121.938,24.844],[121.945,24.846],[121.952,24.851],[121.958,24.847],[121.963,24.84],[121.964,24.837]]],[[[121.965,24.839],[121.965,24.839],[121.965,24.839],[121.965,24.839],[121.965,24.839],[121.965,24.839],[121.965,24.839],[121.965,24.839],[121.965,24.839],[121.965,24.839],[121.965,24.839]]],[[[121.964,24.839],[121.965,24.838],[121.964,24.838],[121.964,24.839]]],[[[121.964,24.837],[121.965,24.837],[121.965,24.837],[121.964,24.837],[121.964,24.837],[121.964,24.837],[121.964,24.837],[121.964,24.837],[121.964,24.837],[121.964,24.837]]],[[[121.881,24.606],[121.88,24.605],[121.88,24.606],[121.88,24.606],[121.88,24.606],[121.881,24.606],[121.881,24.606],[121.881,24.606],[121.881,24.606]]],[[[121.882,24.605],[121.882,24.605],[121.882,24.605],[121.882,24.605]]],[[[121.889,24.605],[121.89,24.605],[121.89,24.605],[121.889,24.605],[121.889,24.605]]],[[[121.887,24.604],[121.887,24.603],[121.887,24.603],[121.887,24.604]]],[[[121.902,24.6],[121.903,24.6],[121.903,24.599],[121.903,24.599],[121.902,24.6],[121.902,24.6]]],[[[121.87,24.57],[121.87,24.569],[121.87,24.569],[121.87,24.569],[121.87,24.569],[121.87,24.57],[121.87,24.57],[121.87,24.57],[121.87,24.57],[121.87,24.57]]],[[[121.875,24.546],[121.875,24.545],[121.874,24.545],[121.875,24.546],[121.875,24.546]]],[[[121.874,24.544],[121.874,24.544],[121.874,24.544],[121.874,24.544]]],[[[121.845,24.645],[121.85,24.635],[121.854,24.624],[121.861,24.614],[121.871,24.608],[121.879,24.605],[121.885,24.603],[121.884,24.601],[121.885,24.6],[121.886,24.599],[121.885,24.599],[121.879,24.599],[121.861,24.605],[121.866,24.597],[121.865,24.582],[121.871,24.583],[121.871,24.587],[121.872,24.585],[121.876,24.583],[121.877,24.581],[121.879,24.579],[121.875,24.578],[121.873,24.578],[121.87,24.57],[121.871,24.566],[121.871,24.56],[121.871,24.555],[121.872,24.55],[121.873,24.547],[121.873,24.544],[121.873,24.538],[121.874,24.534],[121.872,24.533],[121.871,24.531],[121.87,24.529],[121.867,24.529],[121.865,24.528],[121.862,24.528],[121.86,24.528],[121.851,24.523],[121.838,24.502],[121.85,24.495],[121.86,24.483],[121.847,24.478],[121.823,24.463],[121.812,24.443],[121.792,24.413],[121.788,24.383],[121.783,24.364],[121.771,24.333],[121.751,24.319],[121.721,24.326],[121.687,24.335],[121.673,24.344],[121.662,24.352],[121.651,24.359],[121.646,24.352],[121.635,24.365],[121.624,24.367],[121.627,24.354],[121.635,24.345],[121.629,24.334],[121.62,24.346],[121.612,24.336],[121.6,24.333],[121.601,24.323],[121.606,24.309],[121.588,24.316],[121.568,24.319],[121.548,24.336],[121.526,24.341],[121.506,24.343],[121.487,24.347],[121.468,24.355],[121.447,24.376],[121.422,24.382],[121.403,24.378],[121.387,24.371],[121.367,24.378],[121.361,24.39],[121.338,24.39],[121.325,24.403],[121.328,24.427],[121.32,24.448],[121.336,24.469],[121.348,24.485],[121.37,24.498],[121.385,24.512],[121.398,24.526],[121.398,24.548],[121.403,24.568],[121.403,24.59],[121.413,24.604],[121.428,24.607],[121.435,24.622],[121.445,24.639],[121.448,24.658],[121.469,24.672],[121.49,24.674],[121.507,24.682],[121.527,24.685],[121.539,24.695],[121.548,24.706],[121.57,24.714],[121.583,24.721],[121.596,24.729],[121.592,24.745],[121.589,24.757],[121.594,24.779],[121.604,24.789],[121.625,24.795],[121.63,24.809],[121.65,24.813],[121.666,24.815],[121.678,24.815],[121.689,24.817],[121.694,24.828],[121.703,24.835],[121.715,24.844],[121.729,24.854],[121.746,24.853],[121.758,24.857],[121.766,24.861],[121.776,24.866],[121.785,24.874],[121.782,24.889],[121.793,24.896],[121.799,24.901],[121.811,24.904],[121.821,24.904],[121.834,24.907],[121.846,24.919],[121.852,24.929],[121.842,24.94],[121.842,24.955],[121.852,24.96],[121.865,24.962],[121.887,24.964],[121.903,24.974],[121.912,24.977],[121.928,24.98],[121.941,24.985],[121.954,24.988],[121.966,24.983],[121.962,24.983],[121.959,24.982],[121.957,24.983],[121.954,24.981],[121.953,24.98],[121.951,24.98],[121.95,24.979],[121.945,24.977],[121.943,24.975],[121.942,24.974],[121.94,24.973],[121.938,24.974],[121.936,24.974],[121.928,24.97],[121.923,24.962],[121.922,24.962],[121.922,24.961],[121.92,24.959],[121.919,24.958],[121.919,24.956],[121.919,24.954],[121.917,24.953],[121.916,24.952],[121.915,24.952],[121.912,24.951],[121.909,24.949],[121.907,24.947],[121.904,24.943],[121.904,24.941],[121.903,24.941],[121.902,24.94],[121.898,24.941],[121.886,24.931],[121.888,24.928],[121.887,24.926],[121.885,24.923],[121.885,24.921],[121.885,24.92],[121.885,24.919],[121.885,24.918],[121.883,24.916],[121.883,24.916],[121.882,24.915],[121.881,24.914],[121.879,24.913],[121.878,24.912],[121.878,24.912],[121.878,24.911],[121.876,24.91],[121.875,24.909],[121.874,24.908],[121.872,24.904],[121.871,24.905],[121.871,24.903],[121.864,24.901],[121.863,24.898],[121.859,24.895],[121.858,24.893],[121.856,24.893],[121.855,24.892],[121.849,24.886],[121.84,24.872],[121.833,24.865],[121.836,24.864],[121.833,24.856],[121.826,24.837],[121.823,24.821],[121.822,24.818],[121.821,24.81],[121.82,24.801],[121.819,24.793],[121.818,24.784],[121.818,24.776],[121.819,24.77],[121.819,24.764],[121.82,24.753],[121.821,24.748],[121.825,24.736],[121.828,24.729],[121.832,24.722],[121.836,24.71],[121.836,24.703],[121.836,24.7],[121.837,24.691],[121.838,24.676],[121.84,24.663],[121.845,24.645]]]]}},{"type":"Feature","properties":{"id":"TW-台北市","名称":"台北市","所属省":"台湾"},"geometry":{"type":"Polygon","coordinates":[[[121.559,25.21],[121.571,25.197],[121.582,25.195],[121.583,25.189],[121.582,25.179],[121.579,25.166],[121.592,25.158],[121.596,25.144],[121.605,25.136],[121.602,25.126],[121.597,25.111],[121.615,25.104],[121.625,25.094],[121.624,25.081],[121.624,25.075],[121.621,25.071],[121.617,25.066],[121.621,25.055],[121.625,25.038],[121.637,25.034],[121.647,25.029],[121.655,25.028],[121.665,25.027],[121.65,25.024],[121.636,25.024],[121.624,25.018],[121.611,25.02],[121.597,25.014],[121.6,25],[121.601,24.988],[121.606,24.974],[121.62,24.969],[121.606,24.963],[121.594,24.963],[121.577,24.966],[121.561,24.965],[121.553,24.983],[121.545,24.987],[121.527,24.987],[121.522,25.017],[121.491,25.012],[121.503,25.048],[121.485,25.099],[121.459,25.122],[121.469,25.135],[121.484,25.151],[121.499,25.165],[121.506,25.171],[121.522,25.175],[121.536,25.187],[121.547,25.197],[121.554,25.206],[121.559,25.21]]]}},{"type":"Feature","properties":{"id":"TW-雲林縣","名称":"雲林縣","所属省":"台湾"},"geometry":{"type":"MultiPolygon","coordinates":[[[[120.13,23.569],[120.128,23.572],[120.128,23.575],[120.13,23.578],[120.132,23.577],[120.132,23.572],[120.13,23.569]]],[[[120.108,23.54],[120.115,23.556],[120.128,23.563],[120.131,23.558],[120.128,23.556],[120.12,23.55],[120.113,23.546],[120.108,23.54]]],[[[120.132,23.53],[120.127,23.538],[120.129,23.544],[120.135,23.546],[120.13,23.533],[120.132,23.53]]],[[[120.097,23.521],[120.093,23.534],[120.105,23.537],[120.106,23.532],[120.11,23.528],[120.098,23.526],[120.097,23.521]]],[[[120.06,23.49],[120.061,23.481],[120.054,23.481],[120.053,23.488],[120.052,23.481],[120.043,23.477],[120.048,23.492],[120.045,23.491],[120.039,23.479],[120.036,23.479],[120.025,23.475],[120.025,23.465],[120.014,23.46],[120.013,23.467],[120.016,23.448],[120.02,23.436],[120.013,23.447],[120.01,23.479],[120.023,23.488],[120.038,23.497],[120.061,23.512],[120.078,23.523],[120.088,23.52],[120.096,23.511],[120.083,23.511],[120.077,23.502],[120.067,23.501],[120.069,23.497],[120.067,23.492],[120.055,23.492],[120.06,23.49]]],[[[120.192,23.818],[120.192,23.818],[120.192,23.817],[120.192,23.818]]],[[[120.193,23.817],[120.193,23.816],[120.192,23.816],[120.193,23.817]]],[[[120.191,23.816],[120.189,23.814],[120.191,23.816],[120.191,23.816]]],[[[120.172,23.741],[120.172,23.744],[120.175,23.747],[120.177,23.749],[120.177,23.747],[120.175,23.745],[120.175,23.745],[120.172,23.741],[120.172,23.741]]],[[[120.174,23.742],[120.174,23.74],[120.174,23.739],[120.174,23.741],[120.174,23.742]]],[[[120.17,23.735],[120.166,23.729],[120.163,23.726],[120.157,23.719],[120.161,23.727],[120.17,23.735]]],[[[120.644,23.668],[120.639,23.66],[120.635,23.651],[120.632,23.639],[120.63,23.625],[120.642,23.627],[120.653,23.628],[120.659,23.612],[120.686,23.613],[120.705,23.617],[120.722,23.624],[120.726,23.606],[120.733,23.589],[120.727,23.57],[120.71,23.575],[120.681,23.571],[120.658,23.573],[120.646,23.576],[120.647,23.587],[120.637,23.592],[120.62,23.585],[120.603,23.583],[120.59,23.586],[120.578,23.583],[120.566,23.589],[120.553,23.594],[120.533,23.597],[120.515,23.614],[120.507,23.632],[120.493,23.633],[120.483,23.632],[120.461,23.629],[120.45,23.629],[120.436,23.624],[120.426,23.618],[120.415,23.622],[120.404,23.634],[120.386,23.621],[120.373,23.61],[120.358,23.595],[120.327,23.574],[120.308,23.563],[120.29,23.55],[120.268,23.53],[120.242,23.541],[120.218,23.506],[120.188,23.511],[120.146,23.524],[120.14,23.55],[120.138,23.562],[120.141,23.582],[120.14,23.614],[120.141,23.621],[120.141,23.629],[120.148,23.653],[120.16,23.676],[120.186,23.701],[120.171,23.705],[120.163,23.725],[120.174,23.741],[120.177,23.751],[120.198,23.767],[120.204,23.779],[120.18,23.759],[120.167,23.763],[120.165,23.769],[120.166,23.77],[120.172,23.776],[120.179,23.798],[120.179,23.797],[120.174,23.799],[120.172,23.797],[120.169,23.795],[120.168,23.796],[120.175,23.804],[120.183,23.808],[120.194,23.816],[120.195,23.82],[120.2,23.82],[120.224,23.819],[120.223,23.819],[120.221,23.842],[120.224,23.843],[120.227,23.846],[120.236,23.838],[120.248,23.838],[120.353,23.822],[120.428,23.83],[120.455,23.817],[120.517,23.8],[120.56,23.798],[120.615,23.791],[120.653,23.761],[120.648,23.736],[120.64,23.73],[120.641,23.719],[120.639,23.711],[120.644,23.704],[120.646,23.693],[120.648,23.681],[120.644,23.669],[120.644,23.668]]]]}},{"type":"Feature","properties":{"id":"TW-桃園縣","名称":"桃園縣","所属省":"台湾"},"geometry":{"type":"Polygon","coordinates":[[[121.19,25.094],[121.208,25.105],[121.231,25.113],[121.245,25.118],[121.247,25.119],[121.281,25.117],[121.289,25.107],[121.301,25.1],[121.314,25.095],[121.333,25.087],[121.35,25.082],[121.346,25.079],[121.344,25.075],[121.343,25.073],[121.353,25.073],[121.348,25.07],[121.379,25.066],[121.391,25.061],[121.388,25.057],[121.385,25.053],[121.393,25.055],[121.398,25.051],[121.398,25.049],[121.394,25.049],[121.4,25.046],[121.401,25.043],[121.392,25.043],[121.399,25.038],[121.399,25.035],[121.401,25.027],[121.411,25.02],[121.402,25.016],[121.393,25.011],[121.402,25.001],[121.394,24.994],[121.384,24.991],[121.376,24.981],[121.361,24.979],[121.345,24.98],[121.334,24.979],[121.324,24.972],[121.328,24.965],[121.325,24.944],[121.323,24.931],[121.321,24.92],[121.326,24.908],[121.328,24.896],[121.333,24.896],[121.34,24.893],[121.345,24.884],[121.353,24.872],[121.348,24.861],[121.358,24.853],[121.352,24.849],[121.346,24.85],[121.336,24.844],[121.352,24.844],[121.37,24.836],[121.384,24.838],[121.397,24.844],[121.412,24.838],[121.417,24.825],[121.435,24.813],[121.439,24.795],[121.45,24.787],[121.432,24.772],[121.428,24.752],[121.434,24.73],[121.449,24.712],[121.47,24.696],[121.477,24.678],[121.46,24.673],[121.451,24.651],[121.44,24.634],[121.433,24.619],[121.424,24.603],[121.409,24.599],[121.394,24.587],[121.366,24.601],[121.359,24.617],[121.364,24.632],[121.353,24.65],[121.353,24.663],[121.345,24.667],[121.339,24.675],[121.316,24.698],[121.303,24.705],[121.3,24.73],[121.306,24.752],[121.294,24.764],[121.273,24.775],[121.26,24.782],[121.255,24.794],[121.247,24.804],[121.234,24.804],[121.22,24.806],[121.21,24.81],[121.206,24.812],[121.2,24.815],[121.174,24.828],[121.169,24.834],[121.157,24.84],[121.153,24.847],[121.158,24.857],[121.161,24.86],[121.16,24.866],[121.157,24.878],[121.145,24.881],[121.134,24.878],[121.122,24.881],[121.108,24.886],[121.11,24.896],[121.083,24.899],[121.068,24.903],[121.058,24.91],[121.059,24.927],[121.053,24.938],[121.044,24.944],[121.029,24.945],[121.012,24.945],[120.996,24.939],[120.991,24.948],[120.999,24.954],[121.004,24.962],[121.013,24.978],[121.011,24.988],[121.017,24.988],[121.014,24.993],[121.021,25.004],[121.024,25.009],[121.029,25.018],[121.035,25.025],[121.042,25.031],[121.049,25.039],[121.058,25.043],[121.062,25.044],[121.07,25.046],[121.078,25.052],[121.084,25.053],[121.087,25.057],[121.092,25.062],[121.095,25.063],[121.104,25.069],[121.109,25.07],[121.113,25.071],[121.121,25.075],[121.135,25.077],[121.166,25.084],[121.189,25.093],[121.19,25.094]]]}},{"type":"Feature","properties":{"id":"TW-屏東縣","名称":"屏東縣","所属省":"台湾"},"geometry":{"type":"MultiPolygon","coordinates":[[[[120.703,22.056],[120.705,22.055],[120.702,22.056],[120.703,22.056]]],[[[120.359,22.322],[120.354,22.33],[120.363,22.342],[120.366,22.351],[120.384,22.353],[120.379,22.338],[120.365,22.324],[120.359,22.322]]],[[[120.889,22.131],[120.889,22.13],[120.889,22.131],[120.889,22.131]]],[[[120.888,22.126],[120.888,22.126],[120.889,22.125],[120.888,22.124],[120.888,22.125],[120.888,22.126],[120.888,22.126]]],[[[120.692,22.01],[120.688,22.019],[120.688,22.034],[120.698,22.043],[120.696,22.052],[120.706,22.057],[120.707,22.064],[120.703,22.078],[120.707,22.088],[120.717,22.094],[120.716,22.102],[120.713,22.109],[120.713,22.113],[120.71,22.117],[120.71,22.122],[120.703,22.137],[120.7,22.152],[120.694,22.172],[120.69,22.187],[120.681,22.216],[120.674,22.23],[120.651,22.253],[120.649,22.256],[120.649,22.279],[120.634,22.315],[120.597,22.358],[120.593,22.363],[120.584,22.372],[120.557,22.39],[120.551,22.394],[120.538,22.401],[120.534,22.404],[120.523,22.409],[120.507,22.416],[120.503,22.419],[120.5,22.421],[120.496,22.423],[120.49,22.426],[120.485,22.428],[120.458,22.445],[120.443,22.457],[120.441,22.466],[120.438,22.466],[120.434,22.473],[120.423,22.518],[120.441,22.558],[120.434,22.615],[120.44,22.673],[120.453,22.706],[120.454,22.757],[120.458,22.788],[120.473,22.836],[120.49,22.835],[120.504,22.832],[120.52,22.832],[120.534,22.831],[120.567,22.84],[120.621,22.876],[120.648,22.88],[120.659,22.866],[120.678,22.859],[120.708,22.881],[120.74,22.874],[120.756,22.863],[120.773,22.841],[120.792,22.846],[120.812,22.857],[120.834,22.866],[120.849,22.852],[120.862,22.847],[120.862,22.826],[120.877,22.813],[120.898,22.806],[120.903,22.773],[120.894,22.75],[120.883,22.717],[120.851,22.717],[120.838,22.699],[120.819,22.691],[120.787,22.693],[120.786,22.661],[120.761,22.628],[120.746,22.59],[120.739,22.555],[120.754,22.511],[120.758,22.487],[120.752,22.461],[120.775,22.445],[120.787,22.415],[120.767,22.409],[120.754,22.397],[120.745,22.37],[120.763,22.354],[120.785,22.346],[120.795,22.322],[120.778,22.299],[120.79,22.292],[120.805,22.284],[120.8,22.277],[120.799,22.263],[120.808,22.259],[120.819,22.261],[120.83,22.252],[120.84,22.244],[120.853,22.242],[120.864,22.233],[120.872,22.233],[120.885,22.241],[120.897,22.242],[120.899,22.233],[120.896,22.228],[120.894,22.221],[120.896,22.206],[120.895,22.201],[120.891,22.197],[120.891,22.189],[120.892,22.185],[120.893,22.18],[120.894,22.169],[120.891,22.162],[120.892,22.15],[120.897,22.144],[120.891,22.137],[120.887,22.13],[120.887,22.125],[120.888,22.12],[120.889,22.118],[120.891,22.114],[120.893,22.109],[120.894,22.108],[120.9,22.106],[120.901,22.104],[120.899,22.095],[120.895,22.09],[120.891,22.087],[120.891,22.081],[120.891,22.076],[120.893,22.07],[120.893,22.065],[120.894,22.061],[120.894,22.056],[120.894,22.054],[120.893,22.051],[120.894,22.048],[120.896,22.044],[120.899,22.039],[120.9,22.037],[120.901,22.034],[120.897,22.032],[120.892,22.029],[120.888,22.023],[120.885,22.016],[120.877,22.012],[120.878,22.007],[120.877,22.004],[120.874,21.999],[120.868,21.996],[120.863,21.993],[120.856,21.99],[120.845,21.988],[120.845,21.975],[120.842,21.964],[120.841,21.954],[120.843,21.946],[120.846,21.94],[120.849,21.933],[120.855,21.927],[120.862,21.914],[120.864,21.903],[120.849,21.901],[120.847,21.913],[120.834,21.922],[120.825,21.93],[120.818,21.934],[120.805,21.941],[120.788,21.945],[120.778,21.948],[120.756,21.957],[120.753,21.954],[120.751,21.952],[120.745,21.945],[120.746,21.934],[120.74,21.921],[120.731,21.919],[120.719,21.931],[120.711,21.936],[120.712,21.953],[120.716,21.972],[120.712,21.986],[120.706,21.996],[120.695,22.004],[120.692,22.01]]]]}},{"type":"Feature","properties":{"id":"TW-台中市","名称":"台中市","所属省":"台湾"},"geometry":{"type":"MultiPolygon","coordinates":[[[[120.53,24.316],[120.532,24.318],[120.535,24.319],[120.535,24.317],[120.533,24.316],[120.531,24.314],[120.531,24.314],[120.53,24.315],[120.53,24.316]]],[[[120.535,24.316],[120.534,24.314],[120.531,24.314],[120.533,24.315],[120.534,24.316],[120.535,24.316]]],[[[120.482,24.236],[120.491,24.261],[120.511,24.293],[120.523,24.311],[120.53,24.313],[120.534,24.311],[120.547,24.307],[120.546,24.319],[120.542,24.323],[120.553,24.326],[120.55,24.33],[120.551,24.331],[120.553,24.333],[120.553,24.336],[120.555,24.34],[120.559,24.352],[120.566,24.365],[120.568,24.366],[120.573,24.371],[120.576,24.374],[120.581,24.383],[120.587,24.39],[120.59,24.4],[120.594,24.407],[120.61,24.424],[120.611,24.426],[120.617,24.427],[120.616,24.431],[120.628,24.438],[120.64,24.424],[120.648,24.411],[120.667,24.398],[120.679,24.387],[120.695,24.366],[120.731,24.351],[120.759,24.328],[120.781,24.319],[120.798,24.316],[120.826,24.296],[120.858,24.289],[120.909,24.294],[120.92,24.315],[120.925,24.338],[120.946,24.339],[120.97,24.334],[120.995,24.33],[121.014,24.32],[121.037,24.297],[121.054,24.307],[121.07,24.316],[121.082,24.323],[121.098,24.324],[121.122,24.332],[121.132,24.35],[121.153,24.359],[121.171,24.366],[121.182,24.381],[121.2,24.398],[121.213,24.382],[121.234,24.393],[121.243,24.411],[121.256,24.425],[121.271,24.43],[121.296,24.433],[121.323,24.439],[121.326,24.416],[121.332,24.396],[121.35,24.393],[121.368,24.385],[121.375,24.369],[121.394,24.378],[121.414,24.38],[121.437,24.383],[121.448,24.363],[121.435,24.346],[121.431,24.321],[121.406,24.309],[121.392,24.289],[121.385,24.264],[121.367,24.253],[121.35,24.234],[121.326,24.233],[121.3,24.237],[121.287,24.23],[121.275,24.236],[121.265,24.246],[121.244,24.223],[121.228,24.227],[121.213,24.225],[121.19,24.216],[121.168,24.226],[121.154,24.215],[121.138,24.198],[121.114,24.198],[121.096,24.193],[121.081,24.176],[121.066,24.166],[121.05,24.159],[121.035,24.151],[121.024,24.159],[121.008,24.146],[121,24.131],[120.988,24.119],[120.965,24.12],[120.943,24.121],[120.917,24.108],[120.9,24.116],[120.894,24.109],[120.885,24.093],[120.877,24.092],[120.879,24.107],[120.869,24.118],[120.857,24.12],[120.842,24.121],[120.834,24.107],[120.828,24.093],[120.829,24.073],[120.814,24.069],[120.805,24.059],[120.8,24.048],[120.792,24.035],[120.786,24.029],[120.78,24.021],[120.771,24.011],[120.758,24.005],[120.748,23.999],[120.665,24.023],[120.646,24.029],[120.628,24.03],[120.624,24.049],[120.618,24.077],[120.609,24.102],[120.558,24.113],[120.531,24.128],[120.52,24.16],[120.492,24.214],[120.484,24.207],[120.475,24.209],[120.468,24.213],[120.475,24.223],[120.482,24.236]]]]}},{"type":"Feature","properties":{"id":"TW-台南市","名称":"台南市","所属省":"台湾"},"geometry":{"type":"Polygon","coordinates":[[[120.578,23.215],[120.59,23.233],[120.598,23.229],[120.618,23.226],[120.633,23.229],[120.648,23.227],[120.655,23.216],[120.645,23.205],[120.637,23.19],[120.637,23.177],[120.627,23.168],[120.615,23.16],[120.606,23.148],[120.599,23.14],[120.592,23.128],[120.586,23.111],[120.576,23.097],[120.566,23.081],[120.555,23.07],[120.538,23.061],[120.526,23.052],[120.516,23.042],[120.505,23.031],[120.487,23.019],[120.48,23.003],[120.463,23.003],[120.46,22.994],[120.455,22.99],[120.453,22.978],[120.443,22.977],[120.436,22.96],[120.428,22.942],[120.423,22.931],[120.418,22.92],[120.406,22.916],[120.397,22.923],[120.387,22.919],[120.381,22.92],[120.372,22.913],[120.368,22.904],[120.362,22.902],[120.359,22.897],[120.354,22.892],[120.35,22.89],[120.327,22.899],[120.308,22.901],[120.278,22.896],[120.258,22.897],[120.232,22.907],[120.21,22.913],[120.175,22.914],[120.169,22.954],[120.156,22.973],[120.157,22.974],[120.144,22.991],[120.136,22.999],[120.127,23.006],[120.112,23.017],[120.086,23.033],[120.033,23.07],[120.034,23.094],[120.037,23.104],[120.048,23.124],[120.068,23.171],[120.067,23.182],[120.067,23.184],[120.075,23.195],[120.079,23.202],[120.081,23.208],[120.075,23.213],[120.082,23.224],[120.081,23.23],[120.081,23.233],[120.081,23.235],[120.094,23.27],[120.095,23.289],[120.106,23.296],[120.108,23.297],[120.108,23.308],[120.116,23.334],[120.15,23.313],[120.174,23.3],[120.188,23.294],[120.209,23.291],[120.233,23.319],[120.258,23.333],[120.273,23.353],[120.284,23.357],[120.293,23.375],[120.312,23.387],[120.333,23.386],[120.358,23.402],[120.41,23.41],[120.422,23.407],[120.433,23.411],[120.44,23.413],[120.455,23.407],[120.467,23.401],[120.476,23.393],[120.484,23.392],[120.49,23.395],[120.498,23.391],[120.49,23.383],[120.484,23.369],[120.494,23.369],[120.505,23.369],[120.51,23.364],[120.512,23.361],[120.505,23.355],[120.507,23.344],[120.518,23.343],[120.525,23.339],[120.538,23.331],[120.531,23.317],[120.524,23.305],[120.524,23.29],[120.522,23.276],[120.529,23.261],[120.527,23.244],[120.522,23.235],[120.535,23.229],[120.549,23.223],[120.565,23.221],[120.578,23.215]]]}},{"type":"Feature","properties":{"id":"TW-基隆市","名称":"基隆市","所属省":"台湾"},"geometry":{"type":"MultiPolygon","coordinates":[[[[121.782,25.189],[121.785,25.194],[121.788,25.195],[121.788,25.193],[121.788,25.191],[121.782,25.189]]],[[[121.738,25.161],[121.739,25.161],[121.738,25.161],[121.738,25.161]]],[[[121.78,25.152],[121.78,25.152],[121.779,25.152],[121.779,25.152],[121.779,25.152],[121.78,25.152]]],[[[121.783,25.152],[121.783,25.151],[121.782,25.151],[121.782,25.152],[121.782,25.152],[121.782,25.152],[121.783,25.152],[121.783,25.152]]],[[[121.734,25.159],[121.738,25.161],[121.743,25.156],[121.748,25.156],[121.762,25.161],[121.763,25.163],[121.766,25.163],[121.769,25.162],[121.773,25.16],[121.777,25.159],[121.771,25.155],[121.776,25.154],[121.784,25.15],[121.785,25.147],[121.791,25.146],[121.793,25.147],[121.8,25.147],[121.807,25.146],[121.803,25.142],[121.804,25.134],[121.803,25.122],[121.796,25.122],[121.796,25.114],[121.779,25.117],[121.769,25.114],[121.753,25.111],[121.757,25.105],[121.759,25.096],[121.766,25.079],[121.772,25.064],[121.762,25.058],[121.75,25.057],[121.74,25.053],[121.727,25.057],[121.712,25.068],[121.692,25.07],[121.68,25.078],[121.679,25.087],[121.663,25.089],[121.653,25.097],[121.65,25.108],[121.646,25.12],[121.637,25.131],[121.627,25.14],[121.643,25.145],[121.658,25.152],[121.671,25.155],[121.685,25.16],[121.695,25.167],[121.702,25.173],[121.709,25.17],[121.707,25.166],[121.716,25.166],[121.73,25.163],[121.734,25.159]]],[[[121.783,25.195],[121.783,25.195],[121.784,25.196],[121.784,25.196],[121.784,25.195],[121.783,25.195]]]]}},{"type":"Feature","properties":{"id":"TW-連江縣","名称":"連江縣","所属省":"台湾"},"geometry":{"type":"MultiPolygon","coordinates":[[[[119.97,26.164],[119.969,26.164],[119.969,26.163],[119.969,26.163],[119.969,26.162],[119.969,26.161],[119.968,26.16],[119.968,26.159],[119.968,26.158],[119.966,26.157],[119.966,26.156],[119.966,26.156],[119.966,26.156],[119.965,26.156],[119.965,26.155],[119.964,26.155],[119.964,26.155],[119.965,26.154],[119.964,26.154],[119.964,26.153],[119.963,26.153],[119.963,26.152],[119.963,26.151],[119.962,26.151],[119.961,26.151],[119.961,26.15],[119.96,26.149],[119.959,26.151],[119.957,26.152],[119.954,26.151],[119.955,26.149],[119.955,26.148],[119.954,26.148],[119.953,26.147],[119.952,26.146],[119.951,26.145],[119.951,26.145],[119.95,26.144],[119.949,26.143],[119.949,26.143],[119.949,26.143],[119.948,26.142],[119.946,26.142],[119.944,26.142],[119.943,26.142],[119.942,26.143],[119.942,26.144],[119.941,26.144],[119.94,26.143],[119.939,26.142],[119.938,26.143],[119.937,26.143],[119.936,26.142],[119.936,26.142],[119.936,26.142],[119.936,26.141],[119.935,26.141],[119.936,26.139],[119.934,26.138],[119.933,26.139],[119.932,26.138],[119.931,26.137],[119.93,26.137],[119.929,26.137],[119.929,26.138],[119.929,26.14],[119.927,26.14],[119.926,26.14],[119.925,26.14],[119.924,26.14],[119.922,26.14],[119.921,26.14],[119.921,26.14],[119.919,26.141],[119.918,26.141],[119.918,26.142],[119.918,26.143],[119.917,26.144],[119.917,26.143],[119.916,26.143],[119.915,26.143],[119.914,26.144],[119.914,26.145],[119.915,26.146],[119.916,26.147],[119.917,26.149],[119.92,26.152],[119.919,26.153],[119.921,26.154],[119.922,26.157],[119.921,26.159],[119.918,26.158],[119.919,26.16],[119.92,26.161],[119.921,26.161],[119.923,26.162],[119.923,26.164],[119.923,26.164],[119.924,26.165],[119.924,26.166],[119.922,26.167],[119.921,26.168],[119.921,26.169],[119.921,26.171],[119.921,26.171],[119.921,26.172],[119.921,26.173],[119.922,26.174],[119.923,26.174],[119.923,26.174],[119.924,26.174],[119.924,26.174],[119.924,26.174],[119.925,26.174],[119.926,26.173],[119.926,26.173],[119.926,26.172],[119.927,26.171],[119.928,26.17],[119.93,26.171],[119.931,26.171],[119.933,26.171],[119.934,26.171],[119.935,26.171],[119.934,26.17],[119.934,26.169],[119.934,26.169],[119.933,26.168],[119.931,26.168],[119.932,26.167],[119.932,26.166],[119.931,26.165],[119.93,26.164],[119.93,26.162],[119.93,26.162],[119.93,26.16],[119.932,26.16],[119.933,26.16],[119.934,26.159],[119.935,26.16],[119.936,26.161],[119.937,26.16],[119.937,26.16],[119.937,26.158],[119.936,26.159],[119.937,26.158],[119.937,26.157],[119.94,26.158],[119.941,26.157],[119.94,26.156],[119.941,26.154],[119.942,26.154],[119.945,26.156],[119.947,26.156],[119.946,26.161],[119.949,26.161],[119.949,26.164],[119.952,26.165],[119.954,26.166],[119.957,26.167],[119.958,26.167],[119.959,26.166],[119.959,26.165],[119.958,26.163],[119.96,26.165],[119.961,26.166],[119.962,26.167],[119.963,26.167],[119.964,26.167],[119.965,26.167],[119.966,26.167],[119.966,26.167],[119.967,26.166],[119.968,26.166],[119.969,26.166],[119.97,26.166],[119.97,26.166],[119.971,26.166],[119.971,26.166],[119.972,26.167],[119.973,26.167],[119.974,26.167],[119.973,26.166],[119.973,26.166],[119.973,26.166],[119.972,26.166],[119.972,26.166],[119.972,26.166],[119.971,26.165],[119.971,26.165],[119.971,26.165],[119.971,26.164],[119.97,26.164]],[[119.97,26.164],[119.97,26.164],[119.97,26.164],[119.97,26.164],[119.97,26.164]],[[119.97,26.164],[119.97,26.164],[119.97,26.164],[119.97,26.164]],[[119.97,26.164],[119.97,26.164],[119.97,26.164],[119.97,26.164],[119.97,26.164],[119.97,26.164],[119.97,26.164]]],[[[120.004,26.248],[120.009,26.25],[120.011,26.246],[120.008,26.244],[120.002,26.241],[120.002,26.245],[120.004,26.248]]],[[[120.012,26.25],[120.013,26.25],[120.013,26.25],[120.013,26.25],[120.012,26.25]]],[[[120.013,26.251],[120.016,26.254],[120.02,26.253],[120.019,26.251],[120.013,26.251]]],[[[119.997,26.257],[119.998,26.257],[119.998,26.257],[119.998,26.257],[119.997,26.256],[119.997,26.257]]],[[[119.998,26.256],[119.999,26.256],[119.998,26.256],[119.998,26.256]]],[[[119.998,26.255],[119.998,26.255],[119.999,26.255],[119.999,26.255],[119.998,26.255]]],[[[119.981,26.271],[119.982,26.272],[119.983,26.271],[119.981,26.271]]],[[[119.987,26.277],[119.992,26.28],[119.996,26.282],[119.997,26.281],[119.995,26.279],[119.996,26.277],[119.997,26.275],[119.998,26.274],[119.994,26.272],[119.996,26.269],[119.995,26.267],[119.992,26.266],[119.987,26.265],[119.985,26.268],[119.984,26.27],[119.988,26.272],[119.987,26.277]]],[[[120.02,26.238],[120.021,26.238],[120.023,26.238],[120.022,26.237],[120.022,26.237],[120.022,26.236],[120.02,26.237],[120.02,26.238]]],[[[120.02,26.238],[120.018,26.235],[120.018,26.239],[120.02,26.239],[120.02,26.238]]],[[[119.998,26.256],[119.999,26.256],[119.999,26.255],[119.998,26.256]]],[[[119.992,26.284],[119.992,26.284],[119.992,26.284],[119.992,26.283],[119.992,26.284]]],[[[120.02,26.227],[120.02,26.227],[120.02,26.227],[120.02,26.227],[120.02,26.227],[120.02,26.227]]],[[[120.019,26.224],[120.019,26.224],[120.019,26.224],[120.019,26.224]]],[[[120.018,26.216],[120.018,26.217],[120.018,26.216],[120.018,26.216],[120.018,26.216]]],[[[120.017,26.217],[120.017,26.217],[120.017,26.216],[120.017,26.217],[120.017,26.217]]],[[[120.017,26.217],[120.017,26.217],[120.017,26.217],[120.017,26.217]]],[[[120.017,26.214],[120.017,26.215],[120.017,26.214],[120.017,26.214]]],[[[120.017,26.217],[120.017,26.217],[120.017,26.217],[120.017,26.217]]],[[[120.017,26.216],[120.017,26.216],[120.018,26.216],[120.018,26.216],[120.018,26.216],[120.017,26.216],[120.017,26.216],[120.017,26.216]]],[[[120.018,26.221],[120.018,26.221],[120.018,26.221],[120.018,26.221],[120.018,26.221]]],[[[120.021,26.213],[120.021,26.213],[120.021,26.213],[120.021,26.213],[120.021,26.213]]],[[[120.019,26.213],[120.019,26.213],[120.019,26.213],[120.019,26.213],[120.019,26.213]]],[[[120.019,26.21],[120.019,26.21],[120.019,26.21],[120.019,26.21],[120.019,26.21]]],[[[120.016,26.209],[120.017,26.209],[120.017,26.209],[120.016,26.209],[120.016,26.209]]],[[[120.019,26.208],[120.017,26.209],[120.019,26.21],[120.02,26.209],[120.019,26.208]]],[[[120.019,26.213],[120.02,26.212],[120.02,26.212],[120.018,26.211],[120.017,26.213],[120.019,26.213]]],[[[120.021,26.212],[120.021,26.212],[120.022,26.212],[120.021,26.212],[120.021,26.212],[120.021,26.212]]],[[[120.021,26.213],[120.021,26.213],[120.021,26.213],[120.022,26.213],[120.021,26.213],[120.021,26.213]]],[[[119.988,26.225],[119.989,26.226],[119.989,26.225],[119.988,26.225],[119.988,26.225]]],[[[119.978,26.208],[119.978,26.208],[119.978,26.208],[119.978,26.208],[119.978,26.208]]],[[[119.973,26.192],[119.973,26.193],[119.973,26.192],[119.973,26.192]]],[[[119.976,26.16],[119.977,26.16],[119.977,26.16],[119.976,26.16]]],[[[119.98,26.168],[119.98,26.168],[119.98,26.168],[119.98,26.168]]],[[[119.98,26.167],[119.98,26.167],[119.98,26.167],[119.98,26.168],[119.98,26.167]]],[[[119.98,26.167],[119.98,26.168],[119.98,26.168],[119.98,26.168],[119.98,26.167]]],[[[119.98,26.167],[119.98,26.167],[119.98,26.167],[119.98,26.167]]],[[[119.98,26.168],[119.98,26.168],[119.98,26.168],[119.98,26.168]]],[[[119.979,26.168],[119.979,26.168],[119.979,26.168],[119.979,26.168],[119.979,26.168]]],[[[119.979,26.168],[119.979,26.168],[119.98,26.168],[119.98,26.168],[119.979,26.168],[119.979,26.168],[119.979,26.168],[119.979,26.168],[119.979,26.168],[119.979,26.168],[119.979,26.168]]],[[[119.979,26.168],[119.979,26.168],[119.979,26.168],[119.978,26.168],[119.978,26.168],[119.978,26.168],[119.979,26.168],[119.979,26.168],[119.979,26.168],[119.979,26.168],[119.979,26.168]]],[[[119.978,26.168],[119.978,26.168],[119.978,26.168],[119.978,26.168],[119.978,26.168],[119.978,26.168],[119.978,26.168],[119.978,26.168],[119.978,26.168],[119.978,26.168]]],[[[119.978,26.168],[119.978,26.168],[119.978,26.168],[119.978,26.168]]],[[[119.978,26.168],[119.978,26.168],[119.978,26.168],[119.978,26.168]]],[[[119.978,26.167],[119.978,26.167],[119.978,26.167],[119.978,26.167]]],[[[119.977,26.166],[119.977,26.166],[119.977,26.167],[119.977,26.166]]],[[[119.977,26.167],[119.977,26.167],[119.977,26.167],[119.977,26.167],[119.977,26.167]]],[[[119.974,26.167],[119.974,26.167],[119.974,26.167],[119.974,26.167],[119.974,26.167]]],[[[119.98,26.165],[119.98,26.165],[119.98,26.165],[119.98,26.165]]],[[[119.98,26.165],[119.98,26.165],[119.98,26.165],[119.98,26.165]]],[[[119.98,26.165],[119.979,26.165],[119.98,26.165],[119.98,26.165]]],[[[119.98,26.164],[119.98,26.164],[119.98,26.164],[119.98,26.164]]],[[[119.979,26.164],[119.979,26.164],[119.979,26.164],[119.979,26.164]]],[[[119.979,26.164],[119.979,26.164],[119.979,26.164],[119.979,26.164]]],[[[119.979,26.164],[119.979,26.164],[119.979,26.164],[119.979,26.164]]],[[[119.979,26.164],[119.979,26.164],[119.979,26.164],[119.979,26.164]]],[[[119.979,26.164],[119.979,26.164],[119.979,26.164],[119.979,26.164],[119.979,26.164],[119.979,26.164],[119.979,26.164],[119.979,26.164],[119.979,26.164],[119.979,26.164]]],[[[119.979,26.164],[119.979,26.164],[119.979,26.164],[119.979,26.164],[119.979,26.164],[119.979,26.164],[119.979,26.164],[119.979,26.164],[119.979,26.164],[119.979,26.164]]],[[[119.979,26.164],[119.979,26.164],[119.979,26.164],[119.979,26.164],[119.979,26.164],[119.979,26.164],[119.979,26.164],[119.979,26.164],[119.979,26.164],[119.979,26.164],[119.979,26.164],[119.979,26.164]]],[[[119.979,26.163],[119.979,26.163],[119.979,26.163],[119.979,26.163]]],[[[119.978,26.166],[119.978,26.166],[119.978,26.166],[119.978,26.166]]],[[[119.979,26.164],[119.979,26.164],[119.979,26.164],[119.979,26.164],[119.979,26.163],[119.978,26.163],[119.978,26.164],[119.979,26.164]]],[[[119.976,26.166],[119.976,26.166],[119.976,26.166],[119.976,26.166],[119.976,26.166],[119.976,26.166],[119.976,26.166],[119.976,26.166],[119.976,26.166],[119.976,26.166],[119.976,26.166]]],[[[119.976,26.166],[119.976,26.166],[119.976,26.166],[119.976,26.166],[119.976,26.166],[119.976,26.166],[119.976,26.166],[119.976,26.166],[119.976,26.166],[119.976,26.166]]],[[[119.976,26.166],[119.976,26.166],[119.976,26.166],[119.976,26.166],[119.976,26.166],[119.976,26.166],[119.976,26.166],[119.976,26.166],[119.976,26.166],[119.976,26.166],[119.976,26.166],[119.976,26.166]]],[[[119.976,26.166],[119.976,26.166],[119.976,26.166],[119.976,26.166]]],[[[119.978,26.163],[119.978,26.163],[119.978,26.163],[119.978,26.163]]],[[[119.978,26.162],[119.978,26.162],[119.978,26.162],[119.978,26.162]]],[[[119.978,26.162],[119.978,26.162],[119.979,26.162],[119.978,26.162],[119.978,26.162]]],[[[119.978,26.162],[119.978,26.162],[119.978,26.162],[119.978,26.162]]],[[[119.978,26.162],[119.978,26.163],[119.978,26.163],[119.978,26.163],[119.978,26.163],[119.978,26.163],[119.978,26.162],[119.978,26.162]]],[[[119.977,26.162],[119.977,26.162],[119.977,26.162],[119.977,26.162],[119.977,26.162]]],[[[119.977,26.162],[119.977,26.162],[119.977,26.162],[119.977,26.162],[119.977,26.162],[119.977,26.162],[119.977,26.162],[119.977,26.162]]],[[[119.977,26.162],[119.978,26.162],[119.978,26.162],[119.977,26.162]]],[[[119.978,26.162],[119.978,26.162],[119.978,26.162],[119.978,26.162]]],[[[119.973,26.166],[119.973,26.166],[119.973,26.166],[119.973,26.166]]],[[[119.971,26.164],[119.971,26.164],[119.971,26.164],[119.971,26.164]]],[[[119.971,26.164],[119.971,26.164],[119.971,26.164],[119.971,26.164],[119.971,26.164],[119.971,26.164],[119.971,26.164]]],[[[119.977,26.16],[119.977,26.16],[119.977,26.16],[119.977,26.16],[119.977,26.16],[119.977,26.16]]],[[[119.976,26.16],[119.976,26.16],[119.976,26.16],[119.976,26.16],[119.976,26.16],[119.976,26.16],[119.976,26.16],[119.976,26.16]]],[[[119.977,26.16],[119.977,26.16],[119.977,26.16],[119.977,26.16],[119.977,26.16],[119.977,26.16]]],[[[119.977,26.16],[119.977,26.16],[119.977,26.16],[119.977,26.16]]],[[[119.977,26.16],[119.977,26.16],[119.977,26.16],[119.977,26.16]]],[[[119.977,26.16],[119.977,26.16],[119.977,26.16],[119.977,26.16]]],[[[119.976,26.16],[119.976,26.16],[119.976,26.16],[119.976,26.16],[119.976,26.16],[119.976,26.16],[119.976,26.16],[119.976,26.16]]],[[[119.977,26.16],[119.977,26.16],[119.977,26.16],[119.977,26.16]]],[[[119.977,26.16],[119.977,26.16],[119.977,26.16],[119.977,26.16]]],[[[119.975,26.16],[119.976,26.16],[119.976,26.16],[119.975,26.16]]],[[[119.976,26.16],[119.976,26.16],[119.976,26.16],[119.976,26.16],[119.976,26.16],[119.976,26.16],[119.976,26.16],[119.975,26.16],[119.976,26.16]]],[[[119.976,26.16],[119.976,26.16],[119.976,26.16],[119.976,26.16],[119.976,26.16],[119.976,26.16],[119.976,26.16],[119.976,26.16],[119.976,26.16],[119.976,26.16],[119.976,26.16],[119.976,26.16]]],[[[119.978,26.16],[119.978,26.16],[119.978,26.16],[119.978,26.16],[119.978,26.16],[119.978,26.16]]],[[[119.978,26.162],[119.979,26.162],[119.979,26.163],[119.979,26.162],[119.979,26.162],[119.979,26.162],[119.979,26.162],[119.978,26.162]]],[[[119.979,26.166],[119.979,26.166],[119.979,26.166],[119.979,26.166],[119.979,26.166],[119.979,26.166]]],[[[119.978,26.164],[119.978,26.163],[119.978,26.163],[119.978,26.163],[119.978,26.162],[119.977,26.162],[119.977,26.161],[119.976,26.16],[119.976,26.16],[119.976,26.16],[119.976,26.16],[119.976,26.161],[119.975,26.162],[119.975,26.164],[119.976,26.165],[119.976,26.166],[119.976,26.166],[119.977,26.167],[119.977,26.167],[119.978,26.168],[119.978,26.168],[119.979,26.167],[119.979,26.166],[119.978,26.166],[119.979,26.166],[119.978,26.165],[119.978,26.165],[119.979,26.165],[119.979,26.164],[119.979,26.164],[119.978,26.164]]],[[[119.966,26.156],[119.966,26.156],[119.966,26.156],[119.966,26.156]]],[[[119.965,26.155],[119.965,26.155],[119.965,26.155],[119.965,26.155],[119.965,26.155],[119.965,26.155],[119.965,26.155],[119.965,26.155],[119.965,26.155],[119.965,26.155],[119.965,26.155]]],[[[119.965,26.156],[119.965,26.156],[119.965,26.156],[119.965,26.156]]],[[[119.965,26.156],[119.965,26.156],[119.965,26.156],[119.965,26.156]]],[[[119.965,26.155],[119.965,26.155],[119.965,26.155],[119.965,26.155]]],[[[119.965,26.155],[119.965,26.155],[119.965,26.155],[119.965,26.155],[119.965,26.155],[119.965,26.155],[119.965,26.155],[119.965,26.155],[119.965,26.155],[119.965,26.155]]],[[[119.965,26.156],[119.965,26.156],[119.965,26.156],[119.965,26.156],[119.965,26.156],[119.965,26.156],[119.965,26.156],[119.965,26.156],[119.965,26.156],[119.965,26.156],[119.965,26.156],[119.965,26.156]]],[[[119.965,26.156],[119.965,26.156],[119.965,26.156],[119.965,26.156],[119.965,26.156],[119.965,26.156],[119.965,26.156],[119.965,26.156],[119.965,26.156],[119.965,26.156]]],[[[119.965,26.155],[119.965,26.155],[119.965,26.156],[119.965,26.155]]],[[[119.965,26.156],[119.965,26.156],[119.965,26.156],[119.965,26.156]]],[[[119.961,26.149],[119.961,26.149],[119.961,26.149],[119.961,26.149],[119.961,26.149]]],[[[119.961,26.149],[119.961,26.149],[119.961,26.149],[119.961,26.149]]],[[[119.961,26.149],[119.961,26.149],[119.961,26.149],[119.961,26.149]]],[[[119.961,26.149],[119.961,26.149],[119.961,26.149],[119.961,26.149],[119.961,26.149]]],[[[119.951,26.145],[119.951,26.145],[119.952,26.145],[119.951,26.145],[119.951,26.145]]],[[[119.951,26.145],[119.951,26.145],[119.951,26.145],[119.951,26.145],[119.951,26.145]]],[[[119.934,26.169],[119.934,26.169],[119.934,26.168],[119.934,26.169]]],[[[119.937,26.161],[119.937,26.161],[119.937,26.161],[119.937,26.161]]],[[[119.926,26.173],[119.926,26.173],[119.926,26.173],[119.926,26.173],[119.926,26.173]]],[[[119.93,26.137],[119.93,26.137],[119.93,26.137],[119.93,26.137],[119.93,26.136],[119.93,26.137],[119.93,26.137]]],[[[119.978,26.168],[119.978,26.168],[119.978,26.168],[119.978,26.168],[119.978,26.168],[119.978,26.168],[119.978,26.168],[119.978,26.168],[119.978,26.168],[119.978,26.168],[119.978,26.168],[119.978,26.168]]],[[[119.977,26.167],[119.977,26.167],[119.977,26.167],[119.977,26.167],[119.977,26.167],[119.977,26.167],[119.977,26.167],[119.977,26.167],[119.977,26.167],[119.977,26.167]]],[[[119.978,26.163],[119.978,26.163],[119.978,26.163],[119.978,26.163],[119.978,26.163]]],[[[119.978,26.162],[119.978,26.162],[119.978,26.162],[119.978,26.162]]],[[[119.978,26.162],[119.978,26.162],[119.978,26.162],[119.978,26.162],[119.978,26.162]]],[[[119.978,26.162],[119.978,26.162],[119.978,26.162],[119.978,26.162],[119.978,26.162]]],[[[119.977,26.162],[119.977,26.162],[119.977,26.162],[119.977,26.162],[119.977,26.162],[119.977,26.162],[119.977,26.162],[119.977,26.162],[119.977,26.162],[119.977,26.162]]],[[[119.978,26.162],[119.978,26.162],[119.978,26.162],[119.978,26.162],[119.978,26.162]]],[[[119.979,26.164],[119.979,26.164],[119.979,26.164],[119.979,26.164],[119.979,26.164],[119.979,26.164],[119.979,26.164],[119.979,26.164],[119.979,26.164],[119.979,26.164]]],[[[119.963,26.167],[119.963,26.167],[119.963,26.167],[119.963,26.167]]],[[[120.504,26.361],[120.504,26.361],[120.504,26.362],[120.504,26.362],[120.504,26.361]]],[[[120.503,26.361],[120.503,26.36],[120.503,26.361],[120.503,26.361]]],[[[120.5,26.357],[120.501,26.357],[120.501,26.357],[120.501,26.357],[120.5,26.357]]],[[[120.501,26.358],[120.501,26.358],[120.501,26.358],[120.501,26.358]]],[[[120.5,26.355],[120.5,26.355],[120.5,26.355],[120.499,26.355],[120.5,26.355],[120.5,26.355]]],[[[120.489,26.352],[120.489,26.352],[120.488,26.352],[120.489,26.352],[120.489,26.352],[120.489,26.353],[120.489,26.353],[120.489,26.353],[120.489,26.352]]],[[[120.489,26.353],[120.489,26.353],[120.489,26.354],[120.49,26.353],[120.489,26.353],[120.489,26.353],[120.489,26.353]]],[[[120.492,26.354],[120.492,26.354],[120.491,26.354],[120.491,26.354],[120.491,26.354],[120.491,26.354],[120.492,26.354],[120.492,26.354]]],[[[120.488,26.351],[120.488,26.351],[120.488,26.351],[120.487,26.351],[120.488,26.351]]],[[[120.486,26.382],[120.486,26.382],[120.486,26.382],[120.486,26.382]]],[[[120.48,26.382],[120.48,26.382],[120.48,26.382],[120.48,26.382],[120.48,26.382],[120.48,26.382]]],[[[120.48,26.382],[120.48,26.382],[120.48,26.382],[120.48,26.383],[120.48,26.382],[120.48,26.382],[120.48,26.382],[120.48,26.382],[120.48,26.382]]],[[[120.48,26.382],[120.48,26.382],[120.48,26.382],[120.48,26.382]]],[[[120.48,26.382],[120.48,26.382],[120.48,26.382],[120.48,26.382]]],[[[120.492,26.355],[120.492,26.354],[120.492,26.354],[120.492,26.354],[120.492,26.355],[120.492,26.355]]],[[[120.503,26.36],[120.502,26.36],[120.501,26.358],[120.5,26.357],[120.5,26.357],[120.5,26.356],[120.499,26.356],[120.499,26.357],[120.497,26.357],[120.496,26.357],[120.494,26.356],[120.494,26.357],[120.493,26.358],[120.492,26.358],[120.491,26.357],[120.491,26.357],[120.491,26.357],[120.491,26.355],[120.491,26.354],[120.49,26.355],[120.489,26.356],[120.487,26.357],[120.488,26.358],[120.489,26.359],[120.489,26.362],[120.489,26.363],[120.49,26.362],[120.491,26.363],[120.492,26.365],[120.49,26.368],[120.488,26.369],[120.486,26.368],[120.484,26.367],[120.484,26.366],[120.483,26.367],[120.483,26.369],[120.484,26.37],[120.483,26.37],[120.484,26.372],[120.483,26.372],[120.483,26.374],[120.483,26.376],[120.483,26.377],[120.482,26.377],[120.48,26.375],[120.479,26.375],[120.479,26.374],[120.478,26.373],[120.477,26.371],[120.477,26.37],[120.476,26.37],[120.475,26.371],[120.476,26.373],[120.475,26.375],[120.476,26.376],[120.477,26.377],[120.478,26.377],[120.48,26.378],[120.48,26.38],[120.48,26.381],[120.48,26.382],[120.482,26.382],[120.482,26.382],[120.483,26.381],[120.483,26.381],[120.484,26.381],[120.485,26.382],[120.486,26.382],[120.486,26.382],[120.485,26.381],[120.485,26.381],[120.486,26.38],[120.487,26.379],[120.488,26.379],[120.488,26.377],[120.489,26.377],[120.489,26.375],[120.488,26.375],[120.488,26.374],[120.487,26.372],[120.488,26.371],[120.488,26.371],[120.488,26.369],[120.49,26.369],[120.49,26.369],[120.492,26.369],[120.493,26.37],[120.494,26.37],[120.495,26.369],[120.496,26.37],[120.498,26.37],[120.498,26.373],[120.499,26.375],[120.5,26.376],[120.501,26.377],[120.503,26.377],[120.504,26.376],[120.506,26.376],[120.506,26.374],[120.505,26.373],[120.504,26.372],[120.506,26.371],[120.507,26.371],[120.508,26.371],[120.508,26.369],[120.509,26.37],[120.51,26.37],[120.511,26.37],[120.511,26.371],[120.512,26.371],[120.513,26.371],[120.513,26.37],[120.514,26.369],[120.514,26.368],[120.516,26.366],[120.516,26.366],[120.517,26.364],[120.516,26.363],[120.514,26.364],[120.513,26.364],[120.512,26.365],[120.511,26.365],[120.51,26.364],[120.51,26.365],[120.509,26.366],[120.508,26.367],[120.507,26.366],[120.506,26.365],[120.507,26.364],[120.505,26.362],[120.504,26.362],[120.504,26.361],[120.503,26.36]]],[[[120.48,26.382],[120.481,26.382],[120.481,26.382],[120.481,26.382],[120.48,26.382]]],[[[120.488,26.352],[120.488,26.352],[120.488,26.352],[120.488,26.352],[120.488,26.351],[120.488,26.351],[120.488,26.352]]],[[[119.946,25.981],[119.946,25.981],[119.946,25.981],[119.946,25.981]]],[[[119.95,25.981],[119.95,25.981],[119.95,25.981],[119.95,25.981]]],[[[119.998,25.981],[119.998,25.981],[119.998,25.981],[119.998,25.981],[119.998,25.981]]],[[[119.998,25.98],[119.998,25.981],[119.998,25.98],[119.998,25.98]]],[[[119.998,25.981],[119.998,25.981],[119.997,25.981],[119.998,25.981],[119.998,25.982],[119.999,25.982],[119.999,25.982],[119.999,25.981],[119.998,25.981],[119.998,25.981],[119.998,25.981],[119.998,25.981]]],[[[119.998,25.98],[119.998,25.98],[119.998,25.98],[119.998,25.98],[119.998,25.98],[119.998,25.98],[119.998,25.98],[119.998,25.98],[119.998,25.98],[119.998,25.98],[119.998,25.98],[119.998,25.98]]],[[[119.998,25.98],[119.998,25.98],[119.998,25.98],[119.998,25.98],[119.998,25.98]]],[[[119.997,25.98],[119.998,25.98],[119.998,25.98],[119.997,25.98],[119.997,25.98],[119.997,25.98]]],[[[119.997,25.979],[119.997,25.979],[119.997,25.979],[119.997,25.979]]],[[[119.997,25.979],[119.997,25.979],[119.997,25.979],[119.997,25.979],[119.997,25.979]]],[[[119.998,25.98],[119.998,25.98],[119.998,25.98],[119.998,25.98],[119.998,25.98]]],[[[119.996,25.976],[119.996,25.976],[119.996,25.976],[119.996,25.976]]],[[[119.996,25.976],[119.996,25.976],[119.995,25.976],[119.996,25.976]]],[[[119.995,25.97],[119.995,25.97],[119.995,25.97],[119.995,25.97]]],[[[119.995,25.97],[119.995,25.97],[119.995,25.97],[119.995,25.97],[119.995,25.97],[119.995,25.97],[119.995,25.97],[119.995,25.97],[119.995,25.97],[119.995,25.97],[119.995,25.97],[119.995,25.97]]],[[[119.995,25.968],[119.995,25.969],[119.996,25.969],[119.995,25.968],[119.995,25.968],[119.995,25.968]]],[[[119.991,25.965],[119.992,25.965],[119.992,25.965],[119.991,25.965]]],[[[119.991,25.964],[119.991,25.964],[119.991,25.964],[119.991,25.964]]],[[[119.99,25.963],[119.99,25.963],[119.99,25.963],[119.99,25.963]]],[[[119.99,25.963],[119.99,25.963],[119.99,25.963],[119.99,25.963]]],[[[119.99,25.963],[119.99,25.963],[119.99,25.963],[119.99,25.963]]],[[[119.991,25.964],[119.992,25.964],[119.991,25.963],[119.991,25.963],[119.991,25.963],[119.991,25.963],[119.99,25.963],[119.991,25.964]]],[[[119.981,25.975],[119.981,25.975],[119.982,25.975],[119.981,25.975],[119.981,25.975]]],[[[119.981,25.975],[119.982,25.975],[119.982,25.975],[119.982,25.975],[119.982,25.975],[119.981,25.975],[119.981,25.975]]],[[[119.971,25.974],[119.971,25.974],[119.971,25.974],[119.971,25.974]]],[[[119.971,25.975],[119.971,25.975],[119.971,25.975],[119.971,25.975],[119.971,25.975]]],[[[119.971,25.974],[119.972,25.974],[119.972,25.974],[119.971,25.974],[119.971,25.974]]],[[[119.972,25.974],[119.972,25.974],[119.972,25.974],[119.972,25.974],[119.972,25.974]]],[[[119.972,25.974],[119.972,25.974],[119.972,25.974],[119.972,25.974]]],[[[119.972,25.974],[119.972,25.974],[119.972,25.974],[119.972,25.974]]],[[[119.97,25.971],[119.97,25.971],[119.97,25.971],[119.97,25.971]]],[[[119.97,25.973],[119.97,25.973],[119.971,25.973],[119.97,25.973]]],[[[119.972,25.97],[119.97,25.97],[119.97,25.97],[119.971,25.972],[119.971,25.972],[119.971,25.973],[119.972,25.974],[119.973,25.973],[119.972,25.972],[119.972,25.97]]],[[[119.972,25.974],[119.971,25.974],[119.971,25.974],[119.972,25.974],[119.972,25.974],[119.972,25.974],[119.972,25.974],[119.972,25.974],[119.972,25.974]]],[[[119.982,25.974],[119.982,25.974],[119.982,25.974],[119.982,25.974]]],[[[119.983,25.958],[119.984,25.958],[119.984,25.958],[119.984,25.958],[119.983,25.958]]],[[[119.984,25.956],[119.985,25.955],[119.984,25.955],[119.984,25.954],[119.984,25.955],[119.984,25.955],[119.984,25.956],[119.984,25.956]]],[[[119.984,25.957],[119.984,25.957],[119.984,25.957],[119.984,25.957]]],[[[119.971,25.948],[119.971,25.949],[119.971,25.949],[119.971,25.948],[119.971,25.948],[119.971,25.948]]],[[[119.97,25.945],[119.97,25.945],[119.97,25.945],[119.97,25.945],[119.97,25.945],[119.97,25.945]]],[[[119.968,25.945],[119.97,25.945],[119.969,25.944],[119.969,25.943],[119.97,25.942],[119.969,25.941],[119.968,25.94],[119.967,25.94],[119.968,25.943],[119.968,25.945]]],[[[119.982,25.973],[119.981,25.971],[119.98,25.968],[119.984,25.968],[119.985,25.966],[119.987,25.967],[119.989,25.968],[119.99,25.969],[119.991,25.969],[119.993,25.969],[119.995,25.97],[119.994,25.968],[119.994,25.967],[119.994,25.966],[119.993,25.966],[119.993,25.965],[119.992,25.965],[119.991,25.964],[119.989,25.962],[119.99,25.962],[119.99,25.961],[119.989,25.96],[119.987,25.96],[119.987,25.96],[119.986,25.959],[119.985,25.959],[119.984,25.959],[119.984,25.958],[119.984,25.956],[119.984,25.955],[119.983,25.955],[119.982,25.954],[119.98,25.954],[119.98,25.953],[119.98,25.952],[119.979,25.952],[119.978,25.953],[119.977,25.954],[119.977,25.954],[119.976,25.953],[119.975,25.953],[119.974,25.951],[119.972,25.95],[119.971,25.95],[119.971,25.95],[119.971,25.949],[119.97,25.948],[119.969,25.947],[119.968,25.947],[119.967,25.948],[119.966,25.949],[119.966,25.949],[119.968,25.95],[119.969,25.952],[119.97,25.954],[119.97,25.957],[119.97,25.957],[119.972,25.957],[119.974,25.958],[119.975,25.961],[119.977,25.964],[119.977,25.966],[119.979,25.969],[119.98,25.972],[119.981,25.974],[119.982,25.973],[119.982,25.973]]],[[[119.954,25.98],[119.954,25.98],[119.954,25.98],[119.954,25.98]]],[[[119.954,25.98],[119.954,25.98],[119.954,25.98],[119.954,25.98]]],[[[119.954,25.98],[119.954,25.98],[119.954,25.98],[119.954,25.98],[119.954,25.98]]],[[[119.952,25.981],[119.952,25.981],[119.952,25.981],[119.952,25.981],[119.952,25.981]]],[[[119.952,25.981],[119.952,25.981],[119.952,25.981],[119.952,25.981],[119.952,25.981]]],[[[119.95,25.981],[119.95,25.981],[119.95,25.981],[119.95,25.981]]],[[[119.952,25.981],[119.951,25.981],[119.951,25.981],[119.952,25.981],[119.952,25.981]]],[[[119.952,25.976],[119.953,25.976],[119.953,25.976],[119.953,25.976],[119.952,25.976]]],[[[119.952,25.976],[119.953,25.976],[119.952,25.975],[119.952,25.976],[119.952,25.976]]],[[[119.952,25.976],[119.952,25.976],[119.953,25.976],[119.952,25.976],[119.952,25.976]]],[[[119.946,25.981],[119.946,25.981],[119.946,25.981],[119.946,25.981],[119.946,25.981]]],[[[119.949,25.981],[119.949,25.982],[119.949,25.981],[119.949,25.981]]],[[[119.95,25.982],[119.95,25.982],[119.95,25.982],[119.95,25.982]]],[[[119.925,25.973],[119.926,25.975],[119.927,25.976],[119.927,25.976],[119.927,25.977],[119.928,25.975],[119.926,25.975],[119.925,25.973]]],[[[119.982,25.975],[119.982,25.975],[119.982,25.975],[119.982,25.975]]],[[[119.972,25.974],[119.972,25.974],[119.972,25.974],[119.972,25.974],[119.972,25.974]]],[[[119.973,25.973],[119.973,25.973],[119.973,25.973],[119.973,25.973],[119.973,25.973]]],[[[119.972,25.974],[119.972,25.974],[119.972,25.974],[119.972,25.974],[119.972,25.974]]],[[[119.971,25.974],[119.971,25.974],[119.971,25.974],[119.971,25.974],[119.971,25.974]]],[[[119.971,25.973],[119.971,25.973],[119.971,25.973],[119.971,25.973]]],[[[119.932,25.98],[119.932,25.98],[119.932,25.98],[119.932,25.98],[119.932,25.98],[119.932,25.98]]],[[[120.234,26.346],[120.235,26.346],[120.234,26.346],[120.235,26.346],[120.234,26.346]]],[[[120.235,26.346],[120.235,26.345],[120.234,26.345],[120.235,26.346],[120.235,26.346]]],[[[120.233,26.341],[120.233,26.341],[120.233,26.341],[120.233,26.341],[120.233,26.341],[120.233,26.341],[120.233,26.341],[120.233,26.341],[120.233,26.341]]],[[[120.231,26.34],[120.231,26.34],[120.231,26.34],[120.231,26.34],[120.231,26.34],[120.231,26.34],[120.231,26.34],[120.231,26.34],[120.231,26.34],[120.231,26.34],[120.231,26.34]]],[[[120.231,26.34],[120.231,26.34],[120.231,26.34],[120.231,26.34],[120.231,26.34],[120.231,26.34],[120.231,26.34]]],[[[120.23,26.339],[120.23,26.339],[120.23,26.339],[120.23,26.339],[120.23,26.339],[120.23,26.339],[120.23,26.339],[120.23,26.339],[120.23,26.339],[120.23,26.339],[120.23,26.339],[120.23,26.339]]],[[[120.23,26.338],[120.23,26.338],[120.23,26.338],[120.23,26.338]]],[[[120.229,26.337],[120.229,26.337],[120.229,26.337],[120.229,26.337],[120.229,26.337],[120.229,26.337],[120.229,26.337],[120.229,26.337],[120.229,26.337],[120.229,26.337]]],[[[120.228,26.337],[120.229,26.337],[120.229,26.337],[120.228,26.337]]],[[[120.233,26.342],[120.233,26.342],[120.233,26.343],[120.233,26.343],[120.233,26.342],[120.233,26.342]]],[[[120.222,26.334],[120.223,26.334],[120.222,26.334],[120.222,26.334]]],[[[120.222,26.335],[120.222,26.335],[120.223,26.335],[120.223,26.335],[120.222,26.334],[120.222,26.335]]],[[[120.222,26.333],[120.222,26.333],[120.222,26.333],[120.222,26.333],[120.222,26.333],[120.222,26.333],[120.222,26.333],[120.222,26.333],[120.222,26.333],[120.222,26.333],[120.222,26.333]]],[[[120.22,26.334],[120.22,26.334],[120.219,26.334],[120.22,26.334],[120.22,26.334]]],[[[120.222,26.333],[120.222,26.334],[120.222,26.334],[120.222,26.333],[120.222,26.333]]],[[[120.219,26.334],[120.219,26.334],[120.219,26.334],[120.219,26.334],[120.219,26.334]]],[[[120.219,26.334],[120.219,26.334],[120.219,26.334],[120.219,26.334],[120.219,26.334],[120.219,26.334],[120.219,26.334],[120.219,26.334],[120.219,26.334],[120.219,26.334],[120.219,26.334],[120.219,26.334]]],[[[120.219,26.334],[120.219,26.333],[120.219,26.333],[120.219,26.333],[120.219,26.333],[120.219,26.334],[120.219,26.334],[120.219,26.334]]],[[[120.219,26.334],[120.219,26.333],[120.219,26.333],[120.219,26.334]]],[[[120.232,26.344],[120.232,26.344],[120.232,26.344],[120.232,26.344],[120.232,26.344],[120.232,26.344],[120.232,26.344]]],[[[120.234,26.344],[120.232,26.343],[120.232,26.341],[120.231,26.34],[120.229,26.338],[120.227,26.337],[120.225,26.334],[120.224,26.336],[120.225,26.338],[120.226,26.34],[120.228,26.34],[120.23,26.342],[120.231,26.344],[120.234,26.345],[120.235,26.344],[120.234,26.344]]],[[[120.003,26.28],[120.005,26.281],[120.004,26.28],[120.003,26.28]]],[[[120.005,26.279],[120.005,26.279],[120.004,26.279],[120.005,26.279]]],[[[120.004,26.279],[120.004,26.28],[120.005,26.28],[120.004,26.279]]],[[[120.005,26.281],[120.005,26.282],[120.005,26.282],[120.005,26.282],[120.005,26.281]]],[[[120.005,26.281],[120.005,26.281],[120.005,26.281],[120.005,26.281],[120.005,26.281],[120.005,26.281],[120.005,26.281],[120.005,26.281],[120.005,26.281],[120.005,26.281]]],[[[120.005,26.281],[120.004,26.281],[120.004,26.281],[120.004,26.281],[120.004,26.281],[120.005,26.281]]],[[[120.004,26.281],[120.004,26.281],[120.004,26.282],[120.004,26.281],[120.004,26.281]]],[[[120.014,26.297],[120.014,26.297],[120.014,26.297],[120.014,26.297]]],[[[120.014,26.297],[120.014,26.297],[120.014,26.297],[120.014,26.297]]],[[[119.954,26.194],[119.953,26.193],[119.953,26.194],[119.954,26.194]]],[[[119.986,26.185],[119.986,26.186],[119.987,26.185],[119.986,26.185],[119.986,26.185]]],[[[119.986,26.186],[119.986,26.186],[119.986,26.186],[119.986,26.186],[119.986,26.186],[119.986,26.186],[119.986,26.186],[119.986,26.186]]],[[[119.986,26.185],[119.986,26.186],[119.986,26.186],[119.986,26.186],[119.986,26.185]]],[[[119.97,26.143],[119.97,26.143],[119.97,26.143],[119.97,26.143],[119.97,26.143],[119.97,26.143],[119.97,26.143],[119.97,26.143]]],[[[119.97,26.143],[119.97,26.143],[119.97,26.143],[119.97,26.143],[119.97,26.143],[119.97,26.143]]],[[[119.971,26.143],[119.971,26.143],[119.971,26.143],[119.971,26.143],[119.971,26.143],[119.971,26.143]]],[[[119.97,26.143],[119.97,26.143],[119.971,26.143],[119.97,26.143]]],[[[119.97,26.143],[119.97,26.143],[119.97,26.143],[119.97,26.143],[119.97,26.143],[119.97,26.143]]],[[[119.97,26.143],[119.97,26.143],[119.97,26.143],[119.97,26.143],[119.97,26.143],[119.97,26.143]]],[[[119.978,26.115],[119.978,26.115],[119.978,26.115],[119.978,26.115],[119.978,26.115],[119.978,26.115],[119.978,26.115],[119.978,26.115]]],[[[119.978,26.115],[119.978,26.115],[119.978,26.115],[119.978,26.115]]],[[[119.98,26.114],[119.979,26.114],[119.98,26.114],[119.98,26.114]]],[[[119.971,26.09],[119.971,26.09],[119.971,26.09],[119.971,26.09],[119.971,26.09]]],[[[119.971,26.09],[119.971,26.09],[119.971,26.09],[119.971,26.09],[119.971,26.09],[119.971,26.09],[119.971,26.09]]],[[[119.971,26.09],[119.971,26.09],[119.971,26.091],[119.971,26.09],[119.971,26.09]]],[[[119.971,26.09],[119.971,26.09],[119.971,26.09],[119.971,26.09],[119.971,26.09],[119.971,26.09],[119.971,26.09]]],[[[119.969,26.084],[119.969,26.084],[119.969,26.084],[119.969,26.084],[119.969,26.084],[119.969,26.084],[119.969,26.084],[119.969,26.084],[119.969,26.084],[119.969,26.084],[119.969,26.084]]],[[[119.968,26.084],[119.968,26.084],[119.968,26.085],[119.968,26.085],[119.968,26.085],[119.968,26.084],[119.968,26.084]]],[[[119.968,26.085],[119.968,26.085],[119.968,26.085],[119.968,26.085],[119.968,26.085],[119.968,26.085]]],[[[119.968,26.085],[119.968,26.085],[119.968,26.084],[119.968,26.085]]],[[[119.968,26.084],[119.968,26.084],[119.968,26.084],[119.968,26.084],[119.968,26.084],[119.968,26.084],[119.968,26.084],[119.968,26.084],[119.968,26.084],[119.968,26.084],[119.968,26.084]]],[[[119.968,26.084],[119.968,26.084],[119.968,26.084],[119.968,26.084]]],[[[119.967,26.086],[119.967,26.086],[119.967,26.086],[119.967,26.086],[119.967,26.086],[119.967,26.086],[119.967,26.086],[119.967,26.086],[119.967,26.086],[119.967,26.086],[119.967,26.086]]],[[[119.967,26.086],[119.967,26.085],[119.966,26.086],[119.966,26.086],[119.966,26.086],[119.967,26.086],[119.967,26.086],[119.967,26.086],[119.967,26.086]]],[[[119.967,26.085],[119.967,26.085],[119.967,26.085],[119.967,26.085],[119.967,26.085],[119.967,26.085],[119.967,26.085],[119.967,26.085],[119.967,26.085],[119.967,26.085]]],[[[119.967,26.086],[119.967,26.085],[119.967,26.085],[119.967,26.085],[119.967,26.085],[119.967,26.086],[119.967,26.086],[119.967,26.086],[119.967,26.086]]],[[[119.967,26.084],[119.967,26.084],[119.968,26.085],[119.968,26.084],[119.968,26.084],[119.967,26.084]]],[[[119.967,26.085],[119.967,26.085],[119.967,26.085],[119.967,26.085],[119.967,26.085],[119.967,26.085],[119.967,26.085],[119.967,26.085]]],[[[120.489,26.388],[120.489,26.388],[120.489,26.388],[120.489,26.388]]],[[[120.408,26.156],[120.41,26.155],[120.412,26.154],[120.41,26.154],[120.408,26.155],[120.408,26.157],[120.408,26.156]]],[[[120.208,26.247],[120.208,26.247],[120.208,26.247],[120.208,26.247],[120.208,26.247],[120.208,26.247],[120.208,26.247],[120.208,26.247],[120.208,26.247]]],[[[120.208,26.247],[120.208,26.248],[120.208,26.247],[120.208,26.247]]],[[[120.067,26.236],[120.067,26.236],[120.066,26.236],[120.067,26.236]]],[[[120.067,26.236],[120.067,26.235],[120.067,26.235],[120.067,26.235],[120.067,26.236]]],[[[120.067,26.236],[120.067,26.236],[120.067,26.236],[120.067,26.236],[120.067,26.236]]],[[[120.067,26.236],[120.067,26.236],[120.068,26.236],[120.068,26.236],[120.068,26.236],[120.068,26.236],[120.068,26.236],[120.068,26.236],[120.067,26.236]]],[[[120.067,26.235],[120.067,26.235],[120.067,26.235],[120.067,26.235],[120.067,26.235]]],[[[120.067,26.236],[120.067,26.236],[120.067,26.236],[120.067,26.236],[120.067,26.236],[120.067,26.236]]],[[[120.066,26.236],[120.066,26.236],[120.066,26.236],[120.066,26.236],[120.066,26.236],[120.066,26.236],[120.066,26.236]]],[[[120.066,26.236],[120.066,26.235],[120.066,26.235],[120.066,26.236]]],[[[120.068,26.232],[120.068,26.233],[120.069,26.232],[120.068,26.232],[120.068,26.232]]],[[[120.054,26.225],[120.054,26.225],[120.053,26.224],[120.053,26.224],[120.054,26.225]]],[[[119.977,26.199],[119.977,26.198],[119.978,26.197],[119.979,26.195],[119.979,26.194],[119.98,26.194],[119.981,26.194],[119.981,26.192],[119.981,26.191],[119.98,26.191],[119.979,26.191],[119.979,26.193],[119.977,26.194],[119.975,26.193],[119.972,26.193],[119.972,26.194],[119.972,26.196],[119.972,26.197],[119.973,26.203],[119.973,26.206],[119.976,26.212],[119.974,26.214],[119.974,26.216],[119.974,26.218],[119.973,26.219],[119.973,26.22],[119.974,26.22],[119.976,26.22],[119.977,26.22],[119.979,26.221],[119.981,26.222],[119.983,26.224],[119.986,26.224],[119.989,26.224],[119.992,26.227],[119.993,26.228],[119.994,26.229],[119.996,26.231],[119.999,26.233],[119.999,26.235],[120.001,26.236],[120.001,26.237],[120.004,26.237],[120.006,26.236],[120.006,26.235],[120.007,26.234],[120.007,26.233],[120.008,26.233],[120.009,26.233],[120.01,26.233],[120.01,26.233],[120.011,26.233],[120.011,26.232],[120.011,26.231],[120.011,26.231],[120.011,26.23],[120.011,26.229],[120.012,26.226],[120.012,26.225],[120.016,26.227],[120.018,26.227],[120.02,26.227],[120.02,26.227],[120.02,26.226],[120.02,26.225],[120.019,26.224],[120.019,26.223],[120.019,26.223],[120.02,26.222],[120.019,26.221],[120.018,26.221],[120.017,26.221],[120.017,26.22],[120.017,26.22],[120.016,26.22],[120.016,26.219],[120.015,26.218],[120.016,26.217],[120.017,26.217],[120.017,26.216],[120.017,26.215],[120.017,26.214],[120.016,26.213],[120.015,26.214],[120.015,26.215],[120.015,26.216],[120.015,26.217],[120.014,26.218],[120.013,26.218],[120.013,26.219],[120.013,26.22],[120.006,26.218],[120.005,26.221],[120.005,26.221],[120.004,26.221],[120.003,26.22],[120.004,26.219],[120.003,26.219],[120.003,26.218],[120.002,26.217],[120,26.217],[119.999,26.217],[119.998,26.216],[119.997,26.214],[119.996,26.213],[119.995,26.215],[119.989,26.217],[119.989,26.216],[119.987,26.216],[119.985,26.215],[119.984,26.214],[119.978,26.21],[119.978,26.208],[119.978,26.205],[119.978,26.2],[119.977,26.199]]],[[[119.935,25.97],[119.933,25.972],[119.931,25.975],[119.929,25.977],[119.93,25.979],[119.932,25.98],[119.933,25.98],[119.935,25.98],[119.937,25.98],[119.94,25.979],[119.943,25.98],[119.945,25.98],[119.946,25.981],[119.947,25.98],[119.949,25.981],[119.95,25.981],[119.952,25.98],[119.953,25.98],[119.954,25.979],[119.954,25.977],[119.953,25.977],[119.952,25.976],[119.951,25.974],[119.947,25.971],[119.944,25.972],[119.943,25.969],[119.941,25.967],[119.94,25.966],[119.935,25.97]]]]}},{"type":"Feature","properties":{"id":"TW-南投縣","名称":"南投縣","所属省":"台湾"},"geometry":{"type":"Polygon","coordinates":[[[121.238,24.22],[121.255,24.244],[121.272,24.237],[121.284,24.23],[121.298,24.234],[121.319,24.233],[121.346,24.216],[121.34,24.199],[121.318,24.189],[121.286,24.176],[121.282,24.154],[121.289,24.134],[121.324,24.116],[121.32,24.096],[121.314,24.077],[121.296,24.064],[121.284,24.05],[121.276,24.024],[121.267,24.002],[121.273,23.975],[121.272,23.949],[121.274,23.927],[121.27,23.907],[121.266,23.894],[121.264,23.875],[121.252,23.861],[121.24,23.841],[121.236,23.819],[121.226,23.8],[121.219,23.782],[121.206,23.768],[121.219,23.756],[121.229,23.745],[121.234,23.727],[121.239,23.7],[121.233,23.677],[121.23,23.649],[121.217,23.613],[121.202,23.597],[121.183,23.593],[121.17,23.586],[121.152,23.581],[121.158,23.563],[121.149,23.55],[121.148,23.527],[121.126,23.517],[121.101,23.521],[121.079,23.516],[121.063,23.502],[121.05,23.487],[121.04,23.473],[121.057,23.462],[121.043,23.449],[121.022,23.438],[121.013,23.449],[120.998,23.463],[120.967,23.472],[120.933,23.472],[120.91,23.476],[120.882,23.47],[120.847,23.473],[120.825,23.49],[120.82,23.516],[120.809,23.545],[120.82,23.561],[120.823,23.583],[120.818,23.599],[120.791,23.601],[120.757,23.613],[120.731,23.613],[120.713,23.628],[120.696,23.62],[120.674,23.61],[120.652,23.617],[120.649,23.63],[120.636,23.621],[120.63,23.632],[120.635,23.643],[120.637,23.655],[120.64,23.663],[120.646,23.672],[120.646,23.685],[120.645,23.697],[120.641,23.706],[120.641,23.713],[120.641,23.721],[120.642,23.732],[120.655,23.735],[120.643,23.781],[120.669,23.796],[120.679,23.806],[120.673,23.819],[120.665,23.815],[120.65,23.814],[120.64,23.822],[120.636,23.825],[120.639,23.826],[120.637,23.83],[120.637,23.833],[120.626,23.831],[120.633,23.834],[120.63,23.837],[120.628,23.839],[120.622,23.839],[120.618,23.84],[120.616,23.841],[120.619,23.844],[120.621,23.849],[120.624,23.849],[120.626,23.855],[120.626,23.859],[120.624,23.862],[120.62,23.867],[120.624,23.87],[120.627,23.88],[120.629,23.889],[120.632,23.892],[120.634,23.897],[120.634,23.902],[120.632,23.905],[120.63,23.908],[120.633,23.911],[120.634,23.915],[120.635,23.919],[120.636,23.922],[120.633,23.927],[120.628,23.931],[120.636,23.936],[120.631,23.945],[120.629,23.95],[120.631,23.955],[120.631,23.956],[120.644,23.961],[120.65,23.984],[120.64,24.006],[120.666,24.008],[120.672,24.01],[120.734,24.008],[120.756,24.004],[120.77,24.009],[120.777,24.019],[120.785,24.028],[120.793,24.032],[120.797,24.044],[120.803,24.056],[120.812,24.067],[120.825,24.071],[120.828,24.088],[120.831,24.104],[120.838,24.118],[120.856,24.123],[120.865,24.115],[120.877,24.11],[120.879,24.098],[120.882,24.088],[120.892,24.103],[120.895,24.116],[120.913,24.109],[120.938,24.117],[120.96,24.121],[120.983,24.119],[120.998,24.127],[121.007,24.143],[121.017,24.158],[121.031,24.152],[121.047,24.161],[121.063,24.164],[121.077,24.173],[121.092,24.187],[121.11,24.199],[121.133,24.198],[121.148,24.214],[121.165,24.224],[121.184,24.214],[121.204,24.223],[121.228,24.225],[121.238,24.22]]]}},{"type":"Feature","properties":{"id":"TW-澎湖縣","名称":"澎湖縣","所属省":"台湾"},"geometry":{"type":"MultiPolygon","coordinates":[[[[119.416,23.193],[119.416,23.193],[119.416,23.194],[119.416,23.194],[119.416,23.193],[119.416,23.193]]],[[[119.42,23.204],[119.416,23.206],[119.416,23.209],[119.412,23.211],[119.41,23.215],[119.413,23.214],[119.416,23.217],[119.421,23.218],[119.426,23.219],[119.436,23.221],[119.443,23.221],[119.448,23.219],[119.444,23.213],[119.443,23.209],[119.442,23.207],[119.442,23.206],[119.443,23.204],[119.443,23.201],[119.44,23.201],[119.439,23.201],[119.438,23.201],[119.435,23.201],[119.433,23.199],[119.433,23.198],[119.429,23.195],[119.431,23.192],[119.431,23.189],[119.431,23.187],[119.429,23.188],[119.423,23.191],[119.422,23.193],[119.42,23.196],[119.419,23.197],[119.421,23.202],[119.42,23.204]]],[[[119.599,23.794],[119.599,23.795],[119.598,23.796],[119.597,23.797],[119.596,23.796],[119.596,23.797],[119.597,23.798],[119.598,23.797],[119.599,23.796],[119.6,23.796],[119.6,23.795],[119.6,23.794],[119.599,23.794]]],[[[119.598,23.795],[119.597,23.796],[119.598,23.796],[119.598,23.795]]],[[[119.599,23.793],[119.597,23.793],[119.598,23.794],[119.599,23.794],[119.599,23.793]]],[[[119.598,23.792],[119.598,23.792],[119.598,23.793],[119.599,23.793],[119.599,23.792],[119.598,23.792]]],[[[119.602,23.787],[119.601,23.788],[119.602,23.788],[119.602,23.787]]],[[[119.6,23.784],[119.599,23.785],[119.599,23.786],[119.6,23.788],[119.601,23.787],[119.601,23.786],[119.6,23.785],[119.6,23.784]]],[[[119.603,23.786],[119.603,23.787],[119.604,23.787],[119.603,23.786]]],[[[119.603,23.786],[119.602,23.786],[119.603,23.787],[119.603,23.786]]],[[[119.602,23.785],[119.602,23.785],[119.603,23.785],[119.603,23.785],[119.603,23.785],[119.602,23.785]]],[[[119.608,23.782],[119.607,23.782],[119.606,23.784],[119.607,23.784],[119.608,23.783],[119.608,23.782]]],[[[119.605,23.783],[119.605,23.783],[119.606,23.784],[119.606,23.783],[119.605,23.783]]],[[[119.605,23.782],[119.604,23.782],[119.604,23.783],[119.605,23.783],[119.605,23.782],[119.605,23.782]]],[[[119.606,23.782],[119.606,23.782],[119.606,23.782],[119.606,23.782],[119.606,23.782]]],[[[119.607,23.782],[119.607,23.782],[119.607,23.782],[119.607,23.782],[119.607,23.782],[119.607,23.782]]],[[[119.606,23.78],[119.606,23.782],[119.606,23.782],[119.606,23.78]]],[[[119.604,23.781],[119.604,23.782],[119.604,23.782],[119.605,23.782],[119.605,23.782],[119.605,23.782],[119.604,23.781]]],[[[119.607,23.779],[119.607,23.781],[119.607,23.782],[119.608,23.782],[119.608,23.781],[119.608,23.779],[119.607,23.779]]],[[[119.609,23.779],[119.61,23.781],[119.61,23.78],[119.611,23.781],[119.611,23.78],[119.61,23.78],[119.609,23.779]]],[[[119.611,23.778],[119.611,23.779],[119.612,23.78],[119.611,23.779],[119.612,23.779],[119.612,23.779],[119.611,23.778]]],[[[119.608,23.779],[119.608,23.78],[119.608,23.78],[119.608,23.78],[119.608,23.78],[119.608,23.78],[119.608,23.779]]],[[[119.607,23.779],[119.607,23.779],[119.608,23.779],[119.608,23.779],[119.608,23.779],[119.608,23.779],[119.607,23.779],[119.607,23.779]]],[[[119.611,23.778],[119.612,23.779],[119.612,23.778],[119.611,23.778]]],[[[119.612,23.777],[119.613,23.778],[119.614,23.778],[119.613,23.777],[119.612,23.777]]],[[[119.608,23.778],[119.607,23.779],[119.608,23.779],[119.608,23.778],[119.608,23.778]]],[[[119.612,23.777],[119.612,23.778],[119.612,23.778],[119.612,23.778],[119.612,23.777],[119.612,23.777]]],[[[119.611,23.777],[119.611,23.777],[119.61,23.778],[119.611,23.778],[119.611,23.777],[119.611,23.777]]],[[[119.611,23.777],[119.611,23.777],[119.612,23.777],[119.612,23.777],[119.612,23.777],[119.612,23.777],[119.612,23.777],[119.611,23.777],[119.611,23.777]]],[[[119.612,23.776],[119.612,23.776],[119.612,23.776],[119.612,23.777],[119.612,23.777],[119.612,23.777],[119.612,23.776],[119.612,23.776],[119.612,23.776]]],[[[119.612,23.776],[119.612,23.776],[119.612,23.776],[119.612,23.776],[119.612,23.776]]],[[[119.599,23.769],[119.601,23.769],[119.602,23.77],[119.603,23.771],[119.605,23.773],[119.605,23.774],[119.606,23.775],[119.606,23.776],[119.607,23.775],[119.607,23.773],[119.607,23.772],[119.606,23.77],[119.602,23.766],[119.6,23.761],[119.597,23.759],[119.598,23.764],[119.599,23.767],[119.599,23.769]]],[[[119.608,23.775],[119.607,23.775],[119.607,23.775],[119.607,23.775],[119.608,23.775],[119.608,23.775]]],[[[119.608,23.774],[119.608,23.775],[119.608,23.774],[119.608,23.774]]],[[[119.587,23.768],[119.587,23.768],[119.587,23.768],[119.587,23.768],[119.587,23.769],[119.588,23.769],[119.588,23.768],[119.587,23.768]]],[[[119.585,23.766],[119.585,23.768],[119.585,23.767],[119.585,23.766]]],[[[119.603,23.767],[119.603,23.767],[119.603,23.767],[119.603,23.767],[119.603,23.767]]],[[[119.604,23.767],[119.603,23.767],[119.604,23.767],[119.604,23.767],[119.604,23.767]]],[[[119.606,23.766],[119.605,23.766],[119.605,23.767],[119.605,23.767],[119.606,23.766],[119.606,23.766],[119.606,23.766],[119.606,23.766],[119.606,23.766]]],[[[119.608,23.765],[119.607,23.765],[119.606,23.765],[119.606,23.765],[119.606,23.765],[119.607,23.766],[119.608,23.765],[119.608,23.765]]],[[[119.607,23.759],[119.606,23.759],[119.606,23.759],[119.607,23.76],[119.607,23.759]]],[[[119.606,23.751],[119.607,23.752],[119.608,23.754],[119.607,23.753],[119.606,23.753],[119.606,23.753],[119.607,23.754],[119.608,23.755],[119.611,23.757],[119.612,23.757],[119.612,23.754],[119.616,23.752],[119.618,23.75],[119.621,23.749],[119.622,23.749],[119.623,23.747],[119.623,23.745],[119.623,23.743],[119.62,23.742],[119.62,23.741],[119.618,23.741],[119.617,23.742],[119.614,23.741],[119.61,23.74],[119.611,23.738],[119.615,23.738],[119.614,23.738],[119.613,23.738],[119.612,23.737],[119.611,23.738],[119.607,23.737],[119.605,23.733],[119.603,23.727],[119.603,23.726],[119.602,23.731],[119.597,23.736],[119.597,23.739],[119.6,23.743],[119.605,23.748],[119.606,23.751]]],[[[119.608,23.758],[119.608,23.758],[119.608,23.758],[119.608,23.758],[119.608,23.759],[119.608,23.759],[119.608,23.758]]],[[[119.607,23.757],[119.607,23.757],[119.607,23.757],[119.607,23.757],[119.608,23.757],[119.608,23.757],[119.608,23.757],[119.608,23.757],[119.607,23.757],[119.607,23.757]]],[[[119.599,23.754],[119.597,23.755],[119.598,23.755],[119.599,23.754]]],[[[119.609,23.737],[119.609,23.737],[119.609,23.738],[119.609,23.738],[119.609,23.737],[119.61,23.738],[119.611,23.738],[119.611,23.738],[119.609,23.737],[119.609,23.737]]],[[[119.611,23.735],[119.611,23.735],[119.612,23.736],[119.612,23.736],[119.612,23.736],[119.612,23.736],[119.611,23.735],[119.611,23.735]]],[[[119.611,23.733],[119.61,23.733],[119.612,23.734],[119.612,23.734],[119.611,23.734],[119.611,23.733],[119.611,23.733],[119.611,23.733]]],[[[119.613,23.733],[119.612,23.733],[119.612,23.734],[119.613,23.733],[119.613,23.733],[119.613,23.733],[119.613,23.733]]],[[[119.61,23.731],[119.609,23.731],[119.61,23.732],[119.61,23.733],[119.609,23.734],[119.61,23.732],[119.61,23.731],[119.61,23.731]]],[[[119.555,23.709],[119.554,23.711],[119.555,23.713],[119.555,23.715],[119.556,23.717],[119.552,23.719],[119.553,23.722],[119.556,23.721],[119.559,23.72],[119.558,23.717],[119.558,23.712],[119.555,23.709]]],[[[119.611,23.715],[119.611,23.716],[119.612,23.716],[119.611,23.715]]],[[[119.612,23.715],[119.612,23.715],[119.612,23.716],[119.612,23.716],[119.612,23.715],[119.612,23.715],[119.612,23.715]]],[[[119.612,23.714],[119.613,23.715],[119.613,23.714],[119.612,23.714]]],[[[119.608,23.711],[119.607,23.712],[119.608,23.713],[119.609,23.714],[119.609,23.713],[119.61,23.712],[119.61,23.711],[119.609,23.711],[119.608,23.711]]],[[[119.609,23.713],[119.609,23.713],[119.609,23.714],[119.609,23.714],[119.609,23.713]]],[[[119.61,23.713],[119.61,23.713],[119.61,23.713],[119.61,23.713],[119.61,23.713],[119.61,23.713]]],[[[119.61,23.712],[119.61,23.713],[119.61,23.713],[119.61,23.713],[119.61,23.713],[119.61,23.712]]],[[[119.567,23.71],[119.566,23.711],[119.566,23.712],[119.566,23.712],[119.568,23.712],[119.567,23.711],[119.567,23.71]]],[[[119.609,23.709],[119.611,23.711],[119.612,23.711],[119.613,23.71],[119.611,23.71],[119.61,23.71],[119.609,23.709]]],[[[119.608,23.71],[119.609,23.71],[119.609,23.71],[119.609,23.71],[119.608,23.71]]],[[[119.594,23.695],[119.593,23.696],[119.593,23.696],[119.593,23.696],[119.594,23.696],[119.594,23.695],[119.594,23.695]]],[[[119.565,23.694],[119.564,23.695],[119.566,23.694],[119.565,23.694]]],[[[119.595,23.691],[119.594,23.694],[119.595,23.693],[119.595,23.691]]],[[[119.67,23.693],[119.67,23.693],[119.67,23.693],[119.67,23.694],[119.671,23.694],[119.671,23.694],[119.671,23.693],[119.671,23.693],[119.67,23.693],[119.67,23.693]]],[[[119.56,23.693],[119.559,23.694],[119.559,23.694],[119.56,23.694],[119.56,23.694],[119.56,23.693]]],[[[119.652,23.691],[119.651,23.692],[119.65,23.693],[119.653,23.693],[119.652,23.691]]],[[[119.56,23.693],[119.559,23.693],[119.56,23.693],[119.56,23.693]]],[[[119.557,23.691],[119.557,23.692],[119.557,23.692],[119.558,23.692],[119.558,23.691],[119.557,23.691],[119.557,23.691]]],[[[119.671,23.691],[119.67,23.691],[119.671,23.691],[119.67,23.691],[119.67,23.691],[119.671,23.692],[119.671,23.692],[119.671,23.691],[119.671,23.691]]],[[[119.597,23.69],[119.596,23.69],[119.595,23.691],[119.595,23.691],[119.596,23.691],[119.597,23.69]]],[[[119.672,23.683],[119.67,23.684],[119.671,23.685],[119.67,23.688],[119.671,23.688],[119.671,23.689],[119.671,23.691],[119.672,23.69],[119.672,23.688],[119.672,23.687],[119.672,23.685],[119.672,23.684],[119.672,23.683]]],[[[119.558,23.688],[119.557,23.689],[119.557,23.689],[119.557,23.69],[119.558,23.69],[119.558,23.691],[119.558,23.689],[119.558,23.688],[119.558,23.688]]],[[[119.652,23.689],[119.651,23.69],[119.652,23.689],[119.652,23.689]]],[[[119.655,23.689],[119.654,23.689],[119.655,23.689],[119.655,23.689],[119.655,23.689]]],[[[119.67,23.688],[119.67,23.688],[119.67,23.688],[119.67,23.688]]],[[[119.655,23.685],[119.655,23.685],[119.655,23.685],[119.655,23.685],[119.655,23.685]]],[[[119.654,23.685],[119.654,23.685],[119.654,23.685],[119.655,23.685],[119.655,23.685],[119.654,23.685]]],[[[119.654,23.685],[119.654,23.685],[119.654,23.685],[119.654,23.685],[119.654,23.685]]],[[[119.623,23.685],[119.623,23.685],[119.623,23.685],[119.624,23.685],[119.624,23.685],[119.624,23.685],[119.624,23.685],[119.623,23.685],[119.623,23.685]]],[[[119.656,23.685],[119.656,23.685],[119.656,23.685],[119.656,23.685],[119.656,23.685]]],[[[119.655,23.685],[119.655,23.685],[119.655,23.685],[119.655,23.685]]],[[[119.655,23.685],[119.655,23.685],[119.655,23.685],[119.655,23.685]]],[[[119.654,23.684],[119.654,23.685],[119.654,23.685],[119.654,23.684]]],[[[119.654,23.684],[119.654,23.684],[119.654,23.685],[119.654,23.685],[119.654,23.684]]],[[[119.668,23.683],[119.668,23.683],[119.668,23.683],[119.668,23.684],[119.668,23.683],[119.668,23.683]]],[[[119.668,23.676],[119.666,23.677],[119.665,23.679],[119.665,23.681],[119.666,23.682],[119.667,23.683],[119.668,23.682],[119.668,23.681],[119.668,23.678],[119.669,23.677],[119.668,23.676]]],[[[119.664,23.682],[119.664,23.682],[119.663,23.682],[119.663,23.682],[119.664,23.683],[119.664,23.682],[119.665,23.682],[119.664,23.682],[119.664,23.682]]],[[[119.658,23.676],[119.657,23.678],[119.657,23.679],[119.657,23.678],[119.658,23.677],[119.658,23.676],[119.658,23.676]]],[[[119.669,23.673],[119.67,23.675],[119.671,23.676],[119.673,23.675],[119.671,23.675],[119.67,23.674],[119.669,23.673]]],[[[119.556,23.673],[119.555,23.677],[119.557,23.674],[119.556,23.673]]],[[[119.614,23.665],[119.617,23.669],[119.618,23.673],[119.616,23.669],[119.617,23.675],[119.619,23.675],[119.618,23.673],[119.616,23.668],[119.614,23.665]]],[[[119.612,23.671],[119.612,23.671],[119.612,23.671],[119.612,23.671]]],[[[119.659,23.659],[119.657,23.662],[119.662,23.664],[119.664,23.667],[119.664,23.67],[119.665,23.669],[119.667,23.668],[119.666,23.667],[119.666,23.665],[119.666,23.663],[119.666,23.661],[119.667,23.66],[119.664,23.659],[119.66,23.66],[119.659,23.659]]],[[[119.554,23.669],[119.554,23.669],[119.554,23.669],[119.554,23.669]]],[[[119.555,23.669],[119.555,23.669],[119.555,23.669],[119.555,23.669]]],[[[119.549,23.663],[119.549,23.664],[119.549,23.664],[119.549,23.663],[119.549,23.663]]],[[[119.548,23.653],[119.547,23.654],[119.548,23.654],[119.548,23.654],[119.549,23.654],[119.548,23.653],[119.548,23.653]]],[[[119.549,23.654],[119.549,23.654],[119.549,23.654],[119.549,23.654]]],[[[119.549,23.653],[119.549,23.654],[119.549,23.653],[119.549,23.653]]],[[[119.55,23.653],[119.549,23.653],[119.549,23.653],[119.55,23.653],[119.55,23.653]]],[[[119.634,23.643],[119.632,23.646],[119.63,23.647],[119.633,23.652],[119.637,23.65],[119.634,23.647],[119.634,23.643]]],[[[119.547,23.652],[119.547,23.652],[119.547,23.652],[119.547,23.652],[119.547,23.652],[119.547,23.652],[119.547,23.652],[119.547,23.652],[119.547,23.652],[119.547,23.652],[119.547,23.652],[119.547,23.652]]],[[[119.546,23.65],[119.545,23.65],[119.545,23.651],[119.545,23.65],[119.546,23.65]]],[[[119.544,23.648],[119.544,23.649],[119.544,23.65],[119.545,23.65],[119.545,23.649],[119.544,23.648]]],[[[119.545,23.649],[119.545,23.649],[119.545,23.649],[119.545,23.649]]],[[[119.582,23.648],[119.581,23.649],[119.582,23.649],[119.582,23.648]]],[[[119.588,23.64],[119.588,23.64],[119.587,23.64],[119.587,23.64],[119.587,23.641],[119.588,23.641],[119.588,23.641],[119.588,23.64],[119.588,23.64],[119.588,23.64]]],[[[119.605,23.639],[119.605,23.639],[119.605,23.639],[119.605,23.639],[119.605,23.639]]],[[[119.608,23.637],[119.608,23.637],[119.608,23.638],[119.608,23.638],[119.608,23.637]]],[[[119.617,23.63],[119.617,23.63],[119.618,23.63],[119.617,23.63]]],[[[119.57,23.616],[119.567,23.62],[119.569,23.622],[119.57,23.619],[119.57,23.616]]],[[[119.599,23.608],[119.598,23.608],[119.599,23.608],[119.599,23.608],[119.599,23.608]]],[[[119.614,23.607],[119.614,23.608],[119.615,23.608],[119.614,23.607],[119.614,23.607]]],[[[119.508,23.273],[119.508,23.273],[119.508,23.273],[119.508,23.273]]],[[[119.509,23.256],[119.511,23.257],[119.514,23.262],[119.518,23.265],[119.522,23.263],[119.519,23.259],[119.516,23.256],[119.512,23.255],[119.51,23.255],[119.509,23.256]]],[[[119.665,23.259],[119.667,23.261],[119.669,23.262],[119.672,23.263],[119.674,23.263],[119.676,23.263],[119.677,23.264],[119.677,23.264],[119.678,23.263],[119.679,23.262],[119.679,23.261],[119.678,23.259],[119.678,23.257],[119.677,23.255],[119.674,23.253],[119.673,23.252],[119.674,23.249],[119.674,23.247],[119.672,23.245],[119.671,23.245],[119.67,23.246],[119.669,23.248],[119.666,23.249],[119.665,23.25],[119.667,23.252],[119.668,23.254],[119.666,23.257],[119.665,23.259]]],[[[119.66,23.26],[119.659,23.261],[119.657,23.262],[119.659,23.264],[119.662,23.264],[119.66,23.261],[119.66,23.26]]],[[[119.503,23.258],[119.502,23.258],[119.502,23.259],[119.502,23.259],[119.503,23.258],[119.503,23.258]]],[[[119.618,23.255],[119.617,23.255],[119.618,23.256],[119.618,23.256],[119.618,23.256],[119.619,23.255],[119.618,23.255]]],[[[119.61,23.247],[119.609,23.25],[119.61,23.252],[119.612,23.253],[119.614,23.253],[119.616,23.254],[119.619,23.253],[119.621,23.253],[119.621,23.251],[119.621,23.251],[119.62,23.249],[119.621,23.247],[119.621,23.246],[119.622,23.245],[119.619,23.245],[119.618,23.244],[119.616,23.244],[119.614,23.245],[119.611,23.246],[119.61,23.247]]],[[[119.519,23.252],[119.518,23.253],[119.518,23.254],[119.519,23.254],[119.52,23.253],[119.519,23.253],[119.519,23.252]]],[[[119.551,23.244],[119.551,23.244],[119.551,23.244],[119.551,23.244]]],[[[119.55,23.242],[119.55,23.242],[119.549,23.243],[119.55,23.243],[119.55,23.243],[119.55,23.243],[119.551,23.243],[119.551,23.243],[119.55,23.242],[119.55,23.242]]],[[[119.551,23.242],[119.551,23.242],[119.551,23.242],[119.551,23.242]]],[[[119.52,23.234],[119.52,23.235],[119.52,23.235],[119.52,23.235],[119.52,23.235],[119.521,23.235],[119.521,23.234],[119.52,23.234],[119.52,23.234]]],[[[119.492,23.381],[119.493,23.382],[119.494,23.384],[119.496,23.386],[119.495,23.389],[119.493,23.391],[119.491,23.394],[119.49,23.395],[119.491,23.396],[119.492,23.397],[119.495,23.397],[119.496,23.394],[119.498,23.393],[119.499,23.392],[119.501,23.39],[119.502,23.39],[119.502,23.392],[119.504,23.393],[119.504,23.394],[119.506,23.394],[119.507,23.393],[119.507,23.391],[119.507,23.387],[119.507,23.385],[119.508,23.382],[119.509,23.378],[119.513,23.377],[119.511,23.375],[119.508,23.372],[119.511,23.371],[119.514,23.372],[119.515,23.375],[119.517,23.373],[119.515,23.37],[119.516,23.368],[119.512,23.366],[119.509,23.365],[119.508,23.362],[119.508,23.359],[119.514,23.354],[119.511,23.354],[119.506,23.354],[119.497,23.355],[119.488,23.355],[119.489,23.359],[119.491,23.362],[119.494,23.368],[119.494,23.374],[119.493,23.376],[119.492,23.379],[119.492,23.381]]],[[[119.315,23.4],[119.315,23.403],[119.316,23.404],[119.318,23.406],[119.319,23.411],[119.321,23.411],[119.323,23.409],[119.325,23.407],[119.328,23.407],[119.33,23.405],[119.329,23.403],[119.327,23.402],[119.325,23.399],[119.322,23.399],[119.319,23.398],[119.315,23.4]]],[[[119.514,23.395],[119.512,23.395],[119.513,23.396],[119.514,23.396],[119.514,23.396],[119.514,23.395]]],[[[119.514,23.381],[119.514,23.384],[119.514,23.385],[119.515,23.382],[119.514,23.381]]],[[[119.529,23.376],[119.527,23.379],[119.528,23.378],[119.529,23.377],[119.529,23.376]]],[[[119.487,23.378],[119.487,23.379],[119.488,23.379],[119.488,23.379],[119.487,23.378],[119.487,23.378]]],[[[119.524,23.366],[119.527,23.368],[119.527,23.372],[119.529,23.372],[119.531,23.374],[119.533,23.373],[119.536,23.375],[119.538,23.374],[119.541,23.373],[119.541,23.371],[119.542,23.367],[119.543,23.367],[119.544,23.365],[119.54,23.366],[119.536,23.366],[119.53,23.365],[119.527,23.363],[119.526,23.36],[119.525,23.357],[119.524,23.36],[119.521,23.36],[119.521,23.362],[119.519,23.363],[119.522,23.367],[119.524,23.366]]],[[[119.527,23.373],[119.523,23.375],[119.524,23.375],[119.527,23.373]]],[[[119.531,23.374],[119.531,23.374],[119.531,23.374],[119.532,23.375],[119.532,23.374],[119.531,23.374]]],[[[119.552,23.366],[119.552,23.366],[119.553,23.367],[119.552,23.366],[119.552,23.366]]],[[[119.553,23.363],[119.552,23.364],[119.552,23.364],[119.552,23.365],[119.553,23.365],[119.553,23.364],[119.553,23.364],[119.553,23.364],[119.553,23.363]]],[[[119.538,23.36],[119.536,23.362],[119.538,23.362],[119.538,23.361],[119.538,23.36]]],[[[119.481,23.356],[119.479,23.359],[119.482,23.357],[119.481,23.356]]],[[[119.518,23.356],[119.517,23.357],[119.518,23.357],[119.518,23.356]]],[[[119.461,23.354],[119.462,23.355],[119.462,23.355],[119.461,23.354]]],[[[119.528,23.355],[119.527,23.355],[119.527,23.355],[119.527,23.355],[119.528,23.355]]],[[[119.463,23.355],[119.463,23.355],[119.463,23.355],[119.464,23.355],[119.463,23.355]]],[[[119.468,23.351],[119.468,23.352],[119.469,23.353],[119.469,23.352],[119.468,23.351]]],[[[119.52,23.352],[119.52,23.352],[119.52,23.352],[119.52,23.352]]],[[[119.52,23.351],[119.52,23.351],[119.52,23.352],[119.52,23.351],[119.52,23.351]]],[[[119.539,23.349],[119.538,23.349],[119.538,23.35],[119.539,23.35],[119.539,23.35],[119.54,23.351],[119.54,23.35],[119.539,23.349],[119.539,23.349]]],[[[119.465,23.347],[119.465,23.347],[119.465,23.348],[119.466,23.349],[119.466,23.348],[119.465,23.347],[119.465,23.347]]],[[[119.321,23.323],[119.32,23.324],[119.319,23.325],[119.319,23.325],[119.32,23.328],[119.321,23.326],[119.323,23.324],[119.321,23.323]]],[[[119.323,23.324],[119.323,23.324],[119.323,23.324],[119.323,23.325],[119.323,23.325],[119.323,23.325],[119.323,23.324],[119.323,23.324],[119.323,23.324]]],[[[119.325,23.324],[119.323,23.324],[119.326,23.324],[119.325,23.324]]],[[[119.337,23.317],[119.335,23.319],[119.335,23.32],[119.335,23.322],[119.338,23.321],[119.338,23.318],[119.337,23.317]]],[[[119.342,23.307],[119.342,23.308],[119.342,23.308],[119.342,23.307],[119.342,23.307]]],[[[119.501,23.291],[119.501,23.291],[119.501,23.291],[119.501,23.291],[119.501,23.291],[119.501,23.291],[119.501,23.291]]],[[[119.501,23.289],[119.501,23.29],[119.502,23.291],[119.502,23.289],[119.501,23.289]]],[[[119.5,23.287],[119.5,23.287],[119.501,23.287],[119.501,23.287],[119.5,23.287]]],[[[119.501,23.276],[119.501,23.277],[119.502,23.277],[119.502,23.276],[119.501,23.276],[119.501,23.276]]],[[[119.502,23.276],[119.502,23.276],[119.504,23.276],[119.504,23.276],[119.502,23.276]]],[[[119.511,23.266],[119.504,23.27],[119.503,23.273],[119.507,23.273],[119.509,23.273],[119.511,23.268],[119.511,23.266]]],[[[119.697,23.554],[119.696,23.554],[119.697,23.555],[119.696,23.555],[119.696,23.555],[119.697,23.555],[119.697,23.555],[119.697,23.555],[119.697,23.554],[119.697,23.554],[119.697,23.554]]],[[[119.659,23.543],[119.659,23.544],[119.661,23.544],[119.66,23.543],[119.659,23.543]]],[[[119.659,23.541],[119.659,23.542],[119.659,23.542],[119.66,23.543],[119.66,23.542],[119.66,23.542],[119.66,23.542],[119.659,23.541]]],[[[119.661,23.54],[119.66,23.54],[119.66,23.54],[119.66,23.54],[119.66,23.54],[119.66,23.54],[119.661,23.54],[119.661,23.54],[119.661,23.54],[119.661,23.54],[119.661,23.54]]],[[[119.727,23.535],[119.726,23.536],[119.725,23.536],[119.726,23.537],[119.727,23.536],[119.728,23.535],[119.727,23.535]]],[[[119.605,23.596],[119.605,23.596],[119.605,23.596],[119.605,23.596],[119.605,23.596],[119.605,23.596]]],[[[119.685,23.625],[119.683,23.626],[119.684,23.626],[119.686,23.628],[119.687,23.626],[119.685,23.626],[119.685,23.625]]],[[[119.7,23.617],[119.699,23.618],[119.699,23.619],[119.699,23.62],[119.7,23.62],[119.7,23.62],[119.701,23.62],[119.701,23.619],[119.7,23.617]]],[[[119.695,23.619],[119.696,23.62],[119.696,23.619],[119.695,23.619]]],[[[119.698,23.618],[119.698,23.618],[119.698,23.619],[119.698,23.619],[119.698,23.619],[119.698,23.619],[119.698,23.618],[119.698,23.618]]],[[[119.702,23.617],[119.702,23.618],[119.703,23.617],[119.702,23.617]]],[[[119.7,23.616],[119.698,23.616],[119.698,23.617],[119.7,23.616]]],[[[119.701,23.616],[119.701,23.616],[119.701,23.616],[119.701,23.616]]],[[[119.7,23.615],[119.7,23.615],[119.7,23.616],[119.701,23.616],[119.701,23.616],[119.701,23.615],[119.7,23.615],[119.7,23.615]]],[[[119.676,23.603],[119.675,23.603],[119.673,23.602],[119.672,23.604],[119.672,23.605],[119.675,23.604],[119.674,23.605],[119.675,23.605],[119.677,23.605],[119.677,23.604],[119.676,23.604],[119.676,23.604],[119.676,23.603]]],[[[119.675,23.602],[119.674,23.603],[119.674,23.603],[119.674,23.603],[119.675,23.603],[119.675,23.602]]],[[[119.675,23.598],[119.676,23.6],[119.676,23.599],[119.675,23.598]]],[[[119.678,23.598],[119.678,23.599],[119.679,23.599],[119.679,23.598],[119.679,23.598],[119.678,23.598]]],[[[119.694,23.564],[119.693,23.564],[119.693,23.565],[119.693,23.565],[119.693,23.565],[119.694,23.564],[119.695,23.564],[119.694,23.564]]],[[[119.689,23.562],[119.689,23.562],[119.689,23.563],[119.69,23.563],[119.69,23.563],[119.689,23.563],[119.689,23.562]]],[[[119.725,23.557],[119.723,23.558],[119.724,23.559],[119.725,23.557]]],[[[119.696,23.557],[119.694,23.558],[119.696,23.558],[119.696,23.557]]],[[[119.526,23.655],[119.525,23.656],[119.527,23.657],[119.526,23.655]]],[[[119.539,23.643],[119.538,23.644],[119.539,23.644],[119.539,23.643],[119.539,23.643]]],[[[119.539,23.642],[119.538,23.642],[119.539,23.642],[119.539,23.642],[119.539,23.642]]],[[[119.539,23.64],[119.539,23.641],[119.539,23.641],[119.539,23.64]]],[[[119.551,23.594],[119.551,23.595],[119.552,23.594],[119.551,23.594]]],[[[119.54,23.58],[119.54,23.58],[119.54,23.581],[119.54,23.581],[119.54,23.581],[119.54,23.58]]],[[[119.588,23.595],[119.588,23.595],[119.588,23.596],[119.588,23.596],[119.589,23.596],[119.589,23.596],[119.588,23.595],[119.588,23.595]]],[[[119.542,23.553],[119.542,23.555],[119.543,23.553],[119.542,23.553]]],[[[119.541,23.554],[119.541,23.554],[119.541,23.554],[119.541,23.554],[119.542,23.554],[119.541,23.554]]],[[[119.533,23.539],[119.53,23.541],[119.533,23.54],[119.533,23.539]]],[[[119.529,23.541],[119.529,23.541],[119.529,23.541],[119.529,23.541],[119.529,23.541]]],[[[119.529,23.541],[119.529,23.541],[119.529,23.541],[119.529,23.541]]],[[[119.524,23.54],[119.526,23.54],[119.525,23.54],[119.524,23.54]]],[[[119.519,23.509],[119.514,23.51],[119.516,23.515],[119.52,23.512],[119.52,23.515],[119.522,23.511],[119.519,23.509]]],[[[119.512,23.483],[119.51,23.491],[119.514,23.487],[119.516,23.488],[119.522,23.493],[119.527,23.494],[119.536,23.496],[119.543,23.494],[119.528,23.487],[119.518,23.486],[119.512,23.483]]],[[[119.581,23.662],[119.575,23.663],[119.569,23.661],[119.567,23.657],[119.564,23.652],[119.559,23.656],[119.557,23.656],[119.555,23.656],[119.543,23.645],[119.541,23.64],[119.543,23.639],[119.54,23.635],[119.538,23.634],[119.535,23.634],[119.528,23.63],[119.523,23.63],[119.523,23.631],[119.518,23.629],[119.52,23.623],[119.519,23.619],[119.521,23.612],[119.522,23.607],[119.522,23.6],[119.518,23.594],[119.516,23.595],[119.512,23.592],[119.516,23.585],[119.515,23.582],[119.512,23.578],[119.515,23.574],[119.516,23.57],[119.518,23.567],[119.512,23.564],[119.506,23.566],[119.501,23.566],[119.495,23.567],[119.487,23.563],[119.481,23.564],[119.477,23.56],[119.469,23.56],[119.469,23.564],[119.474,23.567],[119.479,23.571],[119.481,23.575],[119.484,23.575],[119.487,23.572],[119.491,23.57],[119.495,23.572],[119.497,23.574],[119.499,23.575],[119.501,23.576],[119.503,23.581],[119.504,23.585],[119.504,23.588],[119.5,23.592],[119.495,23.594],[119.49,23.595],[119.493,23.596],[119.492,23.598],[119.493,23.601],[119.497,23.601],[119.498,23.599],[119.5,23.596],[119.504,23.597],[119.503,23.6],[119.502,23.602],[119.504,23.605],[119.504,23.607],[119.505,23.608],[119.506,23.611],[119.508,23.614],[119.505,23.616],[119.503,23.616],[119.5,23.62],[119.501,23.622],[119.504,23.626],[119.503,23.632],[119.507,23.636],[119.509,23.64],[119.51,23.643],[119.512,23.647],[119.512,23.648],[119.514,23.648],[119.515,23.649],[119.518,23.649],[119.519,23.65],[119.518,23.651],[119.514,23.652],[119.514,23.655],[119.516,23.655],[119.519,23.655],[119.523,23.656],[119.525,23.654],[119.523,23.65],[119.52,23.647],[119.519,23.645],[119.523,23.642],[119.525,23.644],[119.527,23.641],[119.53,23.64],[119.533,23.639],[119.538,23.64],[119.542,23.643],[119.554,23.658],[119.551,23.662],[119.554,23.666],[119.559,23.67],[119.565,23.671],[119.57,23.672],[119.57,23.672],[119.574,23.673],[119.579,23.676],[119.581,23.677],[119.587,23.674],[119.593,23.672],[119.599,23.674],[119.602,23.669],[119.605,23.667],[119.603,23.665],[119.609,23.663],[119.606,23.66],[119.611,23.654],[119.612,23.651],[119.61,23.649],[119.608,23.65],[119.601,23.648],[119.601,23.646],[119.602,23.643],[119.6,23.642],[119.598,23.638],[119.602,23.636],[119.604,23.634],[119.607,23.637],[119.61,23.635],[119.608,23.632],[119.604,23.631],[119.604,23.63],[119.603,23.628],[119.606,23.621],[119.611,23.62],[119.613,23.618],[119.613,23.614],[119.613,23.606],[119.615,23.602],[119.616,23.605],[119.616,23.601],[119.62,23.601],[119.62,23.606],[119.624,23.607],[119.626,23.607],[119.631,23.608],[119.629,23.604],[119.628,23.604],[119.627,23.602],[119.626,23.6],[119.628,23.596],[119.625,23.592],[119.624,23.588],[119.626,23.584],[119.625,23.579],[119.629,23.58],[119.631,23.583],[119.632,23.587],[119.634,23.591],[119.633,23.596],[119.637,23.598],[119.64,23.599],[119.641,23.595],[119.638,23.591],[119.641,23.589],[119.642,23.587],[119.644,23.589],[119.643,23.593],[119.648,23.594],[119.644,23.596],[119.648,23.602],[119.651,23.606],[119.648,23.606],[119.65,23.609],[119.654,23.609],[119.657,23.607],[119.656,23.602],[119.655,23.599],[119.656,23.599],[119.662,23.596],[119.659,23.593],[119.665,23.59],[119.669,23.592],[119.669,23.596],[119.669,23.598],[119.669,23.601],[119.672,23.6],[119.676,23.594],[119.68,23.587],[119.682,23.582],[119.68,23.577],[119.68,23.573],[119.683,23.568],[119.686,23.562],[119.691,23.563],[119.692,23.564],[119.692,23.561],[119.693,23.561],[119.693,23.559],[119.694,23.556],[119.695,23.554],[119.691,23.555],[119.686,23.553],[119.681,23.552],[119.675,23.554],[119.677,23.558],[119.67,23.562],[119.663,23.56],[119.649,23.561],[119.639,23.553],[119.635,23.55],[119.635,23.547],[119.632,23.547],[119.626,23.545],[119.623,23.544],[119.621,23.541],[119.618,23.539],[119.612,23.535],[119.609,23.53],[119.605,23.528],[119.604,23.525],[119.608,23.522],[119.611,23.52],[119.609,23.518],[119.606,23.516],[119.608,23.509],[119.604,23.509],[119.601,23.511],[119.598,23.512],[119.597,23.511],[119.589,23.512],[119.587,23.511],[119.584,23.509],[119.58,23.509],[119.576,23.508],[119.571,23.509],[119.572,23.515],[119.573,23.52],[119.569,23.525],[119.56,23.524],[119.555,23.527],[119.552,23.533],[119.549,23.536],[119.548,23.54],[119.543,23.538],[119.54,23.542],[119.542,23.545],[119.542,23.548],[119.543,23.547],[119.545,23.548],[119.547,23.552],[119.548,23.551],[119.551,23.547],[119.55,23.542],[119.551,23.542],[119.554,23.539],[119.556,23.536],[119.556,23.533],[119.557,23.527],[119.56,23.528],[119.566,23.532],[119.566,23.534],[119.571,23.532],[119.571,23.529],[119.574,23.527],[119.573,23.523],[119.574,23.521],[119.576,23.521],[119.58,23.524],[119.581,23.526],[119.581,23.532],[119.587,23.529],[119.59,23.531],[119.592,23.528],[119.596,23.527],[119.6,23.531],[119.596,23.533],[119.596,23.536],[119.597,23.539],[119.603,23.54],[119.6,23.546],[119.603,23.548],[119.6,23.55],[119.597,23.55],[119.596,23.549],[119.594,23.551],[119.592,23.553],[119.591,23.552],[119.587,23.552],[119.584,23.549],[119.579,23.549],[119.573,23.547],[119.568,23.551],[119.564,23.552],[119.563,23.556],[119.568,23.554],[119.574,23.555],[119.573,23.558],[119.577,23.559],[119.574,23.563],[119.577,23.566],[119.569,23.563],[119.561,23.563],[119.558,23.561],[119.557,23.563],[119.56,23.568],[119.565,23.573],[119.566,23.579],[119.564,23.586],[119.571,23.585],[119.572,23.586],[119.574,23.585],[119.577,23.588],[119.582,23.591],[119.584,23.594],[119.583,23.591],[119.585,23.589],[119.586,23.586],[119.585,23.585],[119.584,23.581],[119.583,23.58],[119.585,23.578],[119.589,23.581],[119.586,23.576],[119.586,23.573],[119.589,23.572],[119.593,23.575],[119.594,23.573],[119.594,23.571],[119.597,23.569],[119.597,23.573],[119.6,23.576],[119.597,23.577],[119.599,23.578],[119.599,23.581],[119.599,23.583],[119.603,23.585],[119.607,23.586],[119.607,23.591],[119.608,23.594],[119.606,23.596],[119.607,23.597],[119.605,23.596],[119.603,23.6],[119.606,23.604],[119.611,23.605],[119.609,23.61],[119.604,23.609],[119.602,23.612],[119.597,23.616],[119.602,23.617],[119.606,23.621],[119.602,23.624],[119.599,23.621],[119.597,23.624],[119.594,23.625],[119.591,23.624],[119.589,23.624],[119.591,23.629],[119.593,23.631],[119.596,23.635],[119.594,23.641],[119.588,23.644],[119.587,23.648],[119.584,23.651],[119.583,23.655],[119.582,23.658],[119.581,23.66],[119.581,23.662]]]]}},{"type":"Feature","properties":{"id":"TW-苗栗縣","名称":"苗栗縣","所属省":"台湾"},"geometry":{"type":"MultiPolygon","coordinates":[[[[120.663,24.481],[120.663,24.481],[120.662,24.481],[120.663,24.481]]],[[[120.662,24.481],[120.662,24.48],[120.661,24.479],[120.662,24.48],[120.662,24.481]]],[[[121.203,24.512],[121.217,24.51],[121.221,24.497],[121.237,24.482],[121.256,24.464],[121.261,24.445],[121.257,24.425],[121.242,24.413],[121.234,24.395],[121.215,24.38],[121.203,24.398],[121.183,24.381],[121.172,24.367],[121.154,24.359],[121.134,24.352],[121.121,24.333],[121.1,24.324],[121.083,24.322],[121.071,24.317],[121.055,24.307],[121.04,24.296],[121.015,24.319],[120.996,24.33],[120.972,24.334],[120.95,24.339],[120.926,24.339],[120.921,24.317],[120.911,24.294],[120.859,24.29],[120.828,24.295],[120.799,24.316],[120.783,24.319],[120.761,24.327],[120.735,24.348],[120.697,24.365],[120.677,24.384],[120.667,24.398],[120.648,24.41],[120.641,24.423],[120.629,24.438],[120.628,24.446],[120.627,24.443],[120.627,24.442],[120.629,24.443],[120.629,24.444],[120.629,24.445],[120.632,24.447],[120.634,24.446],[120.632,24.449],[120.642,24.457],[120.648,24.461],[120.65,24.462],[120.651,24.463],[120.649,24.465],[120.659,24.477],[120.662,24.48],[120.665,24.482],[120.666,24.484],[120.667,24.484],[120.668,24.487],[120.667,24.487],[120.666,24.488],[120.669,24.493],[120.668,24.493],[120.677,24.497],[120.675,24.505],[120.688,24.527],[120.695,24.547],[120.709,24.575],[120.716,24.594],[120.723,24.605],[120.737,24.612],[120.743,24.609],[120.748,24.61],[120.757,24.614],[120.759,24.613],[120.756,24.622],[120.754,24.622],[120.752,24.62],[120.752,24.619],[120.751,24.618],[120.755,24.625],[120.761,24.636],[120.77,24.651],[120.772,24.653],[120.779,24.658],[120.8,24.665],[120.806,24.666],[120.816,24.669],[120.822,24.668],[120.824,24.669],[120.826,24.669],[120.834,24.681],[120.853,24.696],[120.857,24.701],[120.861,24.707],[120.865,24.721],[120.879,24.735],[120.894,24.733],[120.909,24.74],[120.916,24.722],[120.921,24.716],[120.931,24.716],[120.942,24.707],[120.951,24.71],[120.959,24.707],[120.969,24.711],[120.976,24.709],[120.974,24.7],[120.966,24.691],[120.966,24.684],[120.977,24.679],[120.983,24.668],[120.994,24.66],[121.004,24.656],[121.009,24.648],[121.023,24.642],[121.034,24.632],[121.047,24.622],[121.06,24.621],[121.073,24.613],[121.083,24.595],[121.073,24.573],[121.057,24.559],[121.074,24.547],[121.078,24.529],[121.069,24.509],[121.082,24.5],[121.102,24.498],[121.123,24.51],[121.149,24.507],[121.172,24.505],[121.198,24.509],[121.203,24.512]]]]}},{"type":"Feature","properties":{"id":"TW-嘉義市","名称":"嘉義市","所属省":"台湾"},"geometry":{"type":"Polygon","coordinates":[[[120.429,23.509],[120.437,23.514],[120.447,23.518],[120.456,23.513],[120.468,23.499],[120.483,23.505],[120.487,23.493],[120.5,23.491],[120.503,23.483],[120.507,23.477],[120.504,23.468],[120.497,23.456],[120.469,23.462],[120.457,23.452],[120.439,23.44],[120.437,23.447],[120.413,23.462],[120.394,23.467],[120.394,23.482],[120.39,23.498],[120.401,23.502],[120.417,23.505],[120.429,23.509]]]}},{"type":"Feature","properties":{"id":"TW-新竹縣","名称":"新竹縣","所属省":"台湾"},"geometry":{"type":"Polygon","coordinates":[[[120.949,24.882],[120.959,24.9],[120.962,24.905],[120.967,24.92],[120.979,24.935],[120.99,24.936],[121.004,24.943],[121.02,24.941],[121.038,24.946],[121.049,24.939],[121.058,24.935],[121.061,24.92],[121.061,24.904],[121.075,24.899],[121.093,24.893],[121.111,24.89],[121.115,24.883],[121.128,24.881],[121.14,24.882],[121.152,24.88],[121.157,24.873],[121.16,24.863],[121.159,24.858],[121.156,24.852],[121.154,24.844],[121.162,24.837],[121.174,24.833],[121.191,24.821],[121.202,24.816],[121.206,24.807],[121.219,24.812],[121.222,24.799],[121.243,24.808],[121.248,24.796],[121.261,24.79],[121.268,24.78],[121.287,24.769],[121.302,24.76],[121.3,24.739],[121.308,24.72],[121.301,24.694],[121.329,24.691],[121.339,24.667],[121.353,24.668],[121.353,24.657],[121.357,24.638],[121.364,24.624],[121.363,24.609],[121.376,24.593],[121.403,24.59],[121.403,24.568],[121.398,24.548],[121.398,24.526],[121.385,24.512],[121.37,24.498],[121.348,24.485],[121.336,24.469],[121.32,24.448],[121.297,24.433],[121.271,24.43],[121.259,24.432],[121.261,24.453],[121.246,24.469],[121.234,24.488],[121.221,24.502],[121.215,24.515],[121.195,24.507],[121.171,24.504],[121.146,24.51],[121.121,24.509],[121.102,24.498],[121.08,24.5],[121.069,24.511],[121.079,24.531],[121.075,24.548],[121.058,24.561],[121.074,24.575],[121.082,24.598],[121.07,24.614],[121.058,24.619],[121.046,24.622],[121.031,24.633],[121.021,24.641],[121.008,24.65],[121.003,24.656],[120.992,24.66],[120.983,24.67],[120.976,24.681],[120.964,24.684],[120.968,24.692],[120.974,24.701],[120.975,24.711],[120.966,24.71],[120.959,24.707],[120.95,24.711],[120.941,24.708],[120.939,24.72],[120.939,24.729],[120.942,24.735],[120.948,24.745],[120.958,24.745],[120.964,24.755],[120.971,24.765],[120.978,24.763],[120.987,24.77],[120.992,24.779],[121.017,24.766],[121.027,24.758],[121.03,24.767],[121.028,24.777],[121.023,24.785],[121.023,24.796],[121.018,24.807],[120.989,24.825],[120.963,24.832],[120.934,24.853],[120.938,24.866],[120.949,24.882]]]}},{"type":"Feature","properties":{"id":"TW-新北市","名称":"新北市","所属省":"台湾"},"geometry":{"type":"MultiPolygon","coordinates":[[[[121.539,25.301],[121.539,25.301],[121.539,25.301],[121.539,25.301],[121.539,25.301],[121.539,25.301],[121.539,25.301],[121.539,25.301],[121.539,25.301],[121.539,25.301],[121.539,25.301]]],[[[121.537,25.301],[121.538,25.301],[121.537,25.3],[121.537,25.301]]],[[[121.538,25.301],[121.538,25.301],[121.538,25.3],[121.538,25.301]]],[[[121.538,25.3],[121.538,25.3],[121.538,25.3],[121.538,25.3],[121.538,25.3],[121.538,25.3],[121.538,25.3],[121.538,25.3],[121.538,25.3],[121.538,25.3],[121.538,25.3],[121.538,25.3]]],[[[121.536,25.3],[121.537,25.3],[121.536,25.3],[121.536,25.3]]],[[[121.539,25.3],[121.539,25.3],[121.539,25.299],[121.539,25.3],[121.539,25.3]]],[[[121.54,25.299],[121.54,25.298],[121.54,25.298],[121.54,25.299]]],[[[121.511,25.291],[121.511,25.291],[121.511,25.291],[121.511,25.291],[121.511,25.291],[121.511,25.291],[121.511,25.291],[121.511,25.291],[121.511,25.291],[121.511,25.291],[121.511,25.291],[121.511,25.291]]],[[[121.51,25.291],[121.51,25.291],[121.51,25.291],[121.51,25.291],[121.51,25.291],[121.51,25.291],[121.51,25.291],[121.51,25.291],[121.51,25.291],[121.51,25.291]]],[[[121.512,25.291],[121.512,25.291],[121.512,25.291],[121.512,25.291]]],[[[121.51,25.291],[121.51,25.291],[121.51,25.291],[121.51,25.291],[121.51,25.291],[121.51,25.291],[121.51,25.291],[121.51,25.291],[121.51,25.291],[121.51,25.291]]],[[[121.509,25.291],[121.509,25.291],[121.509,25.291],[121.509,25.291],[121.509,25.291],[121.509,25.291],[121.509,25.291],[121.509,25.291],[121.509,25.291],[121.509,25.291],[121.509,25.291],[121.509,25.291]]],[[[121.509,25.29],[121.509,25.29],[121.509,25.29],[121.509,25.29],[121.509,25.29],[121.509,25.29],[121.509,25.29],[121.509,25.29],[121.509,25.29],[121.509,25.29],[121.509,25.29]]],[[[121.702,25.217],[121.702,25.217],[121.702,25.217],[121.702,25.217],[121.702,25.217],[121.702,25.217],[121.702,25.217],[121.702,25.217],[121.702,25.217],[121.702,25.217],[121.702,25.217]]],[[[121.704,25.217],[121.704,25.217],[121.703,25.216],[121.703,25.217],[121.704,25.217]]],[[[121.702,25.216],[121.702,25.215],[121.702,25.216],[121.702,25.216]]],[[[121.701,25.215],[121.701,25.215],[121.701,25.215],[121.701,25.215],[121.701,25.215],[121.701,25.215],[121.701,25.215],[121.701,25.215],[121.701,25.215],[121.701,25.215],[121.701,25.215],[121.701,25.215]]],[[[121.698,25.215],[121.697,25.214],[121.698,25.215],[121.698,25.215]]],[[[121.696,25.213],[121.696,25.212],[121.696,25.212],[121.696,25.213]]],[[[121.696,25.212],[121.696,25.212],[121.695,25.212],[121.695,25.212],[121.696,25.212]]],[[[121.699,25.206],[121.7,25.206],[121.698,25.205],[121.698,25.205],[121.699,25.206]]],[[[121.697,25.204],[121.697,25.204],[121.697,25.204],[121.697,25.204]]],[[[121.696,25.203],[121.696,25.203],[121.695,25.203],[121.695,25.203],[121.696,25.203]]],[[[121.678,25.203],[121.679,25.203],[121.678,25.203],[121.678,25.203]]],[[[121.695,25.203],[121.695,25.203],[121.695,25.202],[121.695,25.202],[121.695,25.203]]],[[[121.693,25.2],[121.694,25.2],[121.693,25.2],[121.693,25.2],[121.693,25.2],[121.693,25.2]]],[[[121.414,25.189],[121.412,25.189],[121.414,25.189],[121.414,25.189]]],[[[121.84,25.129],[121.84,25.129],[121.839,25.129],[121.84,25.129]]],[[[121.914,25.126],[121.915,25.128],[121.917,25.128],[121.917,25.128],[121.915,25.127],[121.914,25.126]]],[[[121.845,25.128],[121.845,25.127],[121.845,25.128],[121.846,25.127],[121.845,25.128],[121.845,25.128],[121.845,25.128]]],[[[121.862,25.126],[121.862,25.126],[121.862,25.126],[121.862,25.126]]],[[[121.874,25.126],[121.874,25.126],[121.874,25.126],[121.874,25.126]]],[[[121.875,25.125],[121.875,25.125],[121.875,25.125],[121.875,25.125],[121.875,25.125],[121.875,25.125],[121.875,25.125],[121.875,25.125],[121.875,25.125],[121.875,25.125],[121.875,25.125],[121.875,25.125]]],[[[121.879,25.125],[121.879,25.125],[121.879,25.125],[121.879,25.125],[121.879,25.125]]],[[[121.86,25.125],[121.86,25.125],[121.86,25.125],[121.86,25.125]]],[[[121.876,25.125],[121.876,25.125],[121.875,25.125],[121.876,25.125]]],[[[121.919,25.097],[121.919,25.096],[121.919,25.096],[121.919,25.096],[121.919,25.096],[121.919,25.096],[121.919,25.097],[121.919,25.097],[121.919,25.097],[121.919,25.097]]],[[[121.919,25.096],[121.919,25.096],[121.919,25.096],[121.919,25.096],[121.919,25.096],[121.919,25.096],[121.919,25.096],[121.919,25.096],[121.919,25.096],[121.919,25.096]]],[[[121.919,25.095],[121.919,25.095],[121.918,25.095],[121.918,25.096],[121.919,25.095]]],[[[121.917,25.092],[121.916,25.092],[121.916,25.092],[121.917,25.092]]],[[[121.916,25.091],[121.916,25.091],[121.916,25.091],[121.916,25.091],[121.916,25.091],[121.916,25.091],[121.916,25.091],[121.916,25.091],[121.916,25.091],[121.916,25.091]]],[[[121.93,25.065],[121.93,25.065],[121.93,25.065],[121.93,25.065],[121.93,25.065],[121.93,25.065],[121.93,25.065],[121.93,25.065],[121.93,25.065],[121.93,25.065],[121.93,25.065],[121.93,25.065]]],[[[121.931,25.056],[121.931,25.056],[121.931,25.056],[121.931,25.056],[121.931,25.056],[121.931,25.056],[121.931,25.056],[121.931,25.056],[121.931,25.056],[121.931,25.056]]],[[[121.932,25.056],[121.932,25.056],[121.932,25.056],[121.932,25.056],[121.932,25.056],[121.932,25.056],[121.932,25.056],[121.932,25.056],[121.932,25.056],[121.932,25.056],[121.932,25.056]]],[[[121.983,25.025],[121.984,25.025],[121.984,25.024],[121.983,25.025],[121.983,25.025]]],[[[121.984,25.023],[121.984,25.023],[121.984,25.023],[121.984,25.023]]],[[[121.963,25.023],[121.963,25.023],[121.963,25.023],[121.963,25.023]]],[[[122.005,25.015],[122.004,25.015],[122.004,25.015],[122.005,25.016],[122.005,25.015]]],[[[122.007,25.011],[122.007,25.011],[122.007,25.011],[122.007,25.011],[122.007,25.011]]],[[[122.006,25.009],[122.006,25.009],[122.006,25.009],[122.006,25.009]]],[[[121.993,24.998],[121.993,24.998],[121.993,24.998],[121.993,24.998]]],[[[121.992,24.998],[121.992,24.998],[121.991,24.998],[121.991,24.998],[121.992,24.998]]],[[[121.986,24.994],[121.986,24.994],[121.986,24.994],[121.986,24.994],[121.986,24.994],[121.986,24.994],[121.986,24.994],[121.986,24.994],[121.986,24.994],[121.986,24.994],[121.986,24.994]]],[[[121.986,24.993],[121.986,24.993],[121.985,24.993],[121.985,24.993],[121.986,24.993]]],[[[121.984,24.991],[121.985,24.99],[121.984,24.99],[121.984,24.991]]],[[[121.967,24.982],[121.967,24.982],[121.967,24.982],[121.967,24.982]]],[[[121.793,24.9],[121.785,24.892],[121.782,24.881],[121.78,24.872],[121.77,24.865],[121.762,24.86],[121.753,24.855],[121.739,24.855],[121.721,24.849],[121.709,24.84],[121.697,24.835],[121.689,24.823],[121.684,24.817],[121.674,24.814],[121.661,24.811],[121.642,24.81],[121.626,24.804],[121.614,24.793],[121.592,24.788],[121.596,24.767],[121.594,24.75],[121.595,24.737],[121.594,24.726],[121.578,24.716],[121.559,24.711],[121.541,24.703],[121.534,24.688],[121.515,24.683],[121.498,24.677],[121.481,24.674],[121.474,24.695],[121.45,24.706],[121.436,24.729],[121.429,24.749],[121.425,24.767],[121.447,24.784],[121.443,24.792],[121.437,24.809],[121.422,24.825],[121.413,24.837],[121.397,24.843],[121.385,24.84],[121.373,24.835],[121.355,24.843],[121.339,24.844],[121.342,24.849],[121.35,24.849],[121.356,24.853],[121.351,24.859],[121.351,24.87],[121.346,24.88],[121.342,24.892],[121.332,24.893],[121.331,24.898],[121.325,24.906],[121.32,24.914],[121.325,24.929],[121.316,24.939],[121.329,24.96],[121.328,24.973],[121.331,24.979],[121.342,24.982],[121.358,24.978],[121.372,24.98],[121.383,24.988],[121.391,24.993],[121.403,25],[121.397,25.008],[121.397,25.016],[121.411,25.019],[121.403,25.026],[121.398,25.033],[121.401,25.038],[121.391,25.041],[121.398,25.044],[121.4,25.045],[121.394,25.047],[121.397,25.049],[121.401,25.051],[121.391,25.054],[121.388,25.053],[121.386,25.058],[121.391,25.061],[121.383,25.063],[121.351,25.069],[121.352,25.074],[121.349,25.074],[121.341,25.077],[121.346,25.077],[121.349,25.081],[121.338,25.084],[121.317,25.094],[121.303,25.097],[121.291,25.103],[121.284,25.115],[121.296,25.122],[121.298,25.123],[121.31,25.126],[121.341,25.127],[121.373,25.14],[121.379,25.143],[121.385,25.145],[121.389,25.148],[121.392,25.149],[121.394,25.154],[121.4,25.161],[121.409,25.165],[121.406,25.176],[121.408,25.185],[121.409,25.188],[121.418,25.194],[121.429,25.209],[121.441,25.223],[121.445,25.231],[121.447,25.241],[121.456,25.252],[121.472,25.254],[121.476,25.258],[121.478,25.267],[121.489,25.273],[121.499,25.279],[121.505,25.282],[121.509,25.283],[121.509,25.285],[121.508,25.29],[121.509,25.291],[121.511,25.291],[121.513,25.29],[121.515,25.285],[121.523,25.287],[121.531,25.289],[121.535,25.291],[121.533,25.294],[121.538,25.3],[121.541,25.295],[121.557,25.292],[121.565,25.293],[121.568,25.294],[121.579,25.298],[121.591,25.291],[121.598,25.291],[121.606,25.282],[121.62,25.275],[121.63,25.265],[121.635,25.249],[121.638,25.236],[121.649,25.23],[121.647,25.233],[121.653,25.229],[121.652,25.226],[121.651,25.222],[121.664,25.207],[121.675,25.203],[121.677,25.205],[121.679,25.203],[121.686,25.208],[121.686,25.205],[121.689,25.208],[121.696,25.212],[121.697,25.213],[121.698,25.215],[121.702,25.217],[121.701,25.214],[121.697,25.21],[121.693,25.203],[121.695,25.203],[121.69,25.196],[121.687,25.194],[121.692,25.18],[121.695,25.18],[121.7,25.18],[121.705,25.176],[121.704,25.174],[121.697,25.167],[121.688,25.162],[121.676,25.155],[121.663,25.152],[121.65,25.145],[121.632,25.143],[121.633,25.131],[121.645,25.122],[121.649,25.111],[121.651,25.1],[121.659,25.091],[121.673,25.084],[121.68,25.08],[121.688,25.072],[121.706,25.067],[121.722,25.06],[121.737,25.055],[121.748,25.054],[121.759,25.059],[121.769,25.063],[121.772,25.075],[121.759,25.089],[121.758,25.103],[121.75,25.109],[121.763,25.113],[121.777,25.119],[121.792,25.113],[121.798,25.12],[121.8,25.124],[121.805,25.13],[121.807,25.134],[121.813,25.133],[121.817,25.133],[121.822,25.136],[121.826,25.136],[121.822,25.132],[121.822,25.131],[121.819,25.127],[121.82,25.125],[121.821,25.122],[121.828,25.122],[121.828,25.123],[121.834,25.127],[121.836,25.128],[121.839,25.128],[121.84,25.128],[121.842,25.129],[121.848,25.127],[121.858,25.124],[121.861,25.125],[121.862,25.126],[121.868,25.123],[121.87,25.125],[121.874,25.125],[121.877,25.123],[121.881,25.124],[121.886,25.123],[121.888,25.122],[121.891,25.12],[121.894,25.12],[121.899,25.12],[121.904,25.123],[121.908,25.122],[121.912,25.124],[121.916,25.124],[121.919,25.128],[121.924,25.127],[121.921,25.122],[121.919,25.118],[121.915,25.113],[121.918,25.112],[121.923,25.111],[121.923,25.106],[121.921,25.103],[121.919,25.101],[121.917,25.098],[121.919,25.096],[121.917,25.093],[121.914,25.088],[121.916,25.081],[121.918,25.076],[121.921,25.073],[121.924,25.07],[121.928,25.065],[121.931,25.062],[121.928,25.059],[121.928,25.057],[121.93,25.052],[121.929,25.044],[121.932,25.034],[121.95,25.021],[121.951,25.021],[121.955,25.023],[121.961,25.022],[121.964,25.022],[121.976,25.026],[121.983,25.024],[121.986,25.023],[121.987,25.021],[121.99,25.017],[121.991,25.012],[121.996,25.018],[121.999,25.019],[122,25.017],[122.002,25.014],[122.005,25.015],[122.006,25.012],[122.006,25.01],[122.006,25.008],[122.005,25.004],[122.002,25.002],[121.998,25.002],[121.995,25],[121.993,24.999],[121.99,24.997],[121.988,24.996],[121.986,24.995],[121.985,24.993],[121.983,24.992],[121.979,24.992],[121.973,24.986],[121.967,24.984],[121.967,24.983],[121.957,24.988],[121.943,24.987],[121.932,24.981],[121.916,24.98],[121.905,24.974],[121.889,24.964],[121.87,24.961],[121.854,24.96],[121.843,24.956],[121.84,24.942],[121.849,24.93],[121.85,24.922],[121.836,24.908],[121.824,24.905],[121.811,24.906],[121.802,24.901],[121.793,24.9]],[[121.527,24.987],[121.544,24.986],[121.553,24.982],[121.561,24.965],[121.578,24.966],[121.594,24.962],[121.607,24.963],[121.62,24.969],[121.606,24.974],[121.602,24.988],[121.6,25.001],[121.597,25.014],[121.611,25.02],[121.624,25.018],[121.636,25.024],[121.651,25.024],[121.665,25.027],[121.655,25.028],[121.647,25.029],[121.637,25.034],[121.625,25.038],[121.621,25.055],[121.617,25.066],[121.621,25.071],[121.624,25.075],[121.624,25.081],[121.625,25.094],[121.614,25.104],[121.596,25.112],[121.602,25.126],[121.605,25.136],[121.596,25.144],[121.591,25.159],[121.578,25.166],[121.582,25.179],[121.583,25.189],[121.581,25.195],[121.571,25.197],[121.558,25.21],[121.552,25.198],[121.54,25.187],[121.522,25.178],[121.512,25.17],[121.502,25.169],[121.488,25.153],[121.472,25.139],[121.464,25.124],[121.469,25.102],[121.505,25.059],[121.488,25.018],[121.512,25.022],[121.531,24.997],[121.527,24.987]]]]}},{"type":"Feature","properties":{"id":"TW-花蓮縣","名称":"花蓮縣","所属省":"台湾"},"geometry":{"type":"MultiPolygon","coordinates":[[[[121.507,23.508],[121.507,23.507],[121.506,23.507],[121.507,23.508]]],[[[121.514,23.493],[121.513,23.492],[121.513,23.492],[121.513,23.492],[121.512,23.492],[121.512,23.492],[121.513,23.492],[121.514,23.493]]],[[[121.51,23.492],[121.509,23.492],[121.509,23.492],[121.509,23.492],[121.51,23.492],[121.51,23.492]]],[[[121.514,23.481],[121.516,23.483],[121.515,23.482],[121.514,23.481]]],[[[121.377,23.284],[121.371,23.264],[121.359,23.249],[121.355,23.235],[121.357,23.224],[121.346,23.217],[121.343,23.202],[121.338,23.191],[121.335,23.179],[121.324,23.179],[121.319,23.168],[121.325,23.154],[121.321,23.139],[121.321,23.116],[121.3,23.11],[121.286,23.107],[121.272,23.098],[121.267,23.114],[121.258,23.125],[121.242,23.128],[121.222,23.141],[121.212,23.157],[121.2,23.178],[121.189,23.204],[121.167,23.207],[121.14,23.201],[121.126,23.225],[121.098,23.229],[121.079,23.233],[121.069,23.255],[121.062,23.268],[121.06,23.284],[121.046,23.296],[121.038,23.305],[121.049,23.325],[121.027,23.338],[121.01,23.346],[120.988,23.358],[120.998,23.38],[121.002,23.394],[121.022,23.4],[121.027,23.415],[121.02,23.43],[121.025,23.439],[121.046,23.45],[121.055,23.463],[121.039,23.474],[121.053,23.487],[121.064,23.505],[121.081,23.515],[121.102,23.52],[121.128,23.518],[121.151,23.526],[121.146,23.554],[121.16,23.565],[121.153,23.586],[121.171,23.584],[121.186,23.594],[121.204,23.596],[121.218,23.615],[121.231,23.652],[121.234,23.679],[121.241,23.708],[121.233,23.73],[121.231,23.747],[121.218,23.757],[121.205,23.772],[121.224,23.782],[121.227,23.805],[121.237,23.821],[121.243,23.844],[121.253,23.865],[121.263,23.879],[121.265,23.897],[121.274,23.907],[121.274,23.929],[121.275,23.951],[121.267,23.975],[121.269,24.006],[121.279,24.027],[121.283,24.052],[121.299,24.062],[121.316,24.078],[121.322,24.099],[121.32,24.117],[121.284,24.135],[121.281,24.156],[121.287,24.178],[121.32,24.191],[121.344,24.2],[121.344,24.221],[121.352,24.244],[121.376,24.254],[121.382,24.276],[121.398,24.293],[121.416,24.31],[121.433,24.327],[121.439,24.355],[121.456,24.362],[121.48,24.351],[121.498,24.34],[121.516,24.342],[121.537,24.337],[121.558,24.326],[121.577,24.319],[121.596,24.316],[121.605,24.317],[121.596,24.33],[121.606,24.331],[121.617,24.337],[121.627,24.341],[121.633,24.34],[121.63,24.348],[121.621,24.363],[121.632,24.369],[121.64,24.359],[121.65,24.355],[121.655,24.353],[121.666,24.348],[121.678,24.338],[121.703,24.331],[121.735,24.323],[121.77,24.313],[121.74,24.258],[121.713,24.238],[121.682,24.211],[121.659,24.168],[121.659,24.138],[121.644,24.114],[121.616,24.069],[121.641,24.02],[121.642,23.999],[121.635,23.98],[121.636,23.99],[121.639,23.998],[121.641,24],[121.637,24],[121.623,23.982],[121.607,23.96],[121.611,23.933],[121.606,23.918],[121.604,23.905],[121.603,23.888],[121.599,23.865],[121.587,23.83],[121.586,23.83],[121.584,23.822],[121.572,23.796],[121.572,23.759],[121.567,23.746],[121.56,23.73],[121.553,23.723],[121.551,23.72],[121.55,23.718],[121.549,23.715],[121.549,23.714],[121.549,23.706],[121.55,23.7],[121.553,23.698],[121.55,23.692],[121.548,23.683],[121.546,23.674],[121.544,23.669],[121.543,23.664],[121.542,23.662],[121.543,23.655],[121.536,23.649],[121.533,23.637],[121.529,23.614],[121.528,23.591],[121.522,23.571],[121.515,23.56],[121.51,23.549],[121.507,23.531],[121.504,23.525],[121.503,23.52],[121.504,23.515],[121.505,23.511],[121.504,23.507],[121.506,23.498],[121.505,23.497],[121.506,23.494],[121.507,23.495],[121.509,23.491],[121.512,23.492],[121.513,23.491],[121.514,23.488],[121.512,23.484],[121.509,23.479],[121.507,23.472],[121.506,23.471],[121.504,23.47],[121.499,23.457],[121.499,23.452],[121.497,23.44],[121.487,23.434],[121.477,23.435],[121.463,23.439],[121.45,23.443],[121.44,23.433],[121.426,23.425],[121.418,23.415],[121.412,23.402],[121.401,23.384],[121.406,23.365],[121.423,23.36],[121.415,23.348],[121.402,23.333],[121.39,23.319],[121.382,23.305],[121.377,23.291],[121.377,23.284]]]]}},{"type":"Feature","properties":{"id":"TW-高雄市","名称":"高雄市","所属省":"台湾"},"geometry":{"type":"Polygon","coordinates":[[[120.454,22.772],[120.455,22.741],[120.447,22.688],[120.436,22.648],[120.447,22.593],[120.43,22.543],[120.425,22.489],[120.405,22.478],[120.401,22.479],[120.397,22.478],[120.383,22.492],[120.38,22.494],[120.382,22.497],[120.38,22.494],[120.377,22.495],[120.37,22.5],[120.364,22.505],[120.353,22.514],[120.326,22.529],[120.333,22.533],[120.325,22.53],[120.331,22.535],[120.322,22.54],[120.313,22.547],[120.311,22.546],[120.302,22.546],[120.301,22.546],[120.307,22.545],[120.311,22.546],[120.314,22.547],[120.317,22.55],[120.306,22.557],[120.303,22.554],[120.301,22.552],[120.303,22.553],[120.305,22.556],[120.304,22.564],[120.298,22.57],[120.294,22.576],[120.289,22.582],[120.278,22.594],[120.263,22.61],[120.261,22.623],[120.257,22.635],[120.252,22.644],[120.251,22.653],[120.258,22.669],[120.265,22.69],[120.265,22.709],[120.257,22.696],[120.257,22.714],[120.259,22.714],[120.256,22.717],[120.25,22.727],[120.242,22.745],[120.233,22.763],[120.212,22.808],[120.203,22.813],[120.201,22.84],[120.197,22.844],[120.197,22.849],[120.194,22.857],[120.19,22.86],[120.192,22.866],[120.189,22.876],[120.179,22.898],[120.191,22.92],[120.226,22.916],[120.248,22.898],[120.262,22.901],[120.278,22.905],[120.32,22.895],[120.337,22.889],[120.352,22.89],[120.356,22.894],[120.362,22.901],[120.365,22.902],[120.373,22.907],[120.376,22.916],[120.383,22.92],[120.391,22.921],[120.401,22.919],[120.41,22.914],[120.42,22.924],[120.426,22.936],[120.432,22.951],[120.438,22.966],[120.448,22.978],[120.454,22.984],[120.459,22.99],[120.461,23],[120.471,23.002],[120.481,23.011],[120.498,23.024],[120.51,23.035],[120.522,23.046],[120.533,23.057],[120.545,23.064],[120.56,23.077],[120.573,23.09],[120.581,23.105],[120.589,23.12],[120.595,23.135],[120.603,23.144],[120.612,23.154],[120.621,23.163],[120.629,23.174],[120.64,23.183],[120.64,23.196],[120.651,23.209],[120.654,23.224],[120.651,23.235],[120.649,23.242],[120.648,23.248],[120.64,23.267],[120.643,23.276],[120.644,23.29],[120.652,23.291],[120.665,23.294],[120.676,23.29],[120.701,23.286],[120.706,23.304],[120.73,23.31],[120.749,23.324],[120.757,23.339],[120.767,23.343],[120.784,23.343],[120.793,23.358],[120.805,23.368],[120.813,23.369],[120.828,23.375],[120.835,23.388],[120.838,23.397],[120.848,23.411],[120.858,23.424],[120.867,23.426],[120.878,23.432],[120.89,23.441],[120.896,23.45],[120.909,23.457],[120.926,23.457],[120.936,23.463],[120.957,23.468],[120.99,23.465],[121.016,23.452],[121.015,23.435],[121.023,23.425],[121.027,23.41],[121.016,23.398],[121.008,23.387],[120.991,23.371],[121,23.357],[121.018,23.35],[121.033,23.334],[121.048,23.313],[121.028,23.297],[121.001,23.287],[120.973,23.282],[120.955,23.262],[120.938,23.245],[120.919,23.241],[120.912,23.218],[120.909,23.194],[120.899,23.177],[120.886,23.155],[120.886,23.131],[120.889,23.106],[120.879,23.08],[120.874,23.052],[120.866,23.032],[120.861,23.008],[120.847,22.993],[120.834,22.981],[120.822,22.965],[120.822,22.939],[120.832,22.914],[120.837,22.892],[120.861,22.877],[120.866,22.86],[120.863,22.846],[120.852,22.856],[120.835,22.864],[120.814,22.858],[120.792,22.849],[120.774,22.839],[120.758,22.861],[120.743,22.874],[120.71,22.881],[120.679,22.863],[120.659,22.864],[120.648,22.877],[120.624,22.877],[120.57,22.844],[120.537,22.829],[120.521,22.833],[120.505,22.831],[120.492,22.835],[120.475,22.838],[120.461,22.793],[120.454,22.772]]]}},{"type":"Feature","properties":{"id":"TW-彰化縣","名称":"彰化縣","所属省":"台湾"},"geometry":{"type":"MultiPolygon","coordinates":[[[[120.265,23.872],[120.263,23.87],[120.262,23.87],[120.263,23.871],[120.265,23.872]]],[[[120.269,23.871],[120.27,23.871],[120.27,23.87],[120.27,23.87],[120.269,23.871]]],[[[120.271,23.869],[120.272,23.869],[120.272,23.869],[120.271,23.869]]],[[[120.266,23.868],[120.265,23.866],[120.266,23.868],[120.266,23.868]]],[[[120.266,23.867],[120.266,23.866],[120.266,23.866],[120.266,23.867]]],[[[120.265,23.866],[120.265,23.866],[120.265,23.866],[120.265,23.866]]],[[[120.628,23.931],[120.633,23.927],[120.636,23.922],[120.635,23.919],[120.634,23.915],[120.633,23.911],[120.63,23.908],[120.632,23.905],[120.634,23.902],[120.634,23.897],[120.632,23.892],[120.629,23.889],[120.627,23.88],[120.624,23.87],[120.62,23.867],[120.624,23.862],[120.626,23.859],[120.626,23.855],[120.624,23.849],[120.621,23.849],[120.619,23.844],[120.616,23.841],[120.618,23.84],[120.622,23.839],[120.628,23.839],[120.63,23.837],[120.633,23.834],[120.626,23.831],[120.637,23.833],[120.637,23.83],[120.639,23.826],[120.636,23.825],[120.64,23.822],[120.65,23.814],[120.665,23.815],[120.673,23.819],[120.679,23.806],[120.669,23.796],[120.635,23.787],[120.579,23.795],[120.535,23.801],[120.47,23.811],[120.441,23.825],[120.392,23.828],[120.277,23.828],[120.261,23.866],[120.265,23.865],[120.267,23.868],[120.268,23.868],[120.272,23.868],[120.273,23.868],[120.294,23.888],[120.304,23.906],[120.311,23.923],[120.305,23.939],[120.33,23.989],[120.349,24.003],[120.369,24.033],[120.379,24.046],[120.4,24.054],[120.386,24.058],[120.386,24.081],[120.406,24.086],[120.427,24.085],[120.435,24.093],[120.413,24.105],[120.394,24.106],[120.387,24.096],[120.38,24.093],[120.39,24.108],[120.393,24.113],[120.396,24.117],[120.412,24.13],[120.439,24.158],[120.46,24.159],[120.463,24.161],[120.467,24.165],[120.468,24.176],[120.467,24.179],[120.469,24.181],[120.474,24.181],[120.484,24.196],[120.526,24.146],[120.542,24.122],[120.584,24.109],[120.613,24.096],[120.625,24.071],[120.628,24.04],[120.637,24.029],[120.647,24.034],[120.674,24.011],[120.667,24.007],[120.641,24.007],[120.65,23.986],[120.644,23.963],[120.633,23.955],[120.63,23.955],[120.628,23.951],[120.631,23.944],[120.638,23.935],[120.63,23.931],[120.628,23.931]]]]}},{"type":"Feature","properties":{"id":"TW-嘉義縣","名称":"嘉義縣","所属省":"台湾"},"geometry":{"type":"MultiPolygon","coordinates":[[[[120.135,23.437],[120.137,23.435],[120.137,23.435],[120.135,23.437],[120.135,23.437]]],[[[120.136,23.425],[120.136,23.425],[120.136,23.422],[120.136,23.422],[120.135,23.425],[120.136,23.425]]],[[[120.142,23.412],[120.147,23.397],[120.149,23.392],[120.144,23.404],[120.142,23.412]]],[[[120.149,23.479],[120.148,23.479],[120.148,23.479],[120.149,23.479],[120.149,23.479]]],[[[120.148,23.478],[120.148,23.478],[120.148,23.478],[120.148,23.478],[120.148,23.478]]],[[[120.141,23.477],[120.141,23.477],[120.14,23.477],[120.141,23.477]]],[[[120.141,23.477],[120.142,23.476],[120.141,23.476],[120.141,23.477]]],[[[120.143,23.475],[120.143,23.475],[120.143,23.475],[120.143,23.475]]],[[[120.652,23.291],[120.644,23.29],[120.643,23.276],[120.641,23.267],[120.648,23.248],[120.649,23.242],[120.65,23.235],[120.652,23.224],[120.639,23.228],[120.624,23.227],[120.607,23.226],[120.592,23.24],[120.581,23.22],[120.565,23.221],[120.549,23.223],[120.535,23.229],[120.522,23.235],[120.527,23.244],[120.529,23.261],[120.522,23.276],[120.524,23.29],[120.524,23.305],[120.531,23.317],[120.538,23.331],[120.525,23.339],[120.518,23.343],[120.507,23.344],[120.505,23.355],[120.512,23.361],[120.51,23.364],[120.505,23.369],[120.494,23.369],[120.484,23.369],[120.49,23.383],[120.498,23.391],[120.49,23.395],[120.484,23.392],[120.476,23.393],[120.467,23.401],[120.455,23.407],[120.44,23.413],[120.433,23.411],[120.422,23.407],[120.41,23.41],[120.358,23.402],[120.333,23.386],[120.312,23.387],[120.293,23.375],[120.284,23.357],[120.273,23.353],[120.258,23.333],[120.233,23.319],[120.209,23.291],[120.188,23.294],[120.174,23.3],[120.15,23.313],[120.119,23.34],[120.12,23.344],[120.119,23.347],[120.125,23.359],[120.14,23.374],[120.154,23.375],[120.151,23.376],[120.147,23.383],[120.144,23.382],[120.155,23.385],[120.157,23.383],[120.152,23.4],[120.148,23.416],[120.153,23.428],[120.146,23.43],[120.155,23.448],[120.149,23.454],[120.136,23.45],[120.146,23.464],[120.144,23.471],[120.147,23.473],[120.148,23.475],[120.15,23.477],[120.155,23.491],[120.169,23.492],[120.123,23.49],[120.152,23.518],[120.201,23.512],[120.238,23.507],[120.255,23.546],[120.274,23.537],[120.29,23.556],[120.307,23.574],[120.334,23.591],[120.365,23.602],[120.381,23.611],[120.393,23.624],[120.407,23.625],[120.419,23.624],[120.431,23.619],[120.439,23.626],[120.454,23.63],[120.474,23.631],[120.488,23.631],[120.497,23.635],[120.507,23.626],[120.522,23.607],[120.538,23.595],[120.557,23.591],[120.57,23.588],[120.582,23.582],[120.593,23.585],[120.608,23.584],[120.623,23.59],[120.645,23.593],[120.649,23.584],[120.65,23.574],[120.667,23.578],[120.691,23.576],[120.714,23.571],[120.736,23.572],[120.731,23.595],[120.731,23.611],[120.76,23.612],[120.795,23.597],[120.817,23.596],[120.822,23.582],[120.818,23.56],[120.808,23.541],[120.82,23.514],[120.827,23.486],[120.849,23.472],[120.883,23.472],[120.913,23.475],[120.935,23.473],[120.949,23.465],[120.935,23.459],[120.923,23.458],[120.906,23.453],[120.895,23.446],[120.887,23.437],[120.876,23.431],[120.865,23.425],[120.854,23.423],[120.845,23.407],[120.841,23.396],[120.833,23.387],[120.825,23.372],[120.81,23.369],[120.801,23.363],[120.792,23.355],[120.78,23.342],[120.764,23.342],[120.758,23.336],[120.742,23.321],[120.728,23.306],[120.704,23.3],[120.692,23.285],[120.672,23.29],[120.663,23.294],[120.652,23.291]],[[120.394,23.462],[120.421,23.461],[120.438,23.447],[120.439,23.44],[120.458,23.453],[120.472,23.462],[120.498,23.458],[120.505,23.47],[120.506,23.478],[120.503,23.484],[120.499,23.491],[120.486,23.493],[120.482,23.505],[120.466,23.499],[120.457,23.513],[120.446,23.518],[120.437,23.515],[120.427,23.509],[120.408,23.499],[120.396,23.5],[120.395,23.491],[120.399,23.476],[120.394,23.462]]]]}},{"type":"Feature","properties":{"id":"TW-金門縣","名称":"金門縣","所属省":"台湾"},"geometry":{"type":"MultiPolygon","coordinates":[[[[118.365,24.428],[118.353,24.423],[118.345,24.415],[118.339,24.407],[118.336,24.402],[118.334,24.394],[118.331,24.389],[118.327,24.387],[118.324,24.386],[118.323,24.386],[118.32,24.386],[118.319,24.388],[118.318,24.388],[118.316,24.389],[118.313,24.39],[118.311,24.391],[118.309,24.391],[118.308,24.393],[118.306,24.395],[118.301,24.397],[118.296,24.396],[118.296,24.398],[118.296,24.399],[118.294,24.401],[118.291,24.402],[118.288,24.406],[118.285,24.408],[118.28,24.411],[118.278,24.414],[118.28,24.415],[118.282,24.416],[118.283,24.415],[118.285,24.415],[118.288,24.416],[118.29,24.415],[118.295,24.414],[118.3,24.418],[118.302,24.423],[118.305,24.427],[118.307,24.427],[118.311,24.429],[118.309,24.435],[118.308,24.443],[118.306,24.449],[118.302,24.458],[118.299,24.463],[118.293,24.467],[118.287,24.47],[118.291,24.477],[118.294,24.48],[118.299,24.481],[118.305,24.487],[118.31,24.489],[118.311,24.49],[118.314,24.49],[118.316,24.488],[118.32,24.486],[118.331,24.477],[118.335,24.474],[118.339,24.471],[118.347,24.466],[118.354,24.465],[118.36,24.463],[118.365,24.462],[118.373,24.461],[118.377,24.465],[118.38,24.466],[118.381,24.47],[118.381,24.465],[118.385,24.469],[118.386,24.474],[118.384,24.479],[118.381,24.482],[118.379,24.484],[118.385,24.483],[118.388,24.486],[118.393,24.489],[118.395,24.49],[118.394,24.494],[118.394,24.497],[118.392,24.498],[118.394,24.5],[118.393,24.508],[118.394,24.511],[118.398,24.511],[118.401,24.512],[118.403,24.514],[118.407,24.516],[118.411,24.517],[118.412,24.52],[118.41,24.523],[118.41,24.526],[118.407,24.527],[118.41,24.529],[118.411,24.528],[118.413,24.524],[118.415,24.526],[118.419,24.528],[118.421,24.527],[118.423,24.528],[118.424,24.526],[118.427,24.526],[118.426,24.524],[118.426,24.522],[118.427,24.52],[118.428,24.517],[118.432,24.509],[118.436,24.509],[118.439,24.509],[118.442,24.508],[118.445,24.509],[118.446,24.508],[118.449,24.508],[118.448,24.505],[118.449,24.499],[118.451,24.496],[118.453,24.494],[118.453,24.493],[118.453,24.493],[118.454,24.492],[118.456,24.485],[118.461,24.479],[118.463,24.481],[118.466,24.482],[118.468,24.48],[118.468,24.479],[118.467,24.479],[118.466,24.478],[118.465,24.477],[118.465,24.477],[118.463,24.476],[118.462,24.476],[118.462,24.472],[118.463,24.471],[118.462,24.468],[118.463,24.46],[118.466,24.455],[118.471,24.451],[118.472,24.452],[118.473,24.449],[118.471,24.447],[118.471,24.446],[118.473,24.445],[118.472,24.443],[118.471,24.442],[118.47,24.44],[118.467,24.442],[118.463,24.438],[118.463,24.434],[118.463,24.431],[118.463,24.43],[118.466,24.429],[118.462,24.425],[118.459,24.426],[118.455,24.424],[118.454,24.418],[118.452,24.415],[118.447,24.414],[118.443,24.411],[118.437,24.41],[118.436,24.409],[118.431,24.407],[118.428,24.407],[118.426,24.409],[118.431,24.409],[118.433,24.41],[118.43,24.412],[118.426,24.411],[118.426,24.411],[118.426,24.411],[118.43,24.413],[118.433,24.418],[118.429,24.424],[118.424,24.426],[118.416,24.427],[118.409,24.428],[118.409,24.428],[118.41,24.429],[118.408,24.431],[118.404,24.434],[118.397,24.435],[118.39,24.435],[118.382,24.434],[118.367,24.43],[118.365,24.428]]],[[[118.263,24.425],[118.262,24.422],[118.26,24.423],[118.256,24.425],[118.247,24.421],[118.247,24.416],[118.246,24.414],[118.243,24.412],[118.242,24.413],[118.239,24.415],[118.233,24.413],[118.228,24.407],[118.226,24.405],[118.224,24.406],[118.222,24.409],[118.215,24.409],[118.213,24.411],[118.212,24.412],[118.213,24.413],[118.217,24.414],[118.219,24.415],[118.219,24.422],[118.217,24.426],[118.224,24.427],[118.227,24.432],[118.229,24.439],[118.229,24.447],[118.234,24.449],[118.241,24.449],[118.245,24.452],[118.249,24.453],[118.254,24.45],[118.26,24.446],[118.266,24.444],[118.266,24.439],[118.264,24.435],[118.264,24.431],[118.264,24.428],[118.263,24.425]]],[[[118.436,24.523],[118.439,24.525],[118.439,24.523],[118.436,24.522],[118.435,24.523],[118.436,24.523]]],[[[118.229,24.404],[118.23,24.404],[118.231,24.403],[118.231,24.403],[118.23,24.403],[118.229,24.403],[118.228,24.404],[118.229,24.404]]],[[[118.411,24.529],[118.413,24.529],[118.412,24.529],[118.411,24.529]]],[[[118.457,24.415],[118.458,24.415],[118.457,24.413],[118.456,24.413],[118.456,24.414],[118.457,24.415],[118.457,24.415]]],[[[118.476,24.448],[118.476,24.449],[118.477,24.448],[118.476,24.448],[118.474,24.447],[118.473,24.447],[118.473,24.448],[118.474,24.448],[118.476,24.448]]],[[[118.347,24.41],[118.347,24.409],[118.345,24.408],[118.346,24.409],[118.347,24.41]]],[[[118.458,24.417],[118.458,24.417],[118.459,24.417],[118.458,24.416],[118.458,24.416],[118.458,24.417]]],[[[118.338,24.395],[118.338,24.394],[118.337,24.395],[118.338,24.395]]],[[[118.478,24.449],[118.478,24.448],[118.478,24.448],[118.478,24.447],[118.478,24.447],[118.478,24.448],[118.478,24.449]]],[[[118.242,24.46],[118.242,24.46],[118.242,24.46],[118.242,24.46]]],[[[118.338,24.39],[118.338,24.389],[118.338,24.389],[118.338,24.39]]],[[[118.467,24.463],[118.468,24.463],[118.467,24.462],[118.467,24.462],[118.467,24.462],[118.467,24.462],[118.467,24.463]]],[[[118.232,24.458],[118.232,24.458],[118.232,24.457],[118.232,24.458]]],[[[118.232,24.469],[118.232,24.468],[118.231,24.468],[118.232,24.469]]],[[[118.336,24.387],[118.336,24.386],[118.336,24.387],[118.336,24.387]]]]}},{"type":"Feature","properties":{"id":"TW-新竹市","名称":"新竹市","所属省":"台湾"},"geometry":{"type":"Polygon","coordinates":[[[120.911,24.827],[120.919,24.847],[120.918,24.852],[120.931,24.845],[120.935,24.846],[120.934,24.848],[120.934,24.853],[120.972,24.831],[120.996,24.823],[121.021,24.802],[121.022,24.791],[121.027,24.781],[121.029,24.775],[121.032,24.765],[121.024,24.757],[121.01,24.773],[120.988,24.777],[120.987,24.768],[120.977,24.764],[120.969,24.762],[120.963,24.754],[120.955,24.744],[120.945,24.745],[120.94,24.733],[120.938,24.727],[120.938,24.716],[120.927,24.715],[120.916,24.717],[120.914,24.727],[120.903,24.738],[120.889,24.733],[120.883,24.741],[120.893,24.752],[120.897,24.767],[120.893,24.769],[120.893,24.783],[120.898,24.801],[120.903,24.816],[120.911,24.827]]]}}]}