{"type":"FeatureCollection","features":[{"type":"Feature","properties":{"id":"110000","名称":"北京市","所属省":"北京"},"geometry":{"type":"MultiPolygon","coordinates":[[[[117.349,40.581],[117.413,40.605],[117.501,40.637],[117.409,40.687],[117.278,40.664],[117.112,40.707],[116.927,40.745],[116.813,40.848],[116.722,40.928],[116.688,41.044],[116.623,41.021],[116.52,40.981],[116.448,40.954],[116.371,40.944],[116.438,40.819],[116.317,40.772],[116.247,40.792],[116.172,40.696],[116.099,40.631],[115.972,40.602],[115.828,40.587],[115.755,40.54],[115.772,40.444],[115.952,40.282],[115.87,40.186],[115.806,40.153],[115.755,40.146],[115.527,40.076],[115.45,39.993],[115.481,39.936],[115.516,39.892],[115.567,39.816],[115.484,39.798],[115.44,39.752],[115.479,39.651],[115.518,39.597],[115.634,39.6],[115.698,39.578],[115.699,39.57],[115.719,39.554],[115.721,39.551],[115.722,39.544],[115.722,39.544],[115.739,39.54],[115.739,39.54],[115.806,39.51],[115.829,39.541],[115.915,39.583],[115.91,39.6],[115.995,39.577],[116.099,39.575],[116.199,39.589],[116.307,39.488],[116.362,39.455],[116.444,39.482],[116.444,39.51],[116.473,39.553],[116.592,39.621],[116.665,39.606],[116.723,39.593],[116.727,39.595],[116.791,39.596],[116.906,39.677],[116.887,39.725],[116.95,39.779],[116.866,39.844],[116.783,39.948],[116.82,40.028],[116.928,40.055],[117.052,40.06],[117.14,40.064],[117.21,40.082],[117.255,40.114],[117.274,40.106],[117.367,40.173],[117.367,40.173],[117.351,40.23],[117.272,40.325],[117.226,40.369],[117.209,40.502],[117.27,40.561],[117.349,40.581]]]]}},{"type":"Feature","properties":{"id":"120000","名称":"天津市","所属省":"天津"},"geometry":{"type":"MultiPolygon","coordinates":[[[[117.766,39.401],[117.87,39.455],[117.912,39.517],[117.868,39.597],[117.754,39.58],[117.716,39.53],[117.654,39.575],[117.669,39.667],[117.596,39.746],[117.562,39.8],[117.508,39.902],[117.513,39.909],[117.515,39.947],[117.595,39.995],[117.671,39.974],[117.782,39.967],[117.795,39.997],[117.769,40.022],[117.748,40.047],[117.719,40.082],[117.656,40.109],[117.654,40.114],[117.614,40.158],[117.61,40.16],[117.549,40.233],[117.416,40.249],[117.367,40.173],[117.367,40.173],[117.274,40.106],[117.255,40.114],[117.21,40.082],[117.151,39.945],[117.228,39.853],[117.192,39.833],[117.206,39.764],[117.165,39.719],[117.109,39.625],[116.983,39.639],[116.949,39.681],[116.945,39.695],[116.906,39.688],[116.812,39.616],[116.82,39.529],[116.832,39.436],[116.841,39.378],[116.871,39.358],[116.882,39.226],[116.87,39.154],[116.912,39.111],[116.872,39.055],[116.783,39.051],[116.754,39.035],[116.708,38.932],[116.751,38.831],[116.794,38.745],[116.877,38.681],[116.951,38.689],[116.951,38.689],[117.055,38.639],[117.151,38.618],[117.213,38.64],[117.259,38.608],[117.369,38.565],[117.558,38.614],[117.729,38.68],[117.671,38.772],[117.752,38.848],[117.876,38.92],[117.838,39.057],[117.978,39.206],[118.065,39.231],[118.024,39.289],[117.982,39.299],[117.973,39.312],[117.966,39.315],[117.889,39.332],[117.855,39.328],[117.851,39.364],[117.785,39.377],[117.669,39.323],[117.521,39.357],[117.614,39.407],[117.7,39.407],[117.766,39.401]]],[[[117.805,39.373],[117.852,39.381],[117.847,39.408],[117.766,39.401],[117.785,39.377],[117.805,39.373]]]]}},{"type":"Feature","properties":{"id":"130000","名称":"河北省","所属省":"河北"},"geometry":{"type":"MultiPolygon","coordinates":[[[[117.468,40.65],[117.39,40.562],[117.27,40.561],[117.209,40.502],[117.226,40.369],[117.272,40.325],[117.351,40.23],[117.45,40.253],[117.572,40.219],[117.61,40.16],[117.652,40.123],[117.654,40.114],[117.675,40.082],[117.753,40.082],[117.744,40.018],[117.793,40.005],[117.795,39.997],[117.756,39.965],[117.615,39.972],[117.546,39.999],[117.513,39.911],[117.513,39.909],[117.529,39.859],[117.546,39.776],[117.578,39.727],[117.663,39.636],[117.685,39.589],[117.745,39.548],[117.767,39.599],[117.934,39.574],[117.912,39.517],[117.871,39.412],[117.805,39.373],[117.851,39.364],[117.854,39.328],[117.92,39.318],[117.966,39.315],[117.979,39.301],[117.982,39.299],[118.037,39.265],[118.035,39.218],[118.078,39.202],[118.191,39.081],[118.366,39.016],[118.54,38.91],[118.533,39.091],[118.637,39.157],[118.858,39.163],[118.951,39.179],[118.926,39.123],[119.038,39.212],[119.185,39.342],[119.317,39.437],[119.474,39.813],[119.541,39.888],[119.642,39.925],[119.787,39.95],[119.872,39.961],[119.846,40.001],[119.817,40.05],[119.783,40.047],[119.737,40.105],[119.717,40.196],[119.639,40.232],[119.587,40.375],[119.572,40.524],[119.478,40.533],[119.256,40.543],[119.178,40.609],[119.185,40.68],[119.055,40.665],[118.961,40.72],[118.908,40.775],[118.873,40.848],[118.977,40.959],[119.013,41.008],[118.965,41.079],[119.081,41.132],[119.17,41.223],[119.249,41.28],[119.198,41.283],[118.98,41.306],[118.845,41.343],[118.742,41.324],[118.528,41.355],[118.349,41.343],[118.327,41.451],[118.303,41.553],[118.159,41.676],[118.14,41.784],[118.247,41.774],[118.34,41.872],[118.314,41.988],[118.287,42.034],[118.239,42.093],[118.194,42.031],[118.098,42.105],[118.034,42.199],[118.048,42.281],[118.024,42.385],[117.857,42.539],[117.78,42.618],[117.6,42.603],[117.475,42.603],[117.387,42.517],[117.413,42.472],[117.333,42.461],[117.189,42.468],[117.096,42.484],[117.017,42.456],[117.009,42.45],[116.991,42.426],[116.975,42.427],[116.945,42.415],[116.936,42.41],[116.91,42.395],[116.911,42.395],[116.919,42.23],[116.825,42.156],[116.88,42.018],[116.728,41.951],[116.597,41.936],[116.483,41.976],[116.414,41.982],[116.298,41.968],[116.194,41.862],[116.129,41.806],[116.007,41.797],[116.007,41.798],[115.917,41.945],[115.811,41.913],[115.654,41.829],[115.489,41.761],[115.319,41.692],[115.378,41.603],[115.266,41.616],[115.195,41.602],[115.016,41.615],[114.903,41.696],[114.922,41.825],[114.915,41.961],[114.863,42.098],[114.789,42.131],[114.648,42.109],[114.502,42.067],[114.512,41.982],[114.352,41.953],[114.201,41.79],[114.237,41.699],[114.226,41.617],[114.101,41.538],[113.954,41.484],[113.878,41.431],[113.925,41.325],[113.951,41.283],[114.016,41.232],[113.92,41.172],[113.869,41.069],[114.058,40.925],[114.074,40.857],[114.105,40.798],[114.162,40.714],[114.283,40.591],[114.282,40.495],[114.286,40.425],[114.39,40.351],[114.531,40.345],[114.406,40.246],[114.255,40.236],[114.136,40.175],[114.073,40.169],[114.046,40.057],[113.959,40.033],[114.028,39.959],[114.174,39.898],[114.204,39.885],[114.285,39.858],[114.39,39.819],[114.408,39.652],[114.515,39.565],[114.502,39.477],[114.467,39.33],[114.416,39.243],[114.388,39.177],[114.346,39.075],[114.157,39.061],[114.083,39.093],[114.007,39.123],[113.93,39.063],[113.777,38.987],[113.795,38.861],[113.84,38.758],[113.721,38.713],[113.603,38.587],[113.583,38.46],[113.558,38.343],[113.599,38.227],[113.712,38.214],[113.832,38.169],[113.872,37.99],[113.959,37.907],[114.045,37.762],[114.068,37.722],[114.115,37.62],[114.014,37.425],[113.902,37.31],[113.832,37.168],[113.758,37.075],[113.792,36.988],[113.773,36.855],[113.697,36.882],[113.6,36.753],[113.5,36.74],[113.477,36.655],[113.54,36.594],[113.56,36.529],[113.636,36.451],[113.731,36.363],[113.857,36.329],[113.911,36.315],[114.003,36.334],[114.08,36.27],[114.17,36.246],[114.21,36.273],[114.299,36.246],[114.408,36.225],[114.48,36.178],[114.589,36.118],[114.735,36.156],[114.858,36.145],[114.914,36.052],[115.049,36.162],[115.125,36.21],[115.201,36.21],[115.203,36.209],[115.279,36.138],[115.366,36.099],[115.465,36.17],[115.467,36.259],[115.417,36.293],[115.369,36.342],[115.317,36.454],[115.331,36.55],[115.42,36.687],[115.525,36.764],[115.758,36.903],[115.856,37.061],[115.912,37.177],[115.976,37.337],[116.106,37.369],[116.236,37.361],[116.243,37.448],[116.24,37.49],[116.279,37.525],[116.367,37.566],[116.38,37.522],[116.448,37.503],[116.605,37.625],[116.725,37.744],[116.805,37.849],[117.027,37.832],[117.185,37.85],[117.401,37.845],[117.513,37.943],[117.557,38.046],[117.746,38.125],[117.789,38.181],[117.896,38.302],[117.937,38.388],[117.731,38.425],[117.645,38.528],[117.639,38.627],[117.432,38.602],[117.238,38.581],[117.213,38.64],[117.183,38.618],[117.071,38.608],[117.039,38.688],[116.951,38.689],[116.949,38.689],[116.794,38.745],[116.738,38.785],[116.722,38.897],[116.755,39.003],[116.783,39.051],[116.813,39.051],[116.912,39.111],[116.909,39.151],[116.882,39.226],[116.89,39.338],[116.818,39.374],[116.876,39.435],[116.821,39.482],[116.808,39.577],[116.749,39.62],[116.727,39.595],[116.724,39.593],[116.621,39.602],[116.525,39.596],[116.478,39.535],[116.402,39.528],[116.455,39.453],[116.362,39.455],[116.258,39.5],[116.152,39.583],[116.036,39.572],[115.978,39.596],[115.91,39.6],[115.868,39.547],[115.821,39.523],[115.806,39.51],[115.739,39.54],[115.725,39.544],[115.721,39.544],[115.721,39.544],[115.721,39.551],[115.717,39.56],[115.699,39.57],[115.668,39.615],[115.587,39.59],[115.522,39.64],[115.492,39.67],[115.444,39.786],[115.506,39.784],[115.514,39.837],[115.516,39.892],[115.426,39.95],[115.455,40.03],[115.591,40.096],[115.755,40.146],[115.848,40.147],[115.899,40.234],[115.918,40.354],[115.781,40.493],[115.785,40.558],[115.885,40.595],[115.983,40.579],[116.134,40.666],[116.205,40.74],[116.273,40.763],[116.454,40.766],[116.334,40.904],[116.398,40.906],[116.456,40.981],[116.568,40.993],[116.616,41.053],[116.699,41.022],[116.714,40.91],[116.849,40.839],[116.965,40.71],[117.117,40.7],[117.32,40.658],[117.494,40.675],[117.468,40.65]]],[[[117.21,40.082],[117.14,40.064],[117.052,40.06],[116.928,40.055],[116.82,40.028],[116.783,39.948],[116.866,39.844],[116.95,39.779],[116.887,39.725],[116.932,39.706],[116.945,39.695],[116.964,39.643],[117.016,39.654],[117.153,39.623],[117.165,39.719],[117.158,39.797],[117.252,39.834],[117.163,39.877],[117.198,39.993],[117.21,40.082]]],[[[117.785,39.377],[117.673,39.387],[117.601,39.419],[117.537,39.338],[117.671,39.358],[117.785,39.377]]],[[[118.869,39.143],[118.82,39.109],[118.858,39.099],[118.869,39.143]]]]}},{"type":"Feature","properties":{"id":"140000","名称":"山西省","所属省":"山西"},"geometry":{"type":"MultiPolygon","coordinates":[[[[110.379,34.601],[110.533,34.583],[110.749,34.652],[110.884,34.644],[110.976,34.706],[111.149,34.808],[111.292,34.807],[111.439,34.838],[111.57,34.843],[111.647,34.939],[111.74,35.005],[111.933,35.083],[112.039,35.046],[112.066,35.153],[112.059,35.28],[112.243,35.235],[112.368,35.22],[112.637,35.226],[112.773,35.208],[112.934,35.263],[112.986,35.34],[113.126,35.332],[113.186,35.409],[113.304,35.427],[113.392,35.507],[113.514,35.574],[113.578,35.633],[113.593,35.692],[113.583,35.818],[113.654,35.932],[113.695,36.027],[113.671,36.115],[113.706,36.149],[113.682,36.217],[113.736,36.325],[113.67,36.425],[113.554,36.495],[113.57,36.586],[113.487,36.635],[113.465,36.708],[113.549,36.752],[113.676,36.855],[113.732,36.859],[113.761,36.956],[113.788,37.06],[113.773,37.152],[113.886,37.239],[113.974,37.403],[114.119,37.591],[114.129,37.698],[113.997,37.73],[113.977,37.817],[113.901,37.985],[113.811,38.118],[113.721,38.175],[113.643,38.232],[113.545,38.271],[113.538,38.418],[113.562,38.559],[113.702,38.652],[113.803,38.763],[113.856,38.829],[113.767,38.96],[113.898,39.068],[113.995,39.096],[114.064,39.094],[114.109,39.052],[114.252,39.074],[114.361,39.134],[114.476,39.216],[114.431,39.307],[114.497,39.438],[114.569,39.574],[114.431,39.614],[114.417,39.776],[114.395,39.867],[114.216,39.862],[114.212,39.919],[114.047,39.916],[113.91,40.016],[114.018,40.104],[114.102,40.1],[114.098,40.194],[114.236,40.198],[114.362,40.25],[114.511,40.303],[114.439,40.372],[114.312,40.373],[114.267,40.474],[114.274,40.553],[114.183,40.672],[114.085,40.73],[114.042,40.609],[114.062,40.529],[113.89,40.467],[113.763,40.474],[113.5,40.334],[113.276,40.389],[113.033,40.369],[112.745,40.167],[112.512,40.269],[112.349,40.257],[112.233,40.17],[112.182,40.061],[112.076,39.919],[111.97,39.797],[111.938,39.623],[111.784,39.589],[111.625,39.634],[111.445,39.64],[111.422,39.539],[111.359,39.432],[111.143,39.408],[111.155,39.339],[111.202,39.305],[111.219,39.244],[111.147,39.101],[111.038,39.02],[111.01,38.933],[111.009,38.848],[110.916,38.674],[110.92,38.582],[110.874,38.454],[110.778,38.441],[110.661,38.309],[110.566,38.215],[110.52,38.131],[110.528,37.99],[110.68,37.79],[110.717,37.729],[110.793,37.651],[110.795,37.559],[110.74,37.449],[110.642,37.36],[110.69,37.287],[110.591,37.187],[110.496,37.087],[110.427,37.009],[110.424,36.964],[110.424,36.855],[110.408,36.776],[110.403,36.697],[110.448,36.621],[110.504,36.488],[110.487,36.394],[110.474,36.248],[110.468,36.075],[110.517,35.972],[110.512,35.88],[110.571,35.801],[110.589,35.602],[110.478,35.414],[110.379,35.211],[110.321,35.005],[110.247,34.789],[110.269,34.63],[110.379,34.601]]]]}},{"type":"Feature","properties":{"id":"150000","名称":"内蒙古自治区","所属省":"内蒙古"},"geometry":{"type":"Polygon","coordinates":[[[97.173,42.795],[97.653,41.987],[97.629,41.441],[98.142,41.002],[98.333,40.919],[98.57,40.747],[98.722,40.658],[98.807,40.66],[99.042,40.694],[99.173,40.747],[99.673,40.933],[100.108,40.876],[100.243,40.619],[100.007,40.2],[99.841,40.013],[99.533,39.892],[99.441,39.886],[99.822,39.86],[100.041,39.757],[100.314,39.607],[100.444,39.486],[100.607,39.388],[100.843,39.2],[100.835,39.026],[100.962,39.006],[101.229,39.021],[101.243,38.861],[101.307,38.803],[101.563,38.713],[101.777,38.66],[102.075,38.891],[101.926,39.001],[102.012,39.127],[102.355,39.232],[102.617,39.172],[103.133,39.193],[103.345,39.332],[103.729,39.43],[104.09,39.42],[104.171,39.161],[104.197,38.988],[104.012,38.859],[103.465,38.353],[103.369,38.089],[103.628,37.798],[103.875,37.604],[104.183,37.407],[104.323,37.448],[104.434,37.515],[104.867,37.567],[105.188,37.658],[105.404,37.71],[105.616,37.723],[105.761,37.8],[105.84,38.004],[105.775,38.187],[105.866,38.296],[105.828,38.432],[105.864,38.535],[105.853,38.642],[105.908,38.737],[105.971,38.909],[106.087,39.006],[106.146,39.153],[106.251,39.131],[106.28,39.262],[106.525,39.308],[106.644,39.358],[106.782,39.372],[106.791,39.241],[106.859,39.108],[106.968,39.055],[106.838,38.848],[106.663,38.602],[106.482,38.319],[106.655,38.229],[106.859,38.156],[107.051,38.123],[107.139,38.161],[107.332,38.087],[107.412,37.948],[107.561,37.894],[107.733,37.849],[107.982,37.787],[108.013,37.669],[108.134,37.622],[108.246,37.666],[108.422,37.649],[108.628,37.652],[108.778,37.684],[108.8,37.784],[108.827,37.989],[108.883,38.014],[108.974,37.932],[109.038,38.022],[109.069,38.091],[108.976,38.245],[109.051,38.385],[109.176,38.519],[109.332,38.598],[109.339,38.702],[109.511,38.834],[109.672,38.928],[109.725,39.018],[109.851,39.123],[109.894,39.141],[109.903,39.272],[110.109,39.25],[110.162,39.387],[110.153,39.454],[110.385,39.31],[110.483,39.361],[110.567,39.32],[110.703,39.274],[110.783,39.388],[110.959,39.519],[111.137,39.587],[111.106,39.498],[111.064,39.401],[111.126,39.366],[111.337,39.421],[111.431,39.509],[111.461,39.607],[111.525,39.662],[111.723,39.606],[111.879,39.606],[111.96,39.693],[112.042,39.886],[112.142,40.027],[112.232,40.133],[112.31,40.256],[112.456,40.3],[112.712,40.179],[112.898,40.329],[113.251,40.413],[113.388,40.319],[113.689,40.448],[113.851,40.461],[114.011,40.516],[114.077,40.576],[114.064,40.707],[114.103,40.771],[114.045,40.831],[114.042,40.917],[113.973,40.983],[113.878,41.116],[113.997,41.192],[113.971,41.24],[113.899,41.316],[113.871,41.413],[113.933,41.487],[114.032,41.53],[114.222,41.582],[114.215,41.685],[114.215,41.757],[114.343,41.927],[114.478,41.952],[114.48,42.065],[114.56,42.133],[114.755,42.116],[114.826,42.14],[114.902,42.016],[114.939,41.846],[114.896,41.768],[114.861,41.601],[115.099,41.624],[115.257,41.581],[115.311,41.593],[115.361,41.661],[115.43,41.729],[115.574,41.806],[115.726,41.87],[115.853,41.928],[115.995,41.829],[116.034,41.783],[116.107,41.831],[116.213,41.885],[116.31,41.997],[116.393,41.943],[116.511,41.974],[116.639,41.93],[116.749,41.984],[116.89,42.093],[116.789,42.2],[116.898,42.297],[116.91,42.395],[116.945,42.415],[116.991,42.426],[117.017,42.456],[117.135,42.469],[117.333,42.461],[117.41,42.52],[117.436,42.585],[117.537,42.603],[117.709,42.589],[117.798,42.585],[117.998,42.417],[118.06,42.298],[117.978,42.23],[118.09,42.123],[118.117,42.037],[118.213,42.081],[118.296,42.057],[118.292,42.008],[118.269,41.93],[118.292,41.773],[118.178,41.815],[118.156,41.713],[118.215,41.596],[118.272,41.471],[118.361,41.385],[118.412,41.332],[118.677,41.35],[118.844,41.374],[118.949,41.318],[119.169,41.295],[119.24,41.314],[119.31,41.406],[119.401,41.472],[119.362,41.566],[119.342,41.618],[119.319,41.727],[119.313,41.806],[119.341,41.927],[119.376,42.023],[119.315,42.12],[119.278,42.185],[119.28,42.261],[119.483,42.347],[119.572,42.359],[119.558,42.289],[119.68,42.241],[119.855,42.17],[119.876,42.078],[119.924,41.989],[119.99,41.899],[120.051,41.776],[120.096,41.697],[120.183,41.827],[120.251,41.884],[120.26,41.904],[120.309,41.952],[120.457,42.016],[120.466,42.105],[120.625,42.154],[120.79,42.219],[120.883,42.243],[120.993,42.265],[121.088,42.279],[121.185,42.333],[121.315,42.428],[121.435,42.475],[121.571,42.487],[121.666,42.437],[121.803,42.515],[121.844,42.522],[121.916,42.656],[122.019,42.699],[122.161,42.685],[122.261,42.696],[122.396,42.684],[122.439,42.77],[122.437,42.843],[122.58,42.79],[122.733,42.786],[122.849,42.712],[122.926,42.772],[123.058,42.769],[123.17,42.86],[123.259,42.993],[123.475,43.042],[123.581,43.036],[123.667,43.18],[123.665,43.265],[123.608,43.366],[123.486,43.445],[123.383,43.469],[123.33,43.519],[123.453,43.546],[123.421,43.598],[123.537,43.634],[123.483,43.737],[123.468,43.854],[123.401,43.98],[123.328,44.084],[123.387,44.162],[123.277,44.253],[123.114,44.403],[123.137,44.486],[123.025,44.493],[122.703,44.319],[122.516,44.251],[122.271,44.256],[122.286,44.478],[122.196,44.56],[122.103,44.674],[122.152,44.744],[122.142,44.754],[122.098,44.819],[122.087,44.953],[122.12,45.069],[122.192,45.181],[122.147,45.296],[122.168,45.44],[121.993,45.553],[122.003,45.623],[121.867,45.72],[121.714,45.702],[121.657,45.77],[121.767,45.83],[121.805,45.901],[121.762,45.999],[121.864,46.002],[122.04,45.959],[122.201,45.857],[122.301,45.813],[122.362,45.917],[122.505,45.787],[122.603,45.778],[122.672,45.7],[122.792,45.766],[122.8,45.857],[123.046,46.1],[123.103,46.172],[123.178,46.248],[123.012,46.435],[123.053,46.58],[123.098,46.603],[123.279,46.617],[123.366,46.678],[123.632,46.729],[123.626,46.847],[123.577,46.891],[123.507,46.827],[123.488,46.96],[123.302,47],[123.404,46.935],[123.341,46.827],[123.223,46.821],[123.103,46.735],[123.004,46.731],[122.894,46.895],[122.791,46.942],[122.778,47.003],[122.821,47.066],[122.615,47.124],[122.499,47.255],[122.418,47.351],[122.594,47.547],[122.927,47.698],[123.214,47.825],[123.538,48.022],[123.746,48.198],[124.079,48.436],[124.314,48.504],[124.31,48.413],[124.354,48.316],[124.413,48.219],[124.471,48.133],[124.466,48.098],[124.53,48.147],[124.579,48.262],[124.541,48.336],[124.525,48.427],[124.534,48.515],[124.579,48.597],[124.612,48.748],[124.654,48.834],[124.709,48.92],[124.808,49.021],[124.848,49.13],[124.983,49.163],[125.118,49.126],[125.22,49.189],[125.262,49.322],[125.256,49.395],[125.228,49.487],[125.23,49.595],[125.154,49.617],[125.165,49.669],[125.22,49.669],[125.222,49.755],[125.239,49.845],[125.213,49.907],[125.19,49.96],[125.278,49.996],[125.253,50.041],[125.328,50.066],[125.258,50.104],[125.376,50.137],[125.391,50.2],[125.442,50.26],[125.531,50.331],[125.522,50.405],[125.583,50.41],[125.627,50.443],[125.741,50.523],[125.795,50.533],[125.815,50.621],[125.789,50.68],[125.796,50.739],[125.829,50.757],[125.891,50.806],[125.94,50.854],[125.996,50.907],[126.069,50.967],[126.059,51.044],[125.971,51.124],[125.865,51.147],[125.762,51.226],[125.7,51.328],[125.623,51.398],[125.595,51.417],[125.425,51.563],[125.316,51.61],[125.215,51.628],[125.129,51.659],[125.073,51.553],[124.984,51.508],[124.942,51.447],[124.784,51.392],[124.694,51.333],[124.556,51.375],[124.444,51.358],[124.407,51.272],[124.272,51.308],[124.128,51.347],[123.995,51.323],[123.887,51.321],[123.711,51.398],[123.582,51.307],[123.44,51.271],[123.34,51.273],[123.231,51.279],[123.003,51.312],[122.946,51.405],[122.871,51.455],[122.859,51.525],[122.833,51.582],[122.816,51.655],[122.772,51.78],[122.706,51.89],[122.684,51.975],[122.625,52.068],[122.691,52.14],[122.766,52.233],[122.711,52.256],[122.561,52.282],[122.447,52.394],[122.367,52.414],[122.311,52.475],[122.169,52.514],[122.107,52.452],[122.041,52.413],[121.948,52.298],[121.769,52.308],[121.658,52.39],[121.591,52.443],[121.495,52.485],[121.412,52.522],[121.28,52.587],[121.237,52.619],[121.373,52.683],[121.511,52.779],[121.621,52.853],[121.663,52.913],[121.786,53.019],[121.785,53.104],[121.665,53.17],[121.68,53.241],[121.576,53.292],[121.416,53.319],[121.228,53.281],[121.098,53.307],[120.936,53.288],[120.821,53.269],[120.736,53.205],[120.66,53.137],[120.529,53.046],[120.363,52.941],[120.297,52.87],[120.141,52.813],[120.071,52.706],[120.076,52.586],[120.29,52.623],[120.484,52.63],[120.627,52.571],[120.734,52.537],[120.683,52.465],[120.654,52.371],[120.654,52.303],[120.755,52.258],[120.76,52.137],[120.717,52.073],[120.718,52.016],[120.657,51.926],[120.481,51.886],[120.407,51.817],[120.295,51.752],[120.087,51.678],[120.036,51.584],[119.985,51.505],[119.983,51.445],[119.915,51.374],[119.885,51.303],[119.798,51.244],[119.761,51.212],[119.753,51.117],[119.727,51.051],[119.599,50.985],[119.499,50.828],[119.507,50.764],[119.385,50.683],[119.298,50.617],[119.264,50.537],[119.224,50.441],[119.126,50.389],[119.188,50.347],[119.277,50.366],[119.382,50.324],[119.319,50.221],[119.35,50.166],[119.237,50.075],[119.163,50.028],[118.982,49.979],[118.762,49.959],[118.605,49.927],[118.485,49.866],[118.386,49.827],[118.316,49.767],[118.212,49.691],[118.083,49.617],[117.951,49.596],[117.809,49.521],[117.278,49.636],[116.718,49.847],[116.078,48.822],[115.799,48.515],[115.529,48.155],[115.58,47.922],[116.111,47.812],[116.453,47.837],[116.879,47.894],[117.493,47.759],[117.814,48.016],[118.052,48.014],[118.151,48.036],[118.285,48.011],[118.422,48.015],[118.773,47.771],[119.205,47.52],[119.366,47.423],[119.451,47.353],[119.628,47.248],[119.807,47.055],[119.845,46.965],[119.92,46.853],[119.935,46.713],[119.804,46.682],[119.74,46.615],[119.656,46.626],[119.492,46.629],[119.358,46.619],[119.201,46.648],[119.074,46.677],[118.912,46.733],[118.788,46.718],[118.639,46.721],[118.41,46.728],[118.239,46.709],[118.046,46.631],[117.915,46.608],[117.814,46.531],[117.704,46.517],[117.596,46.603],[117.448,46.528],[117.384,46.395],[117.097,46.357],[116.813,46.356],[116.585,46.292],[116.439,46.138],[116.243,45.876],[116.287,45.775],[116.218,45.722],[116.035,45.685],[115.864,45.573],[115.365,45.392],[114.921,45.386],[114.551,45.387],[114.46,45.214],[114.313,45.107],[114.117,44.957],[113.862,44.863],[113.631,44.745],[113.115,44.8],[112.85,44.84],[112.541,45.001],[112.114,45.073],[111.904,45.052],[111.625,44.779],[111.57,44.576],[111.479,44.489],[111.429,44.32],[111.541,44.207],[111.702,44.034],[111.96,43.823],[111.891,43.674],[111.564,43.49],[111.354,43.436],[111.07,43.358],[110.77,43.099],[110.69,43.021],[110.437,42.781],[110.108,42.643],[109.684,42.559],[109.291,42.436],[108.846,42.396],[108.533,42.443],[108.089,42.436],[107.939,42.404],[107.502,42.457],[107.272,42.364],[106.613,42.242],[106.013,42.032],[105.385,41.797],[105.01,41.583],[104.689,41.645],[104.419,41.86],[103.869,41.802],[103.207,41.963],[102.621,42.154],[102.094,42.224],[101.803,42.504],[101.292,42.586],[100.325,42.69],[99.969,42.648],[98.546,42.638],[97.282,42.782],[97.173,42.795]]]}},{"type":"Feature","properties":{"id":"210000","名称":"辽宁省","所属省":"辽宁"},"geometry":{"type":"MultiPolygon","coordinates":[[[[123.534,39.788],[123.613,39.775],[123.675,39.827],[123.812,39.831],[124.103,39.823],[124.173,39.841],[124.217,39.894],[124.242,39.928],[124.349,39.989],[124.347,40.08],[124.49,40.184],[124.626,40.292],[124.834,40.423],[124.986,40.475],[125.005,40.496],[125.114,40.569],[125.279,40.655],[125.376,40.658],[125.454,40.676],[125.545,40.73],[125.617,40.764],[125.641,40.798],[125.688,40.898],[125.589,40.931],[125.675,40.974],[125.74,41.089],[125.76,41.133],[125.759,41.232],[125.685,41.274],[125.62,41.318],[125.59,41.359],[125.534,41.429],[125.507,41.534],[125.461,41.642],[125.344,41.672],[125.336,41.768],[125.323,41.771],[125.295,41.823],[125.292,41.959],[125.363,42.017],[125.446,42.098],[125.458,42.16],[125.357,42.145],[125.281,42.175],[125.276,42.267],[125.224,42.301],[125.204,42.367],[125.14,42.447],[125.069,42.499],[125.09,42.568],[125.039,42.615],[124.991,42.678],[124.975,42.803],[124.874,42.79],[124.872,42.962],[124.889,43.075],[124.755,43.074],[124.678,43.002],[124.632,42.95],[124.466,42.847],[124.381,42.913],[124.423,42.975],[124.426,43.076],[124.287,43.208],[124.215,43.256],[124.117,43.277],[123.964,43.341],[123.881,43.392],[123.858,43.459],[123.749,43.439],[123.698,43.272],[123.646,43.209],[123.631,43.088],[123.536,43.007],[123.323,43.001],[123.189,42.896],[123.118,42.801],[122.946,42.754],[122.883,42.752],[122.849,42.712],[122.733,42.786],[122.58,42.79],[122.437,42.843],[122.439,42.77],[122.396,42.684],[122.261,42.696],[122.161,42.685],[122.019,42.699],[121.916,42.656],[121.844,42.522],[121.803,42.515],[121.666,42.437],[121.571,42.487],[121.435,42.475],[121.315,42.428],[121.185,42.333],[121.088,42.279],[120.993,42.265],[120.883,42.27],[120.821,42.228],[120.722,42.204],[120.567,42.152],[120.451,42.057],[120.374,41.995],[120.272,41.925],[120.287,41.88],[120.189,41.848],[120.138,41.729],[120.025,41.738],[120.023,41.817],[119.951,41.974],[119.897,42.031],[119.838,42.135],[119.745,42.212],[119.609,42.277],[119.54,42.298],[119.54,42.363],[119.433,42.317],[119.274,42.239],[119.287,42.155],[119.352,42.118],[119.325,41.969],[119.323,41.89],[119.293,41.791],[119.3,41.706],[119.416,41.59],[119.362,41.546],[119.378,41.46],[119.331,41.385],[119.249,41.28],[119.17,41.223],[119.081,41.132],[118.965,41.079],[119.013,41.008],[118.977,40.959],[118.873,40.848],[118.908,40.775],[118.961,40.72],[119.055,40.665],[119.185,40.68],[119.178,40.609],[119.256,40.543],[119.478,40.533],[119.572,40.524],[119.587,40.375],[119.639,40.232],[119.717,40.196],[119.737,40.105],[119.783,40.047],[119.817,40.05],[119.846,40.001],[119.918,39.99],[120.092,40.078],[120.273,40.127],[120.492,40.2],[120.537,40.325],[120.617,40.42],[120.667,40.467],[120.728,40.539],[120.83,40.671],[120.983,40.713],[120.991,40.744],[120.972,40.806],[121.087,40.798],[121.126,40.869],[121.291,40.852],[121.499,40.88],[121.553,40.818],[121.683,40.83],[121.778,40.887],[121.884,40.802],[121.951,40.681],[122.122,40.657],[122.15,40.588],[122.265,40.48],[122.251,40.446],[122.198,40.382],[122.111,40.349],[122.08,40.333],[122.027,40.245],[121.981,40.173],[121.957,40.133],[121.796,39.999],[121.7,39.937],[121.542,39.874],[121.487,39.76],[121.483,39.66],[121.326,39.601],[121.227,39.555],[121.287,39.507],[121.27,39.434],[121.27,39.374],[121.355,39.378],[121.467,39.32],[121.515,39.287],[121.725,39.364],[121.668,39.311],[121.589,39.263],[121.587,39.194],[121.682,39.118],[121.642,39.12],[121.599,39.099],[121.431,39.027],[121.341,38.981],[121.18,38.96],[121.094,38.894],[121.129,38.799],[121.199,38.722],[121.289,38.79],[121.399,38.813],[121.618,38.862],[121.719,38.92],[121.663,38.966],[121.757,39.026],[121.863,38.943],[121.853,39.036],[121.907,39.056],[122.014,39.073],[122.048,39.101],[122.167,39.159],[122.16,39.238],[122.309,39.346],[122.455,39.408],[122.533,39.42],[122.649,39.517],[122.847,39.582],[122.973,39.595],[123.011,39.655],[123.167,39.674],[123.253,39.69],[123.275,39.754],[123.393,39.724],[123.534,39.788]]],[[[122.639,39.286],[122.509,39.29],[122.673,39.27],[122.641,39.288],[122.639,39.286]]],[[[122.319,39.171],[122.399,39.162],[122.343,39.203],[122.319,39.172],[122.319,39.171]]],[[[122.692,39.233],[122.74,39.249],[122.69,39.235],[122.692,39.233]]],[[[122.739,39.035],[122.705,39.044],[122.733,39.014],[122.758,39.01],[122.739,39.037],[122.739,39.035]]],[[[123.023,39.547],[122.961,39.551],[122.945,39.52],[122.996,39.495],[123.036,39.533],[123.023,39.547]]],[[[122.503,39.241],[122.502,39.224],[122.548,39.229],[122.503,39.241]]],[[[120.787,40.474],[120.833,40.492],[120.83,40.516],[120.805,40.526],[120.775,40.48],[120.787,40.474]]],[[[123.087,39.427],[123.09,39.451],[123.054,39.458],[123.087,39.427]]],[[[123.161,39.025],[123.206,39.057],[123.201,39.078],[123.146,39.092],[123.144,39.039],[123.161,39.025]]],[[[123.717,39.745],[123.757,39.754],[123.72,39.763],[123.717,39.745]]]]}},{"type":"Feature","properties":{"id":"220000","名称":"吉林省","所属省":"吉林"},"geometry":{"type":"MultiPolygon","coordinates":[[[[129.601,42.415],[129.627,42.463],[129.749,42.471],[129.746,42.585],[129.797,42.682],[129.811,42.795],[129.847,42.919],[129.868,42.974],[129.954,43.011],[130.027,42.968],[130.144,42.976],[130.102,42.923],[130.21,42.902],[130.258,42.861],[130.257,42.711],[130.373,42.631],[130.447,42.608],[130.476,42.57],[130.523,42.622],[130.586,42.485],[130.601,42.45],[130.57,42.557],[130.593,42.671],[130.425,42.707],[130.533,42.787],[130.666,42.848],[130.755,42.846],[130.845,42.881],[130.95,42.877],[131.018,42.915],[131.146,42.937],[131.119,43.008],[131.172,43.069],[131.219,43.191],[131.255,43.265],[131.314,43.393],[131.319,43.499],[131.235,43.475],[131.143,43.426],[130.907,43.434],[130.823,43.503],[130.671,43.565],[130.631,43.622],[130.502,43.637],[130.413,43.653],[130.382,43.777],[130.386,43.854],[130.338,43.964],[130.319,44.04],[130.262,43.949],[130.143,43.879],[130.079,43.835],[130.023,43.918],[129.951,44.027],[129.868,44.013],[129.739,43.896],[129.651,43.873],[129.45,43.851],[129.348,43.798],[129.255,43.819],[129.214,43.695],[129.23,43.593],[129.094,43.548],[128.963,43.539],[128.835,43.588],[128.768,43.732],[128.739,43.807],[128.73,43.89],[128.64,43.948],[128.575,44.048],[128.45,44.203],[128.472,44.32],[128.482,44.376],[128.428,44.474],[128.295,44.481],[128.211,44.432],[128.095,44.355],[128.065,44.307],[128.104,44.23],[128.088,44.158],[127.95,44.088],[127.846,44.082],[127.729,44.099],[127.682,44.167],[127.591,44.228],[127.486,44.41],[127.465,44.517],[127.57,44.55],[127.276,44.64],[127.229,44.643],[127.095,44.616],[127.042,44.591],[127.041,44.712],[127,44.874],[127.093,44.947],[126.985,45.068],[126.856,45.146],[126.732,45.187],[126.645,45.225],[126.519,45.248],[126.293,45.18],[126.225,45.154],[126.092,45.149],[125.993,45.192],[125.85,45.239],[125.762,45.291],[125.713,45.389],[125.66,45.507],[125.498,45.469],[125.435,45.463],[125.32,45.423],[125.189,45.399],[125.066,45.399],[125.026,45.493],[124.911,45.536],[124.84,45.456],[124.729,45.444],[124.575,45.451],[124.507,45.425],[124.374,45.458],[124.349,45.547],[124.273,45.584],[124.162,45.616],[124.122,45.669],[124.098,45.723],[124.002,45.771],[124.067,45.84],[123.969,45.937],[123.989,46.012],[124.01,46.057],[124.017,46.118],[123.972,46.17],[123.952,46.257],[123.918,46.257],[123.776,46.263],[123.605,46.252],[123.499,46.26],[123.357,46.232],[123.286,46.25],[123.129,46.211],[123.113,46.13],[122.793,46.073],[122.773,45.857],[122.751,45.736],[122.65,45.731],[122.556,45.822],[122.496,45.858],[122.373,45.856],[122.254,45.798],[122.091,45.882],[121.928,45.989],[121.844,46.024],[121.809,45.961],[121.817,45.875],[121.767,45.83],[121.657,45.77],[121.714,45.702],[121.867,45.72],[122.003,45.623],[121.993,45.553],[122.168,45.44],[122.147,45.296],[122.192,45.181],[122.12,45.069],[122.087,44.953],[122.098,44.819],[122.142,44.754],[122.152,44.744],[122.103,44.674],[122.196,44.56],[122.286,44.478],[122.271,44.256],[122.516,44.251],[122.703,44.319],[123.025,44.493],[123.137,44.486],[123.114,44.403],[123.277,44.253],[123.387,44.162],[123.328,44.084],[123.401,43.98],[123.468,43.854],[123.483,43.737],[123.537,43.634],[123.421,43.598],[123.453,43.546],[123.305,43.551],[123.365,43.483],[123.442,43.438],[123.545,43.415],[123.71,43.417],[123.797,43.49],[123.852,43.406],[123.896,43.361],[124.099,43.293],[124.168,43.244],[124.276,43.233],[124.366,43.122],[124.37,42.973],[124.432,42.931],[124.436,42.881],[124.608,42.937],[124.659,42.973],[124.72,43.07],[124.883,43.134],[124.87,42.988],[124.857,42.824],[124.928,42.82],[124.968,42.723],[125.011,42.632],[125.083,42.591],[125.091,42.516],[125.15,42.459],[125.186,42.382],[125.175,42.308],[125.299,42.29],[125.313,42.22],[125.306,42.146],[125.414,42.156],[125.49,42.136],[125.416,42.064],[125.299,41.974],[125.308,41.925],[125.32,41.777],[125.336,41.768],[125.317,41.677],[125.447,41.676],[125.48,41.545],[125.533,41.479],[125.581,41.397],[125.637,41.344],[125.647,41.264],[125.749,41.245],[125.791,41.168],[125.713,41.096],[125.684,41.022],[125.635,40.941],[125.652,40.916],[125.778,40.898],[125.875,40.908],[126.008,40.937],[126.083,40.977],[126.1,41.036],[126.168,41.095],[126.295,41.172],[126.373,41.289],[126.524,41.349],[126.56,41.548],[126.593,41.625],[126.688,41.674],[126.695,41.751],[126.809,41.749],[126.887,41.792],[126.94,41.773],[127.051,41.745],[127.103,41.648],[127.136,41.6],[127.119,41.54],[127.241,41.521],[127.296,41.486],[127.406,41.479],[127.465,41.479],[127.564,41.433],[127.684,41.423],[127.87,41.404],[127.932,41.445],[128,41.443],[128.091,41.374],[128.204,41.411],[128.301,41.54],[128.249,41.681],[128.148,41.781],[128.116,41.897],[128.091,42.023],[128.466,42.021],[128.607,42.03],[128.702,42.02],[128.795,42.042],[128.955,42.084],[129.039,42.108],[129.167,42.188],[129.181,42.242],[129.231,42.284],[129.231,42.356],[129.309,42.404],[129.342,42.441],[129.393,42.428],[129.499,42.412],[129.57,42.399],[129.601,42.415]]]]}},{"type":"Feature","properties":{"id":"230000","名称":"黑龙江省","所属省":"黑龙江"},"geometry":{"type":"MultiPolygon","coordinates":[[[[123.57,46.224],[123.726,46.256],[123.896,46.304],[123.96,46.288],[123.956,46.206],[123.992,46.143],[124.016,46.088],[124.04,46.02],[123.974,45.974],[124.061,45.886],[124.064,45.802],[124.054,45.751],[124.135,45.69],[124.128,45.642],[124.239,45.592],[124.288,45.539],[124.353,45.497],[124.481,45.456],[124.58,45.424],[124.691,45.453],[124.793,45.437],[124.885,45.495],[124.961,45.495],[125.089,45.421],[125.138,45.41],[125.302,45.402],[125.398,45.417],[125.48,45.486],[125.617,45.518],[125.712,45.478],[125.726,45.337],[125.824,45.238],[125.958,45.201],[126.047,45.171],[126.166,45.133],[126.285,45.163],[126.403,45.223],[126.569,45.253],[126.686,45.188],[126.793,45.136],[126.971,45.071],[127.05,45.004],[127.022,44.899],[126.997,44.765],[127.044,44.654],[127.09,44.594],[127.182,44.645],[127.261,44.613],[127.557,44.575],[127.485,44.529],[127.508,44.437],[127.624,44.278],[127.642,44.194],[127.736,44.114],[127.808,44.087],[127.913,44.065],[128.091,44.133],[128.092,44.181],[128.102,44.293],[128.075,44.37],[128.173,44.347],[128.293,44.468],[128.398,44.484],[128.457,44.41],[128.447,44.34],[128.472,44.248],[128.529,44.112],[128.61,43.961],[128.696,43.903],[128.72,43.817],[128.729,43.737],[128.821,43.637],[128.95,43.554],[129.038,43.54],[129.169,43.562],[129.217,43.649],[129.212,43.785],[129.309,43.812],[129.418,43.844],[129.529,43.87],[129.743,43.876],[129.803,43.965],[129.908,44.024],[130.018,43.962],[130.028,43.852],[130.116,43.878],[130.208,43.949],[130.307,44.003],[130.364,43.992],[130.368,43.894],[130.382,43.818],[130.394,43.703],[130.488,43.656],[130.571,43.626],[130.666,43.584],[130.777,43.523],[130.864,43.438],[131.027,43.509],[131.201,43.442],[131.305,43.502],[131.222,43.593],[131.221,43.682],[131.213,43.801],[131.263,43.949],[131.282,44.036],[131.311,44.047],[131.093,44.746],[131.016,44.789],[130.965,44.851],[131.09,44.924],[131.208,44.914],[131.314,44.951],[131.38,44.978],[131.502,44.978],[131.566,45.045],[131.688,45.151],[131.722,45.235],[131.789,45.246],[131.888,45.342],[131.977,45.277],[132.394,45.164],[132.917,45.031],[133.036,45.054],[133.107,45.124],[133.096,45.247],[133.129,45.337],[133.144,45.431],[133.203,45.517],[133.343,45.555],[133.413,45.618],[133.486,45.659],[133.454,45.732],[133.505,45.786],[133.494,45.84],[133.555,45.893],[133.615,45.943],[133.741,46.049],[133.706,46.163],[133.815,46.231],[133.868,46.251],[133.908,46.308],[133.877,46.362],[133.903,46.446],[133.891,46.525],[134.031,46.709],[134.025,46.811],[134.076,46.938],[134.118,47.062],[134.233,47.135],[134.157,47.248],[134.263,47.371],[134.339,47.44],[134.568,47.478],[134.678,47.589],[134.773,47.763],[134.677,47.885],[134.6,47.948],[134.632,48.099],[134.771,48.289],[135.091,48.404],[135.036,48.441],[134.887,48.438],[134.764,48.37],[134.578,48.405],[134.369,48.383],[134.116,48.333],[133.996,48.304],[133.824,48.277],[133.693,48.187],[133.573,48.182],[133.408,48.125],[133.183,48.136],[133.027,48.085],[132.883,48.003],[132.723,47.963],[132.662,47.922],[132.621,47.828],[132.558,47.718],[132.325,47.762],[132.243,47.71],[132.086,47.703],[131.901,47.686],[131.69,47.707],[131.568,47.682],[131.456,47.747],[131.237,47.733],[131.03,47.695],[130.962,47.828],[130.77,47.998],[130.667,48.105],[130.769,48.231],[130.845,48.297],[130.748,48.404],[130.768,48.508],[130.621,48.496],[130.538,48.612],[130.622,48.784],[130.609,48.881],[130.471,48.906],[130.238,48.869],[130.059,48.979],[129.919,49.061],[129.867,49.114],[129.848,49.181],[129.762,49.258],[129.605,49.279],[129.518,49.424],[129.375,49.414],[129.321,49.359],[129.181,49.387],[129.062,49.374],[128.872,49.492],[128.763,49.516],[128.744,49.595],[128.62,49.593],[128.39,49.59],[128.243,49.563],[128.071,49.557],[127.898,49.579],[127.705,49.665],[127.654,49.78],[127.529,49.864],[127.496,49.995],[127.607,50.179],[127.372,50.297],[127.364,50.438],[127.323,50.526],[127.295,50.663],[127.295,50.755],[127.114,50.938],[126.923,51.062],[126.927,51.246],[126.971,51.332],[126.909,51.284],[126.863,51.248],[126.837,51.345],[126.909,51.407],[126.784,51.448],[126.837,51.536],[126.741,51.642],[126.724,51.727],[126.623,51.777],[126.51,51.922],[126.448,52.009],[126.514,52.037],[126.499,52.16],[126.345,52.192],[126.358,52.264],[126.433,52.299],[126.349,52.358],[126.269,52.475],[126.213,52.525],[126.055,52.583],[125.969,52.63],[126.062,52.673],[126.112,52.757],[126.02,52.796],[125.937,52.787],[125.854,52.892],[125.751,52.881],[125.667,52.87],[125.743,52.994],[125.64,53.062],[125.531,53.051],[125.453,53.108],[125.252,53.181],[125.039,53.203],[124.909,53.118],[124.788,53.141],[124.721,53.192],[124.563,53.202],[124.436,53.224],[124.328,53.332],[124.126,53.348],[123.986,53.434],[123.746,53.5],[123.621,53.55],[123.531,53.507],[123.517,53.558],[123.499,53.498],[123.394,53.538],[123.231,53.549],[123.094,53.508],[122.894,53.463],[122.673,53.459],[122.496,53.459],[122.35,53.506],[122.162,53.469],[122.026,53.428],[121.754,53.389],[121.499,53.337],[121.615,53.259],[121.679,53.2],[121.722,53.146],[121.775,53.09],[121.716,52.998],[121.61,52.892],[121.591,52.825],[121.477,52.772],[121.31,52.676],[121.182,52.599],[121.324,52.574],[121.416,52.499],[121.519,52.457],[121.64,52.444],[121.716,52.343],[121.841,52.282],[121.977,52.344],[122.091,52.427],[122.142,52.495],[122.178,52.49],[122.326,52.459],[122.379,52.395],[122.484,52.341],[122.586,52.266],[122.761,52.267],[122.769,52.18],[122.629,52.137],[122.651,52.059],[122.726,51.979],[122.726,51.878],[122.749,51.747],[122.821,51.633],[122.874,51.561],[122.88,51.511],[122.9,51.445],[122.966,51.387],[123.07,51.321],[123.231,51.269],[123.377,51.267],[123.463,51.287],[123.662,51.319],[123.794,51.361],[123.926,51.3],[124.072,51.321],[124.192,51.339],[124.298,51.299],[124.43,51.301],[124.478,51.362],[124.587,51.364],[124.753,51.358],[124.864,51.38],[124.918,51.474],[125.005,51.529],[125.06,51.597],[125.13,51.635],[125.229,51.641],[125.352,51.624],[125.528,51.488],[125.595,51.417],[125.6,51.413],[125.623,51.398],[125.624,51.388],[125.7,51.328],[125.741,51.276],[125.762,51.226],[125.865,51.147],[125.971,51.124],[126.059,51.044],[126.069,50.967],[125.996,50.907],[125.94,50.854],[125.891,50.806],[125.829,50.757],[125.796,50.739],[125.789,50.68],[125.815,50.621],[125.795,50.533],[125.741,50.523],[125.627,50.443],[125.583,50.41],[125.522,50.405],[125.531,50.331],[125.442,50.26],[125.391,50.2],[125.376,50.137],[125.258,50.104],[125.328,50.066],[125.253,50.041],[125.278,49.996],[125.19,49.96],[125.213,49.907],[125.239,49.845],[125.222,49.755],[125.22,49.669],[125.165,49.669],[125.154,49.617],[125.23,49.595],[125.228,49.487],[125.256,49.395],[125.262,49.322],[125.22,49.189],[125.118,49.126],[124.983,49.163],[124.848,49.13],[124.808,49.021],[124.709,48.92],[124.654,48.834],[124.612,48.748],[124.579,48.597],[124.534,48.515],[124.525,48.427],[124.541,48.336],[124.579,48.262],[124.53,48.147],[124.466,48.098],[124.471,48.133],[124.413,48.219],[124.354,48.316],[124.31,48.413],[124.314,48.504],[124.137,48.463],[123.863,48.272],[123.579,48.045],[123.256,47.877],[123.041,47.746],[122.765,47.614],[122.507,47.401],[122.441,47.31],[122.531,47.199],[122.615,47.124],[122.71,47.093],[122.846,47.047],[122.798,46.958],[122.895,46.96],[122.997,46.761],[123.077,46.745],[123.199,46.803],[123.296,46.865],[123.407,46.906],[123.304,46.965],[123.424,46.934],[123.483,46.846],[123.576,46.846],[123.599,46.868],[123.629,46.813],[123.475,46.687],[123.276,46.661],[123.181,46.614],[123.046,46.618],[123.01,46.525],[123.142,46.298],[123.286,46.25],[123.357,46.232],[123.499,46.26],[123.57,46.224]]]]}},{"type":"Feature","properties":{"id":"310000","名称":"上海市","所属省":"上海"},"geometry":{"type":"MultiPolygon","coordinates":[[[[120.901,31.017],[120.989,31.014],[121.02,30.872],[121.06,30.845],[121.123,30.779],[121.232,30.756],[121.362,30.68],[121.601,30.805],[121.944,30.777],[121.994,30.863],[121.947,31.066],[121.599,31.375],[121.344,31.512],[121.248,31.477],[121.143,31.392],[121.143,31.276],[121.077,31.158],[120.881,31.135],[120.901,31.017]]],[[[121.975,31.617],[121.6,31.703],[121.385,31.833],[121.2,31.835],[121.289,31.616],[121.434,31.59],[121.683,31.491],[121.982,31.464],[121.975,31.617]]],[[[121.796,31.33],[121.586,31.455],[121.51,31.482],[121.764,31.315],[121.796,31.33]]],[[[121.802,31.357],[121.932,31.283],[122.123,31.307],[121.951,31.337],[121.802,31.357]]],[[[121.627,31.445],[121.632,31.457],[121.579,31.48],[121.627,31.445]]],[[[121.944,31.216],[121.96,31.159],[121.996,31.161],[122.009,31.221],[121.951,31.229],[121.944,31.216]]],[[[121.882,31.241],[121.909,31.195],[121.924,31.234],[121.882,31.241]]]]}},{"type":"Feature","properties":{"id":"320000","名称":"江苏省","所属省":"江苏"},"geometry":{"type":"MultiPolygon","coordinates":[[[[117.312,34.562],[117.268,34.533],[117.248,34.451],[117.151,34.559],[117.062,34.676],[116.969,34.772],[116.966,34.845],[116.858,34.928],[116.789,34.975],[116.622,34.94],[116.445,34.896],[116.369,34.749],[116.374,34.64],[116.477,34.615],[116.592,34.494],[116.774,34.454],[116.909,34.408],[116.983,34.348],[117.025,34.167],[117.131,34.102],[117.277,34.079],[117.404,34.032],[117.543,34.039],[117.629,34.029],[117.715,33.879],[117.74,33.758],[117.791,33.734],[117.973,33.749],[118.118,33.766],[118.112,33.617],[118.051,33.492],[118.029,33.375],[117.939,33.263],[117.989,33.181],[118.149,33.169],[118.219,33.114],[118.269,32.969],[118.252,32.937],[118.302,32.846],[118.363,32.771],[118.451,32.743],[118.573,32.72],[118.757,32.737],[118.743,32.853],[118.847,32.922],[118.896,32.958],[118.993,32.958],[119.113,32.823],[119.209,32.641],[119.153,32.558],[119.085,32.453],[118.922,32.557],[118.922,32.557],[118.843,32.568],[118.757,32.604],[118.719,32.614],[118.633,32.578],[118.564,32.562],[118.629,32.468],[118.703,32.329],[118.644,32.21],[118.501,32.122],[118.389,31.985],[118.466,31.858],[118.534,31.767],[118.572,31.746],[118.698,31.71],[118.736,31.633],[118.803,31.619],[118.886,31.519],[118.824,31.376],[118.721,31.323],[118.795,31.229],[119.015,31.242],[119.158,31.295],[119.267,31.25],[119.35,31.301],[119.392,31.174],[119.533,31.159],[119.678,31.168],[119.78,31.179],[119.878,31.161],[119.989,31.059],[120.111,30.956],[120.316,30.934],[120.423,30.903],[120.46,30.84],[120.564,30.836],[120.683,30.882],[120.684,30.955],[120.77,30.997],[120.901,31.017],[120.881,31.135],[121.077,31.158],[121.143,31.276],[121.143,31.392],[121.248,31.477],[121.344,31.512],[121.145,31.754],[121.265,31.864],[121.432,31.769],[121.643,31.698],[121.97,31.719],[121.772,32.033],[121.543,32.152],[121.494,32.264],[121.39,32.461],[121.153,32.529],[121.02,32.605],[120.964,32.683],[120.972,32.761],[120.933,33.006],[120.874,33.094],[120.834,33.275],[120.741,33.337],[120.623,33.615],[120.534,33.782],[120.348,34.179],[120.104,34.392],[119.782,34.516],[119.569,34.615],[119.457,34.748],[119.497,34.754],[119.379,34.764],[119.238,34.799],[119.215,34.926],[119.285,35.068],[119.293,35.069],[119.25,35.125],[119.115,35.055],[118.928,35.051],[118.805,34.873],[118.739,34.792],[118.784,34.723],[118.664,34.694],[118.546,34.706],[118.439,34.626],[118.416,34.474],[118.29,34.425],[118.218,34.379],[118.133,34.483],[118.079,34.57],[118.054,34.651],[117.903,34.644],[117.802,34.519],[117.61,34.491],[117.465,34.485],[117.371,34.585],[117.322,34.567],[117.312,34.562]]]]}},{"type":"Feature","properties":{"id":"330000","名称":"浙江省","所属省":"浙江"},"geometry":{"type":"MultiPolygon","coordinates":[[[[118.434,28.288],[118.493,28.262],[118.651,28.277],[118.72,28.312],[118.804,28.208],[118.802,28.117],[118.734,28.028],[118.818,27.917],[118.88,27.668],[118.869,27.54],[118.986,27.476],[119.04,27.479],[119.121,27.438],[119.269,27.422],[119.36,27.525],[119.467,27.526],[119.542,27.667],[119.626,27.621],[119.66,27.541],[119.703,27.447],[119.751,27.374],[119.769,27.308],[119.96,27.366],[120.053,27.339],[120.135,27.42],[120.273,27.389],[120.43,27.259],[120.462,27.142],[120.575,27.235],[120.665,27.358],[120.637,27.561],[120.709,27.683],[120.81,27.775],[120.942,27.897],[121.07,27.834],[121.134,27.787],[121.15,27.802],[121.192,27.823],[121.162,27.907],[120.992,27.95],[121.108,28.139],[121.176,28.022],[121.328,28.134],[121.456,28.25],[121.572,28.279],[121.669,28.333],[121.659,28.393],[121.646,28.512],[121.557,28.645],[121.689,28.719],[121.775,28.864],[121.711,28.986],[121.66,29.118],[121.716,29.125],[121.78,29.11],[121.884,29.106],[121.989,29.111],[121.972,29.194],[122,29.279],[121.936,29.348],[121.993,29.452],[121.995,29.545],[121.91,29.65],[121.937,29.748],[122.102,29.86],[122.007,29.892],[121.919,29.921],[121.721,29.993],[121.635,30.07],[121.395,30.338],[121.225,30.404],[121.058,30.564],[121.24,30.649],[121.232,30.756],[121.123,30.779],[121.06,30.845],[121.02,30.872],[120.989,31.014],[120.901,31.017],[120.77,30.997],[120.684,30.955],[120.683,30.882],[120.564,30.836],[120.46,30.84],[120.423,30.903],[120.316,30.934],[120.111,30.956],[119.989,31.059],[119.878,31.161],[119.78,31.179],[119.678,31.168],[119.629,31.085],[119.582,30.932],[119.576,30.83],[119.48,30.772],[119.408,30.645],[119.323,30.63],[119.237,30.547],[119.336,30.509],[119.403,30.375],[119.277,30.341],[119.201,30.291],[119.063,30.305],[118.88,30.315],[118.93,30.203],[118.895,30.149],[118.903,30.029],[118.841,29.891],[118.701,29.706],[118.574,29.638],[118.496,29.52],[118.33,29.495],[118.249,29.431],[118.167,29.314],[118.078,29.291],[118.028,29.168],[118.076,29.075],[118.115,29.01],[118.165,28.987],[118.27,28.919],[118.403,28.703],[118.428,28.617],[118.415,28.497],[118.432,28.402],[118.434,28.288]]],[[[122.163,29.988],[122.322,29.94],[122.31,30.04],[122.294,30.101],[122.049,30.147],[121.984,30.101],[122.028,29.991],[122.163,29.988]]],[[[122.214,30.186],[122.179,30.199],[122.153,30.191],[122.144,30.163],[122.168,30.138],[122.214,30.186]]],[[[122.229,29.712],[122.211,29.701],[122.27,29.686],[122.231,29.71],[122.229,29.712]]],[[[122.428,30.738],[122.427,30.698],[122.533,30.697],[122.528,30.725],[122.475,30.714],[122.445,30.745],[122.428,30.738]]],[[[122.163,30.33],[122.232,30.235],[122.191,30.33],[122.163,30.33]]],[[[122.317,30.25],[122.365,30.255],[122.333,30.273],[122.317,30.25]]],[[[122.026,29.178],[122.013,29.152],[122.057,29.159],[122.076,29.176],[122.037,29.208],[122.026,29.178]]],[[[122.372,29.893],[122.402,29.87],[122.412,29.952],[122.331,29.938],[122.363,29.894],[122.372,29.893]]],[[[122.43,30.409],[122.278,30.472],[122.353,30.422],[122.43,30.409]]],[[[121.838,28.77],[121.863,28.782],[121.862,28.814],[121.838,28.77]]],[[[122.265,29.846],[122.31,29.767],[122.319,29.829],[122.265,29.846]]],[[[121.791,29.082],[121.833,29.05],[121.843,29.082],[121.82,29.099],[121.791,29.082]]],[[[121.201,27.623],[121.198,27.618],[121.199,27.617],[121.204,27.626],[121.201,27.623]]],[[[121.944,30.777],[122.087,30.602],[122.011,30.669],[121.97,30.789],[121.944,30.777]]],[[[121.889,28.472],[121.919,28.497],[121.882,28.503],[121.889,28.472]]],[[[122.183,29.651],[122.147,29.749],[122.048,29.72],[122.138,29.662],[122.183,29.651]]],[[[122.462,29.944],[122.452,29.943],[122.449,29.939],[122.456,29.926],[122.467,29.928],[122.462,29.944]]],[[[122.57,30.644],[122.559,30.68],[122.546,30.652],[122.57,30.644]]],[[[121.87,28.424],[121.911,28.44],[121.89,28.451],[121.87,28.424]]],[[[122.066,30.18],[122.056,30.2],[122.017,30.186],[122.025,30.162],[122.066,30.18]]],[[[122.391,29.971],[122.412,30.026],[122.378,30.024],[122.368,29.98],[122.391,29.971]]],[[[121.85,29.977],[121.924,30.052],[121.84,30.047],[121.85,29.977]]],[[[121.066,27.479],[121.066,27.462],[121.107,27.444],[121.067,27.479],[121.066,27.479]]],[[[121.952,29.188],[121.979,29.16],[121.977,29.192],[121.952,29.188]]],[[[122.038,29.759],[122.011,29.746],[122.03,29.717],[122.038,29.759]]],[[[121.94,30.114],[121.91,30.089],[121.946,30.064],[121.963,30.106],[121.94,30.114]]],[[[121.958,30.288],[122.001,30.308],[121.989,30.34],[121.942,30.333],[121.921,30.307],[121.958,30.288]]],[[[122.193,29.965],[122.163,29.988],[122.152,29.971],[122.154,29.971],[122.155,29.971],[122.184,29.956],[122.193,29.965]]],[[[122.288,29.724],[122.301,29.748],[122.258,29.754],[122.242,29.785],[122.213,29.772],[122.251,29.731],[122.288,29.724]]],[[[121.134,27.787],[121.134,27.786],[121.135,27.787],[121.134,27.787]]],[[[122.76,30.142],[122.778,30.137],[122.762,30.142],[122.76,30.142]]],[[[122.264,30.27],[122.254,30.237],[122.316,30.25],[122.3,30.271],[122.264,30.27]]],[[[122.283,29.86],[122.309,29.85],[122.343,29.86],[122.343,29.883],[122.301,29.884],[122.283,29.86]]],[[[122.781,30.694],[122.8,30.716],[122.779,30.73],[122.757,30.714],[122.781,30.694]]],[[[121.098,27.937],[121.153,27.962],[121.121,27.986],[121.07,27.984],[121.038,27.949],[121.098,27.937]]],[[[121.186,27.963],[121.238,27.988],[121.198,28.001],[121.171,27.979],[121.186,27.963]]],[[[122.454,29.956],[122.447,29.951],[122.458,29.952],[122.454,29.956]]],[[[122.836,30.699],[122.831,30.729],[122.808,30.714],[122.836,30.699]]],[[[122.2,29.97],[122.234,29.947],[122.274,29.932],[122.24,29.96],[122.2,29.97]]],[[[122.029,29.955],[122.044,29.931],[122.059,29.956],[122.029,29.955]]],[[[121.044,27.979],[121.09,27.999],[121.074,28.008],[121.044,27.979]]],[[[122.471,29.927],[122.471,29.926],[122.473,29.925],[122.473,29.927],[122.471,29.927]]],[[[122.152,29.971],[122.155,29.971],[122.154,29.971],[122.152,29.971]]]]}},{"type":"Feature","properties":{"id":"340000","名称":"安徽省","所属省":"安徽"},"geometry":{"type":"MultiPolygon","coordinates":[[[[116.6,34.014],[116.631,33.888],[116.486,33.87],[116.408,33.806],[116.263,33.73],[116.133,33.752],[116.056,33.805],[116,33.965],[115.876,34.029],[115.846,34.029],[115.736,34.077],[115.642,34.032],[115.578,33.95],[115.614,33.776],[115.602,33.719],[115.565,33.576],[115.423,33.557],[115.346,33.503],[115.315,33.431],[115.342,33.371],[115.335,33.298],[115.304,33.15],[115.195,33.121],[114.991,33.102],[114.903,33.13],[114.925,33.017],[114.916,32.971],[115.035,32.933],[115.156,32.865],[115.211,32.786],[115.183,32.667],[115.267,32.578],[115.412,32.575],[115.509,32.469],[115.511,32.468],[115.571,32.419],[115.658,32.429],[115.742,32.476],[115.861,32.537],[115.876,32.542],[115.865,32.459],[115.942,32.166],[115.909,31.943],[115.894,31.832],[115.852,31.787],[115.767,31.788],[115.554,31.695],[115.477,31.643],[115.416,31.526],[115.374,31.406],[115.407,31.338],[115.508,31.268],[115.586,31.144],[115.701,31.201],[115.838,31.127],[115.94,31.072],[116.015,31.012],[116.04,30.958],[115.865,30.864],[115.851,30.757],[115.814,30.637],[115.876,30.582],[115.895,30.453],[115.915,30.338],[115.998,30.253],[116.088,30.11],[116.074,29.97],[116.173,29.828],[116.281,29.789],[116.526,29.897],[116.621,30.073],[116.748,30.057],[116.831,30.005],[116.9,29.949],[116.762,29.802],[116.706,29.697],[116.68,29.681],[116.722,29.565],[116.849,29.576],[116.975,29.657],[117.113,29.712],[117.123,29.799],[117.13,29.899],[117.246,29.915],[117.293,29.823],[117.382,29.841],[117.455,29.749],[117.53,29.654],[117.609,29.591],[117.691,29.556],[117.873,29.548],[118.043,29.566],[118.144,29.49],[118.193,29.395],[118.306,29.479],[118.382,29.505],[118.532,29.589],[118.647,29.643],[118.741,29.815],[118.895,29.938],[118.874,30.115],[118.853,30.167],[118.878,30.283],[118.989,30.332],[119.127,30.305],[119.247,30.341],[119.349,30.349],[119.335,30.448],[119.272,30.51],[119.239,30.609],[119.391,30.686],[119.483,30.704],[119.554,30.826],[119.564,30.919],[119.634,31.019],[119.624,31.13],[119.461,31.156],[119.36,31.213],[119.338,31.259],[119.198,31.27],[119.107,31.251],[118.984,31.237],[118.757,31.28],[118.746,31.373],[118.852,31.394],[118.866,31.519],[118.859,31.624],[118.748,31.676],[118.643,31.672],[118.641,31.759],[118.522,31.743],[118.505,31.841],[118.364,31.93],[118.434,32.087],[118.511,32.194],[118.657,32.301],[118.691,32.472],[118.609,32.537],[118.597,32.601],[118.689,32.588],[118.735,32.589],[118.821,32.605],[118.891,32.553],[118.922,32.557],[119.041,32.515],[119.168,32.536],[119.231,32.607],[119.185,32.825],[119.021,32.956],[118.893,32.941],[118.849,32.957],[118.81,32.854],[118.738,32.773],[118.643,32.745],[118.484,32.721],[118.375,32.719],[118.3,32.783],[118.233,32.914],[118.304,32.969],[118.244,33.028],[118.178,33.218],[118.037,33.152],[117.942,33.225],[117.993,33.333],[118.027,33.455],[118.118,33.595],[118.161,33.736],[118.02,33.739],[117.844,33.736],[117.725,33.749],[117.754,33.891],[117.671,33.992],[117.569,33.985],[117.436,34.028],[117.312,34.068],[117.192,34.069],[117.047,34.152],[116.969,34.284],[116.969,34.389],[116.783,34.43],[116.662,34.473],[116.491,34.574],[116.43,34.651],[116.325,34.601],[116.197,34.576],[116.178,34.496],[116.216,34.403],[116.302,34.342],[116.409,34.274],[116.516,34.296],[116.545,34.242],[116.536,34.151],[116.576,34.069],[116.6,34.014]]],[[[118.866,31.519],[118.857,31.506],[118.883,31.5],[118.886,31.519],[118.866,31.519]]],[[[116.699,29.708],[116.68,29.681],[116.706,29.697],[116.699,29.708]]],[[[115.509,32.469],[115.509,32.467],[115.511,32.468],[115.511,32.468],[115.511,32.469],[115.509,32.469]]]]}},{"type":"Feature","properties":{"id":"350000","名称":"福建省","所属省":"福建"},"geometry":{"type":"MultiPolygon","coordinates":[[[[119.005,24.97],[119.017,25.058],[118.892,25.093],[118.985,25.169],[118.94,25.217],[118.9,25.243],[118.918,25.257],[118.975,25.238],[119.075,25.211],[119.029,25.14],[119.134,25.106],[119.147,25.057],[119.108,25.194],[119.231,25.189],[119.295,25.237],[119.333,25.288],[119.241,25.317],[119.151,25.427],[119.22,25.469],[119.263,25.428],[119.344,25.472],[119.453,25.494],[119.492,25.443],[119.487,25.37],[119.555,25.429],[119.583,25.374],[119.665,25.372],[119.623,25.434],[119.689,25.441],[119.805,25.458],[119.863,25.475],[119.861,25.531],[119.843,25.598],[119.7,25.617],[119.716,25.512],[119.634,25.475],[119.587,25.592],[119.478,25.632],[119.603,25.685],[119.628,25.872],[119.724,26.012],[119.655,26.09],[119.665,26.202],[119.802,26.269],[119.863,26.308],[119.946,26.375],[119.836,26.454],[119.67,26.618],[119.62,26.649],[119.711,26.687],[119.874,26.643],[119.939,26.747],[120.062,26.769],[119.972,26.655],[119.852,26.595],[119.948,26.56],[120.008,26.596],[120.138,26.638],[120.151,26.751],[120.104,26.795],[120.054,26.863],[120.13,26.918],[120.26,26.983],[120.296,27.036],[120.403,27.101],[120.402,27.251],[120.341,27.4],[120.221,27.42],[120.096,27.39],[120.008,27.375],[119.843,27.3],[119.74,27.363],[119.686,27.439],[119.69,27.537],[119.631,27.582],[119.606,27.675],[119.502,27.611],[119.417,27.54],[119.285,27.458],[119.148,27.425],[119.092,27.466],[118.983,27.499],[118.908,27.461],[118.914,27.62],[118.829,27.848],[118.73,27.971],[118.768,28.106],[118.771,28.189],[118.756,28.253],[118.675,28.271],[118.588,28.282],[118.444,28.253],[118.314,28.222],[118.361,28.156],[118.2,28.05],[118.129,28.017],[117.999,27.991],[117.911,27.95],[117.788,27.856],[117.683,27.824],[117.556,27.966],[117.454,27.94],[117.342,27.856],[117.276,27.848],[117.245,27.719],[117.175,27.677],[117.112,27.646],[117.041,27.67],[117.017,27.563],[117.103,27.533],[117.107,27.393],[117.137,27.303],[117.045,27.147],[116.936,27.019],[116.818,27.018],[116.602,26.889],[116.558,26.774],[116.566,26.65],[116.597,26.513],[116.608,26.43],[116.553,26.4],[116.459,26.345],[116.385,26.238],[116.436,26.16],[116.385,26.031],[116.326,25.957],[116.225,25.909],[116.132,25.824],[116.107,25.701],[116.042,25.624],[116.037,25.515],[115.993,25.374],[115.95,25.292],[115.861,25.166],[115.909,25.084],[115.925,24.961],[115.908,24.923],[116.068,24.85],[116.221,24.83],[116.297,24.802],[116.395,24.878],[116.375,24.804],[116.446,24.714],[116.507,24.621],[116.601,24.654],[116.778,24.679],[116.759,24.546],[116.861,24.46],[116.896,24.351],[116.938,24.281],[116.999,24.179],[116.953,24.008],[116.956,23.922],[117.019,23.802],[117.124,23.647],[117.193,23.562],[117.387,23.555],[117.493,23.642],[117.602,23.702],[117.672,23.878],[117.793,23.907],[117.91,24.012],[118,24.152],[118.115,24.229],[118.082,24.357],[118.084,24.529],[118.169,24.56],[118.364,24.568],[118.557,24.573],[118.68,24.582],[118.653,24.654],[118.779,24.744],[118.648,24.843],[118.749,24.842],[118.864,24.887],[118.987,24.898],[118.946,24.954],[119.033,24.962],[119.005,24.97]]],[[[118.412,24.515],[118.298,24.477],[118.33,24.382],[118.458,24.412],[118.412,24.515]]],[[[119.471,25.197],[119.549,25.162],[119.501,25.217],[119.444,25.202],[119.471,25.197]]],[[[119.58,25.627],[119.612,25.669],[119.581,25.65],[119.58,25.627]]],[[[119.977,26.191],[120.016,26.217],[119.999,26.236],[119.971,26.218],[119.977,26.191]]],[[[118.231,24.401],[118.274,24.441],[118.234,24.446],[118.231,24.401]]],[[[119.907,26.69],[119.927,26.665],[119.951,26.693],[119.907,26.69]]],[[[118.204,24.505],[118.093,24.541],[118.143,24.421],[118.204,24.505]]],[[[119.929,26.134],[119.96,26.147],[119.919,26.172],[119.929,26.134]]],[[[119.643,26.129],[119.665,26.156],[119.627,26.173],[119.606,26.153],[119.643,26.129]]],[[[120.034,26.489],[120.067,26.498],[120.072,26.521],[120.036,26.516],[120.034,26.489]]],[[[119.662,25.647],[119.674,25.633],[119.719,25.635],[119.717,25.665],[119.662,25.647]]],[[[119.761,26.613],[119.777,26.6],[119.819,26.617],[119.796,26.631],[119.761,26.613]]],[[[120.136,26.551],[120.167,26.572],[120.154,26.605],[120.118,26.569],[120.136,26.551]]],[[[120.361,26.917],[120.394,26.934],[120.363,26.968],[120.328,26.964],[120.319,26.945],[120.361,26.917]]],[[[120.15,26.799],[120.14,26.795],[120.163,26.798],[120.162,26.803],[120.15,26.799]]],[[[119.668,26.628],[119.749,26.681],[119.652,26.657],[119.668,26.628]]]]}},{"type":"Feature","properties":{"id":"360000","名称":"江西省","所属省":"江西"},"geometry":{"type":"MultiPolygon","coordinates":[[[[118.193,29.395],[118.144,29.49],[118.043,29.566],[117.873,29.548],[117.691,29.556],[117.609,29.591],[117.53,29.654],[117.455,29.749],[117.382,29.841],[117.293,29.823],[117.246,29.915],[117.13,29.899],[117.123,29.799],[117.113,29.712],[116.975,29.657],[116.849,29.576],[116.722,29.565],[116.68,29.681],[116.762,29.802],[116.9,29.949],[116.831,30.005],[116.748,30.057],[116.621,30.073],[116.526,29.897],[116.281,29.789],[116.173,29.828],[116.05,29.762],[115.837,29.748],[115.668,29.85],[115.479,29.811],[115.355,29.65],[115.251,29.66],[115.118,29.656],[115.157,29.585],[115.088,29.56],[114.948,29.543],[114.901,29.506],[114.918,29.454],[114.947,29.465],[114.866,29.404],[114.76,29.363],[114.622,29.38],[114.466,29.324],[114.342,29.328],[114.252,29.235],[114.035,29.152],[113.942,29.047],[113.974,28.938],[114.028,28.891],[114.077,28.834],[114.138,28.78],[114.132,28.607],[114.154,28.507],[114.172,28.433],[114.253,28.319],[114.144,28.247],[114.069,28.172],[114.025,28.081],[113.97,28.041],[113.914,27.991],[113.823,27.982],[113.757,27.86],[113.697,27.72],[113.609,27.585],[113.627,27.5],[113.632,27.405],[113.658,27.347],[113.873,27.385],[113.873,27.29],[113.772,27.097],[113.863,27.018],[113.89,26.896],[113.854,26.77],[113.997,26.616],[114.072,26.48],[114.085,26.406],[114.048,26.337],[113.979,26.238],[113.963,26.151],[114.103,26.188],[114.237,26.152],[114.121,26.086],[114.008,26.016],[113.971,25.836],[113.913,25.701],[113.986,25.529],[114.003,25.443],[114.029,25.328],[114.056,25.278],[114.19,25.317],[114.295,25.3],[114.43,25.344],[114.541,25.417],[114.714,25.316],[114.694,25.214],[114.736,25.122],[114.605,25.084],[114.506,25],[114.396,24.951],[114.342,24.807],[114.273,24.701],[114.258,24.641],[114.364,24.583],[114.429,24.486],[114.627,24.577],[114.738,24.565],[114.828,24.588],[114.894,24.583],[115.004,24.679],[115.084,24.7],[115.259,24.729],[115.359,24.735],[115.477,24.763],[115.57,24.622],[115.689,24.545],[115.844,24.562],[115.78,24.663],[115.756,24.749],[115.79,24.856],[115.864,24.891],[115.885,24.899],[115.925,24.961],[115.909,25.084],[115.861,25.166],[115.95,25.292],[115.993,25.374],[116.037,25.515],[116.042,25.624],[116.107,25.701],[116.132,25.824],[116.225,25.909],[116.326,25.957],[116.385,26.031],[116.436,26.16],[116.385,26.238],[116.459,26.345],[116.553,26.4],[116.608,26.43],[116.597,26.513],[116.566,26.65],[116.558,26.774],[116.602,26.889],[116.818,27.018],[116.936,27.019],[117.045,27.147],[117.137,27.303],[117.107,27.393],[117.103,27.533],[117.017,27.563],[117.041,27.67],[117.112,27.646],[117.175,27.677],[117.245,27.719],[117.276,27.848],[117.342,27.856],[117.454,27.94],[117.556,27.966],[117.683,27.824],[117.788,27.856],[117.911,27.95],[117.999,27.991],[118.129,28.017],[118.2,28.05],[118.361,28.156],[118.314,28.222],[118.48,28.327],[118.457,28.425],[118.43,28.515],[118.428,28.617],[118.364,28.814],[118.195,28.904],[118.134,28.984],[118.098,28.999],[118.038,29.102],[118.042,29.21],[118.139,29.284],[118.205,29.344],[118.193,29.395]]]]}},{"type":"Feature","properties":{"id":"370000","名称":"山东省","所属省":"山东"},"geometry":{"type":"MultiPolygon","coordinates":[[[[116.374,34.64],[116.369,34.749],[116.445,34.896],[116.622,34.94],[116.789,34.975],[116.858,34.928],[116.966,34.845],[116.969,34.772],[117.062,34.676],[117.151,34.559],[117.248,34.451],[117.268,34.533],[117.312,34.562],[117.322,34.567],[117.371,34.585],[117.465,34.485],[117.61,34.491],[117.802,34.519],[117.903,34.644],[118.054,34.651],[118.079,34.57],[118.133,34.483],[118.218,34.379],[118.29,34.425],[118.416,34.474],[118.439,34.626],[118.546,34.706],[118.664,34.694],[118.784,34.723],[118.739,34.792],[118.805,34.873],[118.928,35.051],[119.115,35.055],[119.25,35.125],[119.354,35.08],[119.398,35.138],[119.493,35.319],[119.59,35.373],[119.663,35.563],[119.751,35.618],[119.793,35.615],[119.868,35.609],[119.95,35.73],[119.958,35.76],[120.032,35.812],[120.125,35.907],[120.17,35.888],[120.266,35.967],[120.29,36.017],[120.257,36.025],[120.239,36.062],[120.117,36.103],[120.141,36.173],[120.224,36.191],[120.31,36.185],[120.362,36.196],[120.338,36.055],[120.547,36.092],[120.616,36.12],[120.712,36.127],[120.681,36.239],[120.663,36.332],[120.76,36.463],[120.859,36.425],[120.911,36.412],[120.938,36.448],[120.983,36.546],[120.885,36.601],[120.927,36.612],[121.078,36.608],[121.299,36.702],[121.401,36.701],[121.497,36.795],[121.549,36.808],[121.575,36.74],[121.632,36.801],[121.762,36.846],[121.965,36.938],[122.052,36.905],[122.125,36.944],[122.176,36.894],[122.221,36.849],[122.344,36.828],[122.416,36.859],[122.434,36.914],[122.532,36.901],[122.584,37.037],[122.467,37.037],[122.534,37.153],[122.624,37.191],[122.574,37.296],[122.651,37.389],[122.702,37.419],[122.554,37.407],[122.417,37.415],[122.287,37.445],[122.166,37.439],[122.15,37.557],[122.017,37.531],[121.773,37.467],[121.576,37.46],[121.46,37.523],[121.435,37.593],[121.358,37.597],[121.174,37.597],[121.143,37.661],[121.037,37.719],[120.941,37.819],[120.839,37.824],[120.634,37.796],[120.455,37.758],[120.22,37.672],[120.215,37.621],[120.223,37.533],[120.065,37.449],[119.927,37.387],[119.883,37.311],[119.83,37.226],[119.687,37.144],[119.49,37.135],[119.328,37.116],[119.207,37.223],[119.137,37.231],[119.084,37.24],[119.001,37.319],[118.989,37.621],[119.237,37.652],[119.309,37.805],[119.212,37.839],[119.111,37.922],[118.908,38.139],[118.626,38.138],[118.552,38.056],[118.505,38.114],[118.404,38.121],[118.178,38.186],[118.019,38.202],[117.849,38.255],[117.767,38.159],[117.705,38.076],[117.557,38.046],[117.481,37.915],[117.32,37.862],[117.15,37.839],[116.919,37.846],[116.754,37.793],[116.679,37.729],[116.576,37.611],[116.434,37.473],[116.381,37.523],[116.336,37.581],[116.29,37.484],[116.24,37.49],[116.226,37.428],[116.193,37.366],[116.086,37.374],[115.969,37.24],[115.88,37.151],[115.777,36.993],[115.712,36.883],[115.48,36.76],[115.366,36.622],[115.273,36.498],[115.297,36.413],[115.367,36.309],[115.463,36.276],[115.475,36.248],[115.449,36.047],[115.354,35.939],[115.363,35.78],[115.488,35.881],[115.513,35.89],[115.699,35.967],[115.817,36.013],[115.99,36.045],[116.063,36.029],[115.912,35.96],[115.883,35.88],[115.774,35.854],[115.694,35.754],[115.486,35.71],[115.356,35.49],[115.172,35.426],[115.092,35.416],[114.957,35.261],[114.861,35.182],[114.836,35.077],[114.825,35.012],[114.951,34.99],[115.075,35.001],[115.219,34.96],[115.239,34.878],[115.427,34.805],[115.461,34.637],[115.623,34.575],[115.788,34.581],[115.984,34.589],[116.101,34.606],[116.197,34.576],[116.325,34.601],[116.374,34.64]]],[[[120.73,37.947],[120.722,37.917],[120.765,37.895],[120.765,37.924],[120.73,37.947]]],[[[120.692,37.984],[120.733,37.962],[120.725,37.988],[120.692,37.984]]],[[[120.99,36.413],[120.978,36.429],[120.951,36.415],[120.99,36.413]]],[[[120.75,38.15],[120.787,38.159],[120.742,38.199],[120.75,38.15]]],[[[120.919,38.345],[120.915,38.373],[120.895,38.363],[120.919,38.345]]],[[[120.159,35.765],[120.17,35.74],[120.193,35.757],[120.172,35.786],[120.159,35.765]]],[[[120.627,37.946],[120.632,37.981],[120.602,37.979],[120.627,37.946]]],[[[120.802,38.284],[120.848,38.306],[120.816,38.318],[120.802,38.284]]],[[[121.49,37.577],[121.49,37.578],[121.49,37.578],[121.489,37.578],[121.49,37.577]]],[[[121.486,37.578],[121.488,37.578],[121.488,37.578],[121.486,37.578]]],[[[121.488,37.578],[121.488,37.578],[121.489,37.578],[121.489,37.578],[121.488,37.578],[121.488,37.578]]],[[[115.495,35.896],[115.488,35.881],[115.513,35.89],[115.505,35.899],[115.495,35.896]]]]}},{"type":"Feature","properties":{"id":"410000","名称":"河南省","所属省":"河南"},"geometry":{"type":"MultiPolygon","coordinates":[[[[112.717,32.358],[112.861,32.396],[112.992,32.378],[113.079,32.395],[113.156,32.381],[113.237,32.407],[113.354,32.295],[113.512,32.317],[113.7,32.421],[113.754,32.328],[113.758,32.277],[113.753,32.216],[113.723,32.124],[113.758,31.99],[113.832,31.919],[113.894,31.847],[113.952,31.794],[114.087,31.782],[114.192,31.852],[114.35,31.756],[114.531,31.743],[114.571,31.661],[114.573,31.554],[114.696,31.526],[114.83,31.459],[114.963,31.495],[115.096,31.508],[115.125,31.599],[115.236,31.555],[115.253,31.422],[115.339,31.404],[115.371,31.496],[115.485,31.609],[115.534,31.698],[115.731,31.767],[115.808,31.77],[115.915,31.815],[115.92,31.92],[115.922,32.05],[115.899,32.391],[115.846,32.502],[115.891,32.576],[115.772,32.505],[115.668,32.41],[115.604,32.426],[115.509,32.467],[115.409,32.549],[115.305,32.583],[115.201,32.592],[115.19,32.771],[115.197,32.856],[115.03,32.907],[114.943,32.935],[114.892,33.02],[114.897,33.087],[114.966,33.147],[115.168,33.089],[115.29,33.132],[115.34,33.261],[115.365,33.336],[115.329,33.404],[115.346,33.45],[115.395,33.506],[115.511,33.553],[115.601,33.659],[115.577,33.788],[115.548,33.875],[115.607,34.03],[115.706,34.06],[115.809,34.062],[115.877,34.003],[115.958,34.008],[116.059,33.861],[116.1,33.783],[116.23,33.735],[116.394,33.783],[116.438,33.846],[116.567,33.908],[116.641,33.978],[116.576,34.069],[116.536,34.151],[116.545,34.242],[116.516,34.296],[116.409,34.274],[116.302,34.342],[116.216,34.403],[116.178,34.496],[116.197,34.576],[116.101,34.606],[115.984,34.589],[115.788,34.581],[115.623,34.575],[115.461,34.637],[115.427,34.805],[115.239,34.878],[115.219,34.96],[115.075,35.001],[114.951,34.99],[114.825,35.012],[114.836,35.077],[114.861,35.182],[114.957,35.261],[115.092,35.416],[115.172,35.426],[115.356,35.49],[115.486,35.71],[115.694,35.754],[115.774,35.854],[115.883,35.88],[115.912,35.96],[116.063,36.029],[115.99,36.045],[115.817,36.013],[115.699,35.967],[115.513,35.89],[115.408,35.809],[115.364,35.894],[115.448,36.013],[115.484,36.149],[115.377,36.128],[115.302,36.128],[115.203,36.209],[115.203,36.209],[115.184,36.193],[115.063,36.178],[114.998,36.07],[114.913,36.141],[114.772,36.125],[114.64,36.137],[114.533,36.172],[114.417,36.206],[114.345,36.256],[114.241,36.251],[114.17,36.246],[114.129,36.28],[114.056,36.329],[113.963,36.354],[113.85,36.348],[113.755,36.366],[113.712,36.303],[113.698,36.182],[113.713,36.13],[113.686,36.056],[113.679,35.986],[113.638,35.87],[113.605,35.798],[113.623,35.675],[113.548,35.657],[113.499,35.532],[113.348,35.468],[113.243,35.449],[113.165,35.413],[113.067,35.354],[112.992,35.296],[112.884,35.244],[112.72,35.206],[112.513,35.218],[112.288,35.22],[112.217,35.253],[112.079,35.219],[112.056,35.099],[112.019,35.069],[111.81,35.062],[111.664,34.984],[111.618,34.895],[111.544,34.853],[111.389,34.815],[111.255,34.819],[111.118,34.757],[110.92,34.73],[110.825,34.616],[110.71,34.605],[110.488,34.611],[110.367,34.567],[110.361,34.517],[110.474,34.394],[110.428,34.288],[110.552,34.213],[110.642,34.161],[110.587,34.023],[110.666,33.938],[110.587,33.888],[110.713,33.834],[110.817,33.751],[110.879,33.635],[111.003,33.536],[110.996,33.436],[110.985,33.255],[111.089,33.182],[111.179,33.115],[111.222,33.042],[111.243,32.931],[111.293,32.859],[111.476,32.76],[111.53,32.628],[111.646,32.606],[111.858,32.529],[111.976,32.472],[112.081,32.426],[112.173,32.385],[112.36,32.366],[112.477,32.381],[112.589,32.381],[112.717,32.358]]],[[[113.768,32.284],[113.769,32.301],[113.749,32.273],[113.758,32.277],[113.768,32.284]]]]}},{"type":"Feature","properties":{"id":"420000","名称":"湖北省","所属省":"湖北"},"geometry":{"type":"MultiPolygon","coordinates":[[[[111.046,33.17],[111.047,33.203],[110.922,33.204],[110.825,33.158],[110.651,33.157],[110.578,33.251],[110.398,33.177],[110.338,33.16],[110.165,33.209],[109.973,33.204],[109.813,33.236],[109.65,33.252],[109.514,33.238],[109.468,33.14],[109.688,33.117],[109.785,32.987],[109.848,32.893],[109.927,32.887],[110.105,32.833],[110.159,32.767],[110.154,32.593],[110.084,32.581],[109.91,32.593],[109.727,32.608],[109.637,32.541],[109.53,32.406],[109.495,32.3],[109.593,32.219],[109.622,32.106],[109.632,31.962],[109.604,31.886],[109.592,31.789],[109.683,31.72],[109.764,31.603],[109.838,31.555],[109.945,31.471],[110.054,31.411],[110.156,31.28],[110.18,31.122],[110.121,31.032],[110.173,30.979],[110.082,30.8],[110.008,30.883],[109.829,30.864],[109.657,30.761],[109.591,30.694],[109.535,30.665],[109.355,30.487],[109.314,30.6],[109.192,30.546],[109.104,30.566],[109.112,30.646],[109.006,30.627],[108.839,30.503],[108.744,30.495],[108.643,30.579],[108.556,30.488],[108.427,30.492],[108.402,30.377],[108.501,30.315],[108.582,30.256],[108.546,30.104],[108.536,29.983],[108.468,29.864],[108.424,29.816],[108.437,29.741],[108.505,29.729],[108.556,29.819],[108.68,29.8],[108.753,29.649],[108.781,29.636],[108.87,29.596],[108.878,29.539],[108.884,29.441],[108.919,29.326],[109.035,29.36],[109.107,29.288],[109.139,29.169],[109.232,29.119],[109.275,29.202],[109.353,29.285],[109.368,29.414],[109.436,29.489],[109.467,29.56],[109.559,29.607],[109.665,29.6],[109.715,29.674],[109.779,29.758],[109.941,29.774],[110.161,29.754],[110.302,29.662],[110.447,29.665],[110.563,29.712],[110.55,29.848],[110.517,29.961],[110.498,30.055],[110.651,30.078],[110.747,30.113],[110.93,30.063],[111.267,30.012],[111.383,29.95],[111.476,29.919],[111.669,29.889],[111.724,29.909],[111.811,29.901],[111.899,29.856],[111.955,29.797],[112.066,29.681],[112.178,29.657],[112.234,29.616],[112.291,29.517],[112.425,29.599],[112.542,29.601],[112.651,29.592],[112.733,29.645],[112.862,29.783],[112.929,29.774],[112.945,29.683],[113.005,29.694],[112.95,29.473],[113.078,29.438],[113.182,29.486],[113.378,29.703],[113.551,29.768],[113.547,29.676],[113.681,29.643],[113.71,29.555],[113.755,29.447],[113.661,29.333],[113.652,29.226],[113.663,29.169],[113.723,29.105],[113.816,29.105],[113.877,29.038],[113.952,29.093],[114.063,29.205],[114.259,29.344],[114.376,29.323],[114.52,29.326],[114.673,29.396],[114.784,29.386],[114.895,29.398],[114.936,29.487],[114.888,29.436],[114.94,29.494],[115.001,29.572],[115.086,29.526],[115.12,29.598],[115.113,29.685],[115.286,29.618],[115.413,29.689],[115.512,29.84],[115.707,29.838],[115.91,29.724],[116.087,29.795],[116.074,29.97],[116.088,30.11],[115.998,30.253],[115.915,30.338],[115.895,30.453],[115.876,30.582],[115.814,30.637],[115.851,30.757],[115.865,30.864],[116.04,30.958],[116.015,31.012],[115.94,31.072],[115.838,31.127],[115.701,31.201],[115.586,31.144],[115.508,31.268],[115.407,31.338],[115.374,31.406],[115.251,31.392],[115.218,31.515],[115.165,31.605],[115.115,31.53],[114.995,31.471],[114.87,31.479],[114.779,31.521],[114.617,31.585],[114.548,31.624],[114.55,31.767],[114.403,31.747],[114.236,31.833],[114.122,31.809],[113.989,31.75],[113.915,31.877],[113.831,31.879],[113.817,31.965],[113.729,32.083],[113.782,32.185],[113.749,32.273],[113.767,32.37],[113.65,32.413],[113.429,32.271],[113.318,32.327],[113.212,32.432],[113.119,32.376],[113.026,32.425],[112.912,32.391],[112.776,32.359],[112.724,32.359],[112.612,32.387],[112.531,32.377],[112.391,32.371],[112.206,32.393],[112.156,32.377],[112.015,32.45],[111.89,32.503],[111.713,32.606],[111.578,32.593],[111.458,32.726],[111.38,32.829],[111.255,32.884],[111.259,33.006],[111.193,33.072],[111.128,33.155],[111.046,33.17]]],[[[109.106,30.571],[109.101,30.579],[109.099,30.579],[109.106,30.571]]],[[[111.047,33.203],[111.036,33.188],[111.034,33.178],[111.046,33.17],[111.047,33.203]]],[[[112.717,32.358],[112.736,32.356],[112.734,32.357],[112.724,32.359],[112.717,32.358]]],[[[112.902,29.791],[112.894,29.784],[112.924,29.767],[112.929,29.774],[112.902,29.791]]]]}},{"type":"Feature","properties":{"id":"430000","名称":"湖南省","所属省":"湖南"},"geometry":{"type":"MultiPolygon","coordinates":[[[[112.024,24.74],[112.15,24.837],[112.12,24.963],[112.152,25.056],[112.247,25.185],[112.316,25.175],[112.443,25.186],[112.628,25.141],[112.715,25.026],[112.778,24.948],[112.905,24.922],[113.01,24.978],[112.968,25.142],[112.993,25.247],[112.867,25.25],[112.924,25.297],[113.013,25.352],[113.131,25.415],[113.226,25.51],[113.314,25.443],[113.407,25.402],[113.536,25.369],[113.612,25.328],[113.753,25.363],[113.84,25.363],[113.945,25.442],[113.983,25.599],[113.92,25.741],[114.028,25.893],[114.044,26.077],[114.106,26.098],[114.217,26.203],[114.088,26.168],[113.949,26.193],[114.029,26.266],[114.031,26.377],[114.09,26.456],[114.109,26.57],[113.913,26.614],[113.836,26.806],[113.927,26.949],[113.824,27.036],[113.779,27.137],[113.854,27.305],[113.728,27.35],[113.617,27.346],[113.597,27.429],[113.583,27.525],[113.607,27.625],[113.699,27.741],[113.728,27.875],[113.845,27.972],[113.936,28.019],[114.026,28.031],[113.992,28.161],[114.108,28.183],[114.182,28.25],[114.252,28.396],[114.217,28.466],[114.138,28.534],[114.122,28.623],[114.154,28.829],[114.056,28.872],[114.005,28.918],[113.955,28.979],[113.898,29.029],[113.853,29.059],[113.75,29.061],[113.691,29.115],[113.693,29.226],[113.632,29.316],[113.731,29.394],[113.631,29.523],[113.704,29.634],[113.606,29.667],[113.559,29.727],[113.572,29.849],[113.222,29.544],[113.1,29.46],[113.035,29.524],[112.916,29.621],[112.975,29.733],[112.924,29.767],[112.794,29.736],[112.714,29.649],[112.64,29.608],[112.499,29.629],[112.369,29.541],[112.281,29.537],[112.244,29.66],[112.111,29.66],[112.076,29.744],[111.966,29.832],[111.899,29.856],[111.758,29.92],[111.705,29.89],[111.554,29.894],[111.437,29.93],[111.343,29.945],[111.242,30.041],[110.924,30.111],[110.756,30.055],[110.601,30.055],[110.491,30.02],[110.499,29.912],[110.6,29.84],[110.507,29.692],[110.373,29.634],[110.29,29.696],[110.114,29.79],[109.908,29.764],[109.755,29.733],[109.701,29.636],[109.652,29.626],[109.516,29.626],[109.458,29.513],[109.416,29.498],[109.391,29.372],[109.313,29.252],[109.261,29.161],[109.24,29.086],[109.295,29.015],[109.236,28.882],[109.299,28.747],[109.271,28.672],[109.236,28.62],[109.32,28.58],[109.261,28.465],[109.269,28.338],[109.335,28.294],[109.34,28.19],[109.298,28.036],[109.362,28.008],[109.322,27.868],[109.378,27.737],[109.471,27.68],[109.451,27.586],[109.303,27.476],[109.202,27.45],[109.142,27.419],[109.054,27.294],[108.908,27.205],[108.791,27.084],[108.943,27.017],[109.033,27.104],[109.166,27.067],[109.264,27.132],[109.415,27.154],[109.455,27.069],[109.52,27.059],[109.453,26.862],[109.513,26.84],[109.529,26.744],[109.568,26.726],[109.487,26.76],[109.355,26.693],[109.334,26.646],[109.407,26.533],[109.362,26.472],[109.296,26.35],[109.325,26.29],[109.442,26.29],[109.476,26.148],[109.45,26.102],[109.513,25.998],[109.635,26.047],[109.711,25.954],[109.685,25.88],[109.811,25.878],[109.782,25.997],[109.899,26.095],[110.03,26.166],[110.065,26.05],[110.181,26.06],[110.326,25.976],[110.478,26.18],[110.553,26.283],[110.644,26.309],[110.742,26.314],[110.836,26.256],[110.944,26.327],[111.009,26.359],[111.209,26.304],[111.278,26.272],[111.275,26.183],[111.245,26.078],[111.19,25.953],[111.292,25.854],[111.376,25.906],[111.486,25.859],[111.4,25.744],[111.343,25.603],[111.279,25.423],[111.139,25.304],[110.999,25.161],[110.969,24.975],[111.102,25.035],[111.222,25.107],[111.368,25.109],[111.416,25.048],[111.433,24.98],[111.447,24.893],[111.462,24.729],[111.499,24.668],[111.589,24.691],[111.667,24.761],[111.814,24.77],[111.93,24.756],[112.024,24.74]]],[[[109.529,26.744],[109.522,26.749],[109.522,26.749],[109.529,26.744]]]]}},{"type":"Feature","properties":{"id":"440000","名称":"广东省","所属省":"广东"},"geometry":{"type":"MultiPolygon","coordinates":[[[[113.559,22.212],[113.618,22.315],[113.67,22.416],[113.609,22.409],[113.668,22.481],[113.717,22.645],[113.758,22.683],[113.857,22.54],[113.953,22.487],[114.032,22.504],[114.157,22.544],[114.233,22.54],[114.382,22.602],[114.477,22.459],[114.611,22.482],[114.568,22.561],[114.58,22.661],[114.592,22.69],[114.71,22.788],[114.728,22.651],[114.866,22.592],[114.928,22.622],[115.023,22.726],[115.155,22.802],[115.237,22.825],[115.338,22.777],[115.431,22.684],[115.566,22.684],[115.57,22.787],[115.696,22.843],[115.796,22.739],[115.931,22.803],[116.056,22.845],[116.239,22.921],[116.383,22.919],[116.544,22.997],[116.566,23.089],[116.665,23.158],[116.807,23.201],[116.783,23.314],[116.874,23.447],[116.888,23.502],[117.01,23.503],[117.193,23.562],[117.124,23.647],[117.019,23.802],[116.956,23.922],[116.953,24.008],[116.999,24.179],[116.938,24.281],[116.896,24.351],[116.861,24.46],[116.759,24.546],[116.778,24.679],[116.601,24.654],[116.507,24.621],[116.446,24.714],[116.375,24.804],[116.395,24.878],[116.297,24.802],[116.221,24.83],[116.068,24.85],[115.908,24.923],[115.907,24.88],[115.824,24.909],[115.764,24.792],[115.769,24.708],[115.798,24.629],[115.785,24.567],[115.671,24.605],[115.556,24.684],[115.413,24.793],[115.307,24.759],[115.184,24.712],[115.057,24.703],[114.94,24.65],[114.869,24.562],[114.781,24.613],[114.705,24.526],[114.59,24.537],[114.403,24.498],[114.301,24.579],[114.191,24.657],[114.282,24.724],[114.379,24.861],[114.455,24.977],[114.532,25.023],[114.64,25.074],[114.735,25.156],[114.735,25.226],[114.637,25.324],[114.478,25.371],[114.383,25.317],[114.26,25.292],[114.115,25.302],[114.04,25.251],[114.05,25.364],[113.945,25.442],[113.84,25.363],[113.753,25.363],[113.612,25.328],[113.536,25.369],[113.407,25.402],[113.314,25.443],[113.226,25.51],[113.131,25.415],[113.013,25.352],[112.924,25.297],[112.867,25.25],[112.993,25.247],[112.968,25.142],[113.01,24.978],[112.905,24.922],[112.778,24.948],[112.715,25.026],[112.628,25.141],[112.443,25.186],[112.316,25.175],[112.247,25.185],[112.152,25.056],[112.12,24.963],[112.15,24.837],[112.024,24.74],[111.954,24.647],[111.972,24.579],[111.985,24.468],[112.059,24.34],[111.986,24.257],[111.877,24.227],[111.879,24.11],[111.912,23.944],[111.813,23.887],[111.723,23.823],[111.655,23.833],[111.667,23.719],[111.556,23.641],[111.429,23.466],[111.389,23.376],[111.353,23.285],[111.385,23.167],[111.402,23.066],[111.389,23.006],[111.375,22.938],[111.186,22.736],[111.089,22.696],[110.959,22.637],[110.898,22.592],[110.749,22.557],[110.741,22.464],[110.711,22.369],[110.787,22.283],[110.688,22.25],[110.629,22.149],[110.558,22.196],[110.414,22.208],[110.326,22.152],[110.359,22.016],[110.375,21.968],[110.392,21.894],[110.284,21.892],[110.212,21.886],[110.129,21.903],[110,21.882],[109.916,21.669],[109.84,21.637],[109.743,21.616],[109.785,21.457],[109.904,21.43],[109.758,21.347],[109.674,21.068],[109.712,20.774],[109.793,20.616],[109.84,20.489],[109.865,20.402],[109.909,20.237],[110.082,20.259],[110.22,20.252],[110.384,20.293],[110.491,20.374],[110.5,20.572],[110.411,20.671],[110.393,20.817],[110.269,20.84],[110.181,20.982],[110.242,21.016],[110.391,21.125],[110.501,21.218],[110.659,21.24],[110.796,21.375],[111.035,21.439],[111.283,21.486],[111.258,21.415],[111.383,21.496],[111.522,21.517],[111.651,21.512],[111.737,21.61],[111.81,21.555],[111.973,21.603],[111.954,21.668],[112.136,21.794],[112.236,21.727],[112.416,21.735],[112.498,21.785],[112.686,21.811],[112.894,21.844],[113.047,21.957],[113.046,22.089],[113.143,22.012],[113.267,21.872],[113.442,22.009],[113.567,22.075],[113.535,22.174],[113.559,22.212]]],[[[117.025,23.438],[116.952,23.42],[117.082,23.409],[117.143,23.46],[117.058,23.474],[117.025,23.438]]],[[[112.853,21.741],[112.783,21.74],[112.735,21.667],[112.775,21.564],[112.822,21.656],[112.853,21.741]]],[[[112.531,21.584],[112.621,21.607],[112.666,21.684],[112.56,21.667],[112.531,21.584]]],[[[114.231,22.017],[114.311,22.041],[114.303,22.05],[114.24,22.035],[114.231,22.017]]],[[[110.433,21.171],[110.545,21.084],[110.589,21.195],[110.445,21.185],[110.433,21.171]]],[[[112.435,21.664],[112.456,21.649],[112.459,21.69],[112.435,21.664]]],[[[110.518,21.079],[110.353,21.08],[110.211,20.987],[110.348,20.985],[110.512,20.917],[110.56,21.061],[110.518,21.079]]],[[[113.765,21.962],[113.774,21.998],[113.742,21.992],[113.765,21.962]]],[[[113.723,21.922],[113.743,21.951],[113.719,21.952],[113.723,21.922]]],[[[113.143,21.832],[113.162,21.854],[113.204,21.861],[113.168,21.877],[113.137,21.869],[113.143,21.832]]],[[[113.82,22.396],[113.814,22.42],[113.787,22.414],[113.82,22.396]]],[[[114.19,21.987],[114.23,21.995],[114.181,22.01],[114.19,21.987]]],[[[114.154,21.975],[114.172,22],[114.124,21.985],[114.154,21.975]]],[[[116.77,20.772],[116.89,20.683],[116.796,20.582],[116.934,20.677],[116.82,20.781],[116.77,20.772]]],[[[113.025,21.848],[113.046,21.883],[113.007,21.869],[113.025,21.848]]],[[[110.405,20.678],[110.438,20.678],[110.414,20.71],[110.405,20.678]]],[[[110.645,20.936],[110.584,20.949],[110.549,20.909],[110.563,20.861],[110.612,20.86],[110.647,20.917],[110.645,20.936]]],[[[110.557,20.327],[110.594,20.36],[110.586,20.381],[110.557,20.327]]],[[[115.943,21.098],[116.04,21.02],[116.024,21.124],[115.943,21.098]]],[[[115.926,20.981],[115.939,20.946],[115.97,20.919],[115.999,20.923],[116.001,20.948],[115.954,21],[115.926,20.981]]],[[[115.835,22.723],[115.835,22.722],[115.835,22.723],[115.835,22.723]]],[[[115.835,22.723],[115.835,22.723],[115.835,22.723],[115.835,22.723]]]]}},{"type":"Feature","properties":{"id":"450000","名称":"广西壮族自治区","所属省":"广西"},"geometry":{"type":"MultiPolygon","coordinates":[[[[109.483,26.03],[109.435,25.933],[109.34,25.834],[109.296,25.714],[109.148,25.742],[109.095,25.805],[108.99,25.779],[108.94,25.74],[108.954,25.687],[109.043,25.738],[109.031,25.63],[109.025,25.512],[108.891,25.556],[108.781,25.555],[108.725,25.635],[108.661,25.585],[108.635,25.52],[108.63,25.336],[108.586,25.366],[108.4,25.491],[108.308,25.526],[108.252,25.43],[108.193,25.405],[108.143,25.27],[108.002,25.197],[107.839,25.116],[107.76,25.189],[107.701,25.194],[107.66,25.316],[107.577,25.257],[107.49,25.277],[107.409,25.347],[107.359,25.393],[107.337,25.461],[107.229,25.605],[107.064,25.559],[106.996,25.443],[107.013,25.353],[106.933,25.251],[106.853,25.187],[106.732,25.163],[106.64,25.133],[106.52,25.054],[106.332,24.988],[106.216,24.982],[106.198,24.886],[106.15,24.763],[106.025,24.633],[105.864,24.729],[105.706,24.769],[105.573,24.797],[105.457,24.871],[105.334,24.927],[105.213,24.995],[105.132,24.96],[105.082,24.916],[105.027,24.816],[104.866,24.73],[104.729,24.618],[104.596,24.709],[104.52,24.535],[104.617,24.422],[104.642,24.368],[104.703,24.42],[104.766,24.459],[104.914,24.426],[105.043,24.442],[105.139,24.377],[105.165,24.288],[105.229,24.166],[105.26,24.061],[105.32,24.116],[105.406,24.044],[105.595,24.138],[105.704,24.067],[105.802,24.052],[105.859,24.057],[105.902,24.099],[105.998,24.121],[106.053,24.051],[106.128,23.957],[106.173,23.862],[106.158,23.724],[106.142,23.57],[106.04,23.485],[105.936,23.509],[105.852,23.527],[105.758,23.46],[105.694,23.363],[105.593,23.313],[105.543,23.184],[105.625,23.064],[105.742,23.031],[105.839,22.987],[105.959,22.949],[106.086,22.996],[106.207,22.979],[106.287,22.867],[106.414,22.877],[106.562,22.924],[106.657,22.863],[106.71,22.866],[106.778,22.814],[106.781,22.813],[106.802,22.815],[106.814,22.818],[106.769,22.739],[106.712,22.575],[106.585,22.517],[106.589,22.375],[106.67,22.283],[106.673,22.182],[106.716,22.09],[106.698,21.96],[106.802,21.982],[106.936,21.934],[107.06,21.915],[107.018,21.819],[107.195,21.737],[107.272,21.727],[107.364,21.602],[107.478,21.66],[107.547,21.586],[107.713,21.616],[107.864,21.651],[107.929,21.586],[108.108,21.509],[108.206,21.598],[108.21,21.506],[108.398,21.533],[108.626,21.68],[108.736,21.628],[108.802,21.627],[108.938,21.59],[109.11,21.568],[109.075,21.49],[109.095,21.419],[109.246,21.425],[109.53,21.437],[109.604,21.524],[109.704,21.463],[109.755,21.556],[109.786,21.638],[109.888,21.652],[109.945,21.844],[110.102,21.87],[110.212,21.886],[110.224,21.882],[110.337,21.888],[110.379,21.94],[110.353,21.976],[110.365,22.126],[110.378,22.165],[110.505,22.143],[110.599,22.163],[110.647,22.221],[110.759,22.275],[110.741,22.362],[110.689,22.478],[110.763,22.518],[110.812,22.576],[110.95,22.611],[111.056,22.649],[111.118,22.745],[111.359,22.889],[111.404,22.991],[111.433,23.073],[111.366,23.145],[111.365,23.24],[111.364,23.341],[111.4,23.469],[111.487,23.627],[111.615,23.659],[111.628,23.789],[111.683,23.823],[111.825,23.833],[111.854,23.948],[111.922,24.012],[111.871,24.177],[111.959,24.264],[112.026,24.295],[112.025,24.439],[112.007,24.535],[111.928,24.629],[111.962,24.721],[111.93,24.756],[111.814,24.77],[111.667,24.761],[111.589,24.691],[111.499,24.668],[111.462,24.729],[111.447,24.893],[111.433,24.98],[111.416,25.048],[111.368,25.109],[111.222,25.107],[111.102,25.035],[110.969,24.975],[110.999,25.161],[111.139,25.304],[111.279,25.423],[111.343,25.603],[111.4,25.744],[111.486,25.859],[111.376,25.906],[111.292,25.854],[111.19,25.953],[111.245,26.078],[111.275,26.183],[111.278,26.272],[111.209,26.304],[111.009,26.359],[110.944,26.327],[110.836,26.256],[110.742,26.314],[110.644,26.309],[110.553,26.283],[110.478,26.18],[110.326,25.976],[110.181,26.06],[110.065,26.05],[110.03,26.166],[109.899,26.095],[109.782,25.997],[109.811,25.878],[109.685,25.88],[109.711,25.954],[109.635,26.047],[109.513,25.998],[109.483,26.03]]],[[[105.096,24.928],[105.096,24.929],[105.078,24.919],[105.082,24.916],[105.096,24.928]]],[[[109.088,21.015],[109.144,21.041],[109.089,21.031],[109.088,21.015]]]]}},{"type":"Feature","properties":{"id":"460000","名称":"海南省","所属省":"海南"},"geometry":{"type":"MultiPolygon","coordinates":[[[[110.106,20.027],[109.965,19.994],[109.814,19.993],[109.658,20.012],[109.499,19.873],[109.301,19.918],[109.231,19.863],[109.147,19.705],[108.993,19.587],[108.806,19.451],[108.645,19.349],[108.599,19.056],[108.596,18.872],[108.664,18.673],[108.689,18.448],[108.905,18.389],[109.109,18.324],[109.288,18.265],[109.467,18.174],[109.662,18.175],[109.785,18.34],[110.071,18.376],[110.214,18.579],[110.368,18.632],[110.578,18.785],[110.62,19.152],[110.73,19.379],[110.888,19.519],[111.062,19.612],[111.014,19.85],[110.871,20.012],[110.745,20.074],[110.656,20.134],[110.495,20.077],[110.289,20.056],[110.106,20.027]]],[[[112.209,3.876],[112.242,3.846],[112.28,3.868],[112.26,3.918],[112.219,3.909],[112.209,3.876]]],[[[113.266,8.126],[113.289,8.119],[113.386,8.289],[113.294,8.176],[113.266,8.126]]],[[[111.997,3.848],[112.015,3.824],[112.064,3.83],[112.074,3.866],[112.034,3.892],[111.997,3.848]]],[[[111.463,17.078],[111.537,17.105],[111.486,17.058],[111.559,17.088],[111.542,17.12],[111.452,17.093],[111.463,17.078]]],[[[117.708,15.183],[117.828,15.112],[117.745,15.218],[117.783,15.187],[117.708,15.183]]],[[[112.242,3.942],[112.292,3.947],[112.288,3.974],[112.254,3.979],[112.242,3.942]]],[[[111.734,16.197],[111.813,16.262],[111.79,16.25],[111.734,16.197]]],[[[111.649,16.256],[111.611,16.157],[111.599,16.198],[111.649,16.256]]],[[[113.897,7.607],[114.059,7.538],[114.369,7.639],[114.464,7.815],[114.54,7.946],[114.415,7.953],[114.095,7.721],[113.897,7.607]]],[[[113.977,8.873],[114.013,8.837],[114.035,8.784],[114.06,8.816],[114.041,8.844],[113.99,8.879],[113.977,8.873]]],[[[113.956,8.84],[113.975,8.793],[114.012,8.798],[113.978,8.841],[113.956,8.84]]],[[[111.975,16.324],[112.002,16.306],[112.076,16.324],[112.075,16.35],[112.047,16.36],[112.003,16.351],[111.975,16.324]]],[[[111.739,16.453],[111.767,16.47],[111.787,16.52],[111.76,16.546],[111.766,16.495],[111.739,16.453]]],[[[112.217,8.866],[112.206,8.888],[112.18,8.862],[112.217,8.866]]],[[[113.792,7.373],[113.829,7.362],[113.829,7.383],[113.792,7.373]]],[[[114.194,8.765],[114.201,8.728],[114.249,8.724],[114.222,8.785],[114.194,8.765]]],[[[112.233,16.996],[112.208,16.987],[112.223,16.961],[112.293,16.968],[112.266,16.994],[112.233,16.996]]],[[[114.69,10.346],[114.703,10.313],[114.726,10.319],[114.748,10.372],[114.717,10.38],[114.69,10.346]]],[[[115.838,9.71],[115.901,9.671],[115.871,9.779],[115.838,9.71]]],[[[114.618,9.966],[114.642,9.917],[114.672,9.928],[114.686,9.979],[114.618,9.966]]],[[[113.769,7.637],[113.774,7.602],[113.815,7.603],[113.832,7.645],[113.769,7.637]]],[[[109.464,7.344],[109.572,7.373],[109.792,7.525],[109.905,7.551],[109.653,7.56],[109.464,7.344]]],[[[116.273,8.879],[116.294,8.858],[116.332,8.901],[116.306,8.917],[116.273,8.879]]],[[[112.477,16.001],[112.57,16.011],[112.612,16.039],[112.588,16.071],[112.462,16.044],[112.449,16.005],[112.477,16.001]]],[[[112.537,8.846],[112.571,8.816],[112.64,8.819],[112.599,8.859],[112.537,8.846]]],[[[114.469,10.836],[114.565,10.836],[114.555,10.901],[114.469,10.836]]],[[[112.409,16.295],[112.476,16.289],[112.509,16.317],[112.409,16.295]]],[[[116.489,10.396],[116.511,10.298],[116.638,10.365],[116.526,10.427],[116.489,10.396]]],[[[112.349,16.912],[112.361,16.925],[112.334,16.962],[112.302,16.963],[112.349,16.912]]],[[[111.5,16.452],[111.495,16.437],[111.546,16.434],[111.538,16.462],[111.5,16.452]]],[[[115.5,9.898],[115.548,9.869],[115.585,9.896],[115.582,9.917],[115.518,9.934],[115.5,9.898]]],[[[114.67,8.21],[114.691,8.185],[114.741,8.189],[114.727,8.211],[114.67,8.21]]],[[[114.508,8.12],[114.53,8.103],[114.596,8.121],[114.624,8.15],[114.596,8.158],[114.508,8.12]]],[[[115.168,8.386],[115.285,8.315],[115.203,8.395],[115.168,8.386]]],[[[113.895,8.005],[113.905,7.964],[113.971,7.945],[113.97,7.975],[113.94,8.018],[113.895,8.005]]],[[[115.436,9.393],[115.45,9.345],[115.47,9.359],[115.456,9.417],[115.436,9.393]]],[[[116.457,9.174],[116.477,9.137],[116.501,9.164],[116.457,9.174]]],[[[113.638,8.977],[113.655,8.962],[113.731,9.004],[113.719,9.02],[113.645,8.989],[113.638,8.977]]],[[[114.697,11.004],[114.71,11.002],[114.793,11.077],[114.8,11.105],[114.767,11.11],[114.71,11.04],[114.697,11.004]]],[[[114.62,11.432],[114.653,11.437],[114.662,11.523],[114.621,11.518],[114.62,11.432]]],[[[114.911,10.863],[114.931,10.842],[114.96,10.902],[114.934,10.903],[114.911,10.863]]],[[[111.573,16.47],[111.579,16.447],[111.614,16.44],[111.593,16.491],[111.573,16.47]]],[[[113.939,8.875],[113.912,8.889],[113.894,8.863],[113.917,8.838],[113.939,8.875]]],[[[109.936,7.849],[110.05,7.846],[110.033,7.945],[109.936,7.849]]],[[[116.727,11.502],[116.765,11.431],[116.772,11.446],[116.738,11.515],[116.727,11.502]]],[[[111.691,16.588],[111.725,16.56],[111.717,16.594],[111.691,16.588]]],[[[112.507,16.466],[112.587,16.526],[112.575,16.537],[112.499,16.494],[112.507,16.466]]],[[[111.761,16.062],[111.792,16.029],[111.829,16.05],[111.83,16.071],[111.761,16.062]]],[[[113.846,10.019],[113.865,10.003],[113.872,10.123],[113.857,10.122],[113.846,10.019]]],[[[114.792,8.161],[114.777,8.114],[114.812,8.111],[114.818,8.141],[114.792,8.161]]],[[[116.557,9.745],[116.566,9.719],[116.594,9.724],[116.557,9.745]]],[[[115.283,10.192],[115.288,10.172],[115.333,10.2],[115.289,10.211],[115.283,10.192]]],[[[116.832,10.477],[116.855,10.469],[116.869,10.496],[116.832,10.477]]],[[[114.703,16.17],[114.817,16.198],[114.803,16.215],[114.704,16.199],[114.703,16.17]]],[[[115.978,9.322],[115.926,9.311],[115.943,9.269],[115.976,9.268],[115.999,9.294],[115.978,9.322]]],[[[113.66,9.231],[113.677,9.203],[113.697,9.226],[113.66,9.231]]],[[[114.666,7.59],[114.672,7.564],[114.722,7.592],[114.704,7.615],[114.666,7.59]]],[[[114.493,10.717],[114.513,10.722],[114.563,10.778],[114.539,10.793],[114.493,10.717]]],[[[117.77,10.773],[117.799,10.753],[117.836,10.804],[117.832,10.839],[117.802,10.84],[117.775,10.809],[117.77,10.773]]],[[[114.242,10.242],[114.263,10.24],[114.326,10.284],[114.313,10.301],[114.265,10.276],[114.242,10.242]]],[[[114.689,11.469],[114.722,11.429],[114.738,11.464],[114.72,11.492],[114.689,11.469]]],[[[116.638,10.504],[116.653,10.491],[116.709,10.493],[116.699,10.518],[116.638,10.504]]],[[[110.46,8.116],[110.471,8.072],[110.554,8.094],[110.6,8.157],[110.568,8.173],[110.462,8.128],[110.46,8.116]]],[[[111.463,8.525],[111.497,8.524],[111.51,8.55],[111.463,8.525]]],[[[115.258,8.51],[115.271,8.477],[115.296,8.511],[115.258,8.51]]],[[[113.222,8.074],[113.236,8.069],[113.283,8.111],[113.27,8.12],[113.222,8.074]]],[[[114.075,10.929],[114.064,10.904],[114.11,10.918],[114.097,10.948],[114.075,10.929]]],[[[117.258,10.32],[117.299,10.314],[117.3,10.343],[117.275,10.358],[117.258,10.32]]],[[[114.213,16.041],[114.312,16.035],[114.306,16.058],[114.269,16.059],[114.213,16.041]]],[[[110.609,8.011],[110.643,7.989],[110.642,8.031],[110.623,8.041],[110.609,8.011]]],[[[115.509,8.491],[115.522,8.46],[115.554,8.461],[115.569,8.49],[115.559,8.523],[115.514,8.519],[115.509,8.491]]],[[[111.539,7.544],[111.543,7.525],[111.583,7.543],[111.612,7.592],[111.567,7.606],[111.539,7.544]]],[[[111.658,8.673],[111.666,8.623],[111.718,8.65],[111.697,8.679],[111.658,8.673]]],[[[110.461,7.8],[110.488,7.783],[110.512,7.806],[110.485,7.828],[110.461,7.8]]],[[[112.346,8.926],[112.393,8.92],[112.385,8.947],[112.346,8.926]]],[[[116.47,9.81],[116.48,9.785],[116.508,9.791],[116.491,9.821],[116.47,9.81]]],[[[111.925,8.071],[111.949,8.051],[111.995,8.047],[112.019,8.066],[112.013,8.093],[111.955,8.106],[111.925,8.071]]],[[[114.457,15.599],[114.467,15.577],[114.492,15.594],[114.457,15.599]]],[[[114.985,11.078],[115.014,11.063],[115.022,11.086],[114.985,11.078]]],[[[114.106,16.004],[114.111,15.978],[114.132,16.008],[114.106,16.004]]],[[[116.045,10.095],[116.067,10.066],[116.096,10.094],[116.07,10.129],[116.045,10.095]]],[[[117.267,10.692],[117.349,10.673],[117.405,10.671],[117.418,10.703],[117.37,10.742],[117.293,10.735],[117.267,10.692]]],[[[114.854,7.245],[114.82,7.193],[114.87,7.199],[114.854,7.245]]],[[[112.823,8.911],[112.86,8.889],[112.873,8.908],[112.823,8.911]]],[[[111.67,7.651],[111.707,7.649],[111.75,7.704],[111.726,7.73],[111.691,7.712],[111.67,7.651]]],[[[112.208,8.836],[112.236,8.827],[112.241,8.853],[112.208,8.836]]],[[[112.528,5.794],[112.532,5.766],[112.563,5.759],[112.562,5.821],[112.528,5.794]]],[[[114.599,8.846],[114.646,8.845],[114.682,8.881],[114.666,8.9],[114.617,8.881],[114.599,8.846]]],[[[114.868,7.984],[114.908,7.951],[114.914,8.007],[114.883,8.012],[114.868,7.984]]],[[[112.945,8.41],[112.985,8.429],[112.95,8.433],[112.945,8.41]]],[[[113.6,6.962],[113.58,6.92],[113.623,6.942],[113.6,6.962]]],[[[116.695,16.346],[116.708,16.3],[116.739,16.304],[116.748,16.36],[116.718,16.374],[116.695,16.346]]],[[[117.348,10.091],[117.354,10.063],[117.386,10.063],[117.374,10.107],[117.348,10.091]]],[[[112.993,19.472],[113.039,19.48],[113.048,19.506],[113.029,19.529],[112.993,19.526],[112.98,19.496],[112.993,19.472]]],[[[114.448,16.034],[114.485,16.035],[114.521,16.056],[114.465,16.067],[114.448,16.034]]],[[[113.832,19.159],[113.92,19.224],[113.8,19.199],[113.832,19.159]]],[[[112.651,5.107],[112.656,5.056],[112.683,5.048],[112.719,5.076],[112.679,5.121],[112.651,5.107]]],[[[111.639,7.907],[111.665,7.887],[111.713,7.887],[111.713,7.927],[111.652,7.933],[111.639,7.907]]],[[[112.244,8.875],[112.281,8.855],[112.289,8.886],[112.244,8.875]]],[[[112.892,7.844],[112.93,7.828],[112.932,7.867],[112.892,7.844]]],[[[112.583,5.562],[112.606,5.518],[112.615,5.466],[112.643,5.489],[112.616,5.569],[112.583,5.562]]],[[[112.523,5.656],[112.545,5.616],[112.566,5.631],[112.561,5.677],[112.529,5.687],[112.523,5.656]]],[[[115.362,13.949],[115.397,13.925],[115.439,13.944],[115.423,13.977],[115.378,13.969],[115.362,13.949]]],[[[113.597,10.241],[113.618,10.222],[113.638,10.243],[113.597,10.241]]],[[[113.861,15.477],[113.894,15.464],[113.89,15.491],[113.861,15.477]]],[[[112.907,4.993],[112.943,4.992],[112.953,5.048],[112.911,5.038],[112.907,4.993]]],[[[112.557,5.109],[112.569,5.072],[112.611,5.091],[112.602,5.12],[112.557,5.109]]],[[[112.35,5.622],[112.386,5.616],[112.385,5.643],[112.35,5.622]]],[[[112.227,16.759],[112.254,16.752],[112.262,16.778],[112.211,16.796],[112.227,16.759]]],[[[112.234,15.696],[112.26,15.735],[112.241,15.741],[112.204,15.714],[112.234,15.696]]],[[[112.612,5.368],[112.64,5.348],[112.685,5.372],[112.691,5.407],[112.624,5.402],[112.612,5.368]]],[[[112.472,5.74],[112.497,5.737],[112.498,5.775],[112.472,5.74]]],[[[113.218,6.306],[113.23,6.285],[113.244,6.326],[113.218,6.306]]],[[[116.153,9.579],[116.189,9.565],[116.188,9.595],[116.153,9.579]]],[[[114.949,7.509],[114.961,7.485],[115.012,7.485],[115.014,7.526],[114.949,7.509]]],[[[111.554,7.808],[111.585,7.771],[111.62,7.84],[111.604,7.862],[111.554,7.808]]],[[[113.939,15.835],[113.973,15.806],[113.971,15.839],[113.939,15.835]]],[[[114.926,16.037],[114.895,16.036],[114.911,16.002],[114.926,16.037]]],[[[116.749,9.057],[116.699,9.049],[116.709,9.024],[116.741,9.028],[116.749,9.057]]],[[[112.647,16.386],[112.682,16.401],[112.66,16.427],[112.647,16.386]]],[[[111.203,19.926],[111.203,19.925],[111.204,19.926],[111.204,19.926],[111.203,19.926]]],[[[115.758,10.461],[115.776,10.434],[115.802,10.463],[115.758,10.461]]],[[[117.214,10.735],[117.187,10.742],[117.207,10.707],[117.214,10.735]]],[[[112.672,16.332],[112.701,16.332],[112.678,16.359],[112.672,16.332]]],[[[115.782,10.541],[115.795,10.5],[115.805,10.525],[115.782,10.541]]],[[[112.512,9.545],[112.509,9.526],[112.569,9.517],[112.567,9.554],[112.512,9.545]]],[[[114.61,15.649],[114.581,15.625],[114.611,15.615],[114.61,15.649]]],[[[117.299,11.078],[117.264,11.063],[117.285,11.025],[117.304,11.027],[117.299,11.078]]],[[[117.691,11.049],[117.653,11.046],[117.656,11.025],[117.691,11.017],[117.691,11.049]]],[[[114.167,9.385],[114.175,9.342],[114.196,9.351],[114.194,9.392],[114.167,9.385]]],[[[114.715,9.737],[114.693,9.741],[114.681,9.707],[114.705,9.7],[114.715,9.737]]],[[[112.554,5.978],[112.553,5.943],[112.576,5.971],[112.554,5.978]]]]}},{"type":"Feature","properties":{"id":"500000","名称":"重庆市","所属省":"重庆"},"geometry":{"type":"MultiPolygon","coordinates":[[[[106.374,28.526],[106.505,28.545],[106.502,28.661],[106.462,28.761],[106.562,28.756],[106.617,28.691],[106.618,28.645],[106.615,28.549],[106.632,28.504],[106.747,28.467],[106.778,28.563],[106.807,28.589],[106.889,28.696],[106.846,28.781],[106.952,28.767],[107.019,28.862],[107.207,28.869],[107.211,28.818],[107.261,28.793],[107.384,28.849],[107.413,28.96],[107.396,29.041],[107.428,29.129],[107.441,29.204],[107.589,29.15],[107.701,29.141],[107.785,29.048],[107.868,28.96],[107.926,29.032],[108.15,29.053],[108.278,29.092],[108.32,28.961],[108.347,28.86],[108.385,28.772],[108.439,28.634],[108.576,28.66],[108.611,28.539],[108.61,28.436],[108.58,28.343],[108.656,28.36],[108.641,28.457],[108.709,28.501],[108.76,28.39],[108.727,28.282],[108.822,28.245],[108.924,28.217],[109.027,28.22],[109.082,28.248],[109.153,28.417],[109.274,28.495],[109.307,28.621],[109.202,28.598],[109.253,28.692],[109.241,28.777],[109.261,28.952],[109.32,29.042],[109.232,29.119],[109.139,29.169],[109.107,29.288],[109.035,29.36],[108.919,29.326],[108.884,29.441],[108.878,29.539],[108.87,29.596],[108.781,29.636],[108.753,29.649],[108.68,29.8],[108.556,29.819],[108.505,29.729],[108.437,29.741],[108.424,29.816],[108.468,29.864],[108.536,29.983],[108.546,30.104],[108.582,30.256],[108.501,30.315],[108.402,30.377],[108.427,30.492],[108.556,30.488],[108.643,30.579],[108.744,30.495],[108.839,30.503],[109.006,30.627],[109.112,30.646],[109.102,30.58],[109.104,30.566],[109.192,30.546],[109.314,30.6],[109.355,30.487],[109.535,30.665],[109.591,30.694],[109.657,30.761],[109.829,30.864],[110.008,30.883],[110.082,30.8],[110.173,30.979],[110.121,31.032],[110.18,31.122],[110.156,31.28],[110.054,31.411],[109.945,31.471],[109.838,31.555],[109.764,31.603],[109.683,31.72],[109.55,31.73],[109.381,31.705],[109.254,31.76],[109.195,31.818],[109.086,31.929],[108.838,32.039],[108.734,32.106],[108.544,32.178],[108.399,32.194],[108.38,32.154],[108.4,32.147],[108.373,32.077],[108.329,32.02],[108.307,31.997],[108.386,31.854],[108.455,31.814],[108.506,31.734],[108.519,31.666],[108.39,31.592],[108.344,31.512],[108.191,31.492],[108.216,31.41],[108.095,31.268],[108.076,31.232],[108.009,31.11],[108.004,31.026],[107.948,30.919],[107.851,30.793],[107.761,30.863],[107.645,30.821],[107.483,30.839],[107.454,30.772],[107.478,30.665],[107.428,30.547],[107.368,30.468],[107.258,30.267],[107.08,30.094],[107.056,30.041],[107.02,30.037],[106.945,30.037],[106.837,30.05],[106.785,30.017],[106.7,30.074],[106.677,30.157],[106.612,30.236],[106.612,30.236],[106.642,30.247],[106.545,30.297],[106.429,30.255],[106.334,30.226],[106.264,30.21],[106.18,30.233],[106.133,30.303],[105.943,30.372],[105.826,30.436],[105.755,30.343],[105.72,30.253],[105.62,30.234],[105.561,30.184],[105.597,30.159],[105.583,30.128],[105.639,30.076],[105.72,30.043],[105.731,29.958],[105.739,29.891],[105.583,29.819],[105.482,29.718],[105.381,29.628],[105.296,29.571],[105.334,29.441],[105.399,29.439],[105.442,29.401],[105.465,29.323],[105.521,29.265],[105.648,29.253],[105.704,29.177],[105.729,29.106],[105.766,29.014],[105.797,28.936],[105.91,28.92],[106.041,28.956],[106.102,28.899],[106.207,28.905],[106.268,28.779],[106.304,28.65],[106.374,28.526]]],[[[109.106,30.585],[109.106,30.611],[109.093,30.579],[109.099,30.579],[109.101,30.579],[109.102,30.58],[109.106,30.585]]],[[[105.583,30.124],[105.583,30.128],[105.581,30.13],[105.574,30.131],[105.583,30.124]]],[[[109.099,30.579],[109.093,30.579],[109.104,30.566],[109.106,30.571],[109.099,30.579]]],[[[107.058,30.043],[107.054,30.044],[107.054,30.041],[107.056,30.041],[107.058,30.043]]]]}},{"type":"Feature","properties":{"id":"510000","名称":"四川省","所属省":"四川"},"geometry":{"type":"MultiPolygon","coordinates":[[[[101.168,27.198],[101.157,27.095],[101.227,26.959],[101.311,26.903],[101.359,26.772],[101.436,26.741],[101.466,26.787],[101.481,26.673],[101.403,26.605],[101.459,26.496],[101.566,26.454],[101.661,26.347],[101.586,26.28],[101.737,26.22],[101.797,26.115],[101.858,26.049],[101.954,26.085],[102.108,26.069],[102.243,26.191],[102.392,26.297],[102.571,26.363],[102.601,26.251],[102.74,26.269],[102.879,26.364],[102.999,26.372],[103.031,26.486],[103.035,26.557],[103.008,26.711],[102.966,26.838],[102.895,27.002],[102.904,27.228],[102.9,27.317],[103.056,27.409],[103.144,27.45],[103.286,27.562],[103.37,27.709],[103.487,27.795],[103.555,27.979],[103.459,28.021],[103.533,28.169],[103.692,28.233],[103.771,28.233],[103.853,28.357],[103.83,28.46],[103.839,28.587],[103.888,28.62],[104.06,28.628],[104.171,28.643],[104.277,28.632],[104.426,28.627],[104.356,28.555],[104.268,28.499],[104.314,28.307],[104.393,28.291],[104.463,28.241],[104.406,28.173],[104.401,28.092],[104.309,28.036],[104.45,27.928],[104.573,27.84],[104.676,27.881],[104.797,27.901],[104.918,27.939],[104.981,28.063],[105.12,28.072],[105.168,28.021],[105.248,28.009],[105.233,27.895],[105.274,27.795],[105.308,27.705],[105.508,27.769],[105.624,27.666],[105.723,27.706],[105.868,27.733],[105.985,27.75],[106.121,27.78],[106.307,27.809],[106.305,27.899],[106.286,28.007],[106.207,28.134],[105.976,28.108],[105.861,28.16],[105.824,28.306],[105.765,28.308],[105.689,28.284],[105.644,28.431],[105.683,28.534],[105.745,28.617],[105.808,28.6],[105.938,28.686],[106.031,28.695],[106.148,28.643],[106.255,28.539],[106.349,28.474],[106.332,28.553],[106.305,28.704],[106.246,28.818],[106.173,28.92],[106.071,28.92],[106.001,28.974],[105.853,28.927],[105.802,28.958],[105.742,29.039],[105.752,29.13],[105.712,29.219],[105.632,29.28],[105.513,29.283],[105.42,29.311],[105.427,29.419],[105.387,29.455],[105.338,29.459],[105.333,29.592],[105.42,29.688],[105.529,29.708],[105.611,29.837],[105.717,29.894],[105.723,29.975],[105.687,30.039],[105.642,30.101],[105.597,30.159],[105.556,30.188],[105.643,30.186],[105.625,30.276],[105.72,30.253],[105.76,30.384],[105.847,30.41],[106.032,30.374],[106.132,30.324],[106.233,30.186],[106.26,30.208],[106.307,30.238],[106.401,30.242],[106.499,30.296],[106.612,30.293],[106.613,30.236],[106.612,30.236],[106.632,30.186],[106.7,30.112],[106.732,30.027],[106.826,30.031],[106.913,30.026],[106.976,30.088],[106.979,30.088],[106.982,30.085],[107.058,30.043],[107.103,30.09],[107.288,30.337],[107.409,30.522],[107.486,30.598],[107.459,30.705],[107.454,30.772],[107.516,30.855],[107.693,30.876],[107.764,30.817],[107.956,30.883],[107.943,30.989],[108.06,31.052],[108.026,31.116],[108.031,31.217],[108.186,31.337],[108.224,31.464],[108.234,31.507],[108.339,31.539],[108.443,31.634],[108.547,31.665],[108.535,31.758],[108.429,31.809],[108.344,31.861],[108.352,31.972],[108.362,32.035],[108.43,32.061],[108.379,32.154],[108.38,32.154],[108.48,32.182],[108.47,32.271],[108.311,32.232],[108.157,32.239],[108.018,32.212],[107.925,32.197],[107.812,32.248],[107.681,32.397],[107.528,32.382],[107.461,32.454],[107.382,32.54],[107.288,32.457],[107.19,32.468],[107.108,32.601],[107.067,32.709],[106.903,32.721],[106.793,32.713],[106.67,32.695],[106.518,32.669],[106.421,32.617],[106.301,32.68],[106.174,32.698],[106.073,32.764],[106.044,32.865],[105.932,32.826],[105.825,32.825],[105.769,32.768],[105.597,32.699],[105.555,32.794],[105.496,32.873],[105.414,32.922],[105.396,32.851],[105.454,32.767],[105.347,32.683],[105.219,32.666],[105.111,32.594],[104.925,32.608],[104.82,32.663],[104.697,32.673],[104.583,32.722],[104.459,32.749],[104.277,32.902],[104.378,32.953],[104.392,33.035],[104.351,33.159],[104.304,33.304],[104.42,33.327],[104.272,33.392],[104.18,33.473],[104.103,33.663],[103.861,33.682],[103.668,33.686],[103.564,33.7],[103.545,33.72],[103.434,33.753],[103.285,33.802],[103.165,33.806],[103.165,33.929],[103.157,33.999],[103.13,34.066],[103.124,34.162],[103.006,34.185],[102.949,34.292],[102.857,34.271],[102.729,34.236],[102.651,34.166],[102.649,34.08],[102.471,34.073],[102.392,33.972],[102.287,33.978],[102.168,33.983],[102.261,33.821],[102.325,33.755],[102.315,33.665],[102.478,33.543],[102.463,33.449],[102.369,33.413],[102.258,33.41],[102.217,33.248],[102.145,33.274],[102.089,33.205],[101.935,33.187],[101.866,33.103],[101.83,33.214],[101.877,33.315],[101.946,33.443],[101.884,33.578],[101.783,33.557],[101.769,33.456],[101.65,33.323],[101.71,33.213],[101.633,33.101],[101.488,33.227],[101.394,33.158],[101.218,33.257],[101.125,33.221],[101.144,33.086],[101.172,33.01],[101.135,32.952],[101.224,32.856],[101.157,32.661],[101.031,32.66],[100.932,32.6],[100.771,32.644],[100.71,32.61],[100.658,32.547],[100.545,32.57],[100.451,32.695],[100.399,32.756],[100.231,32.696],[100.19,32.631],[100.139,32.724],[100.065,32.896],[99.956,32.948],[99.877,32.993],[99.788,32.957],[99.767,32.826],[99.701,32.767],[99.589,32.789],[99.376,32.9],[99.247,32.924],[99.196,33.035],[99.024,33.095],[98.967,33.115],[98.805,33.219],[98.78,33.37],[98.726,33.503],[98.652,33.595],[98.657,33.647],[98.54,33.746],[98.493,33.796],[98.407,33.867],[98.441,33.982],[98.4,34.085],[98.206,34.084],[98.028,34.123],[97.81,34.208],[97.79,34.183],[97.666,34.127],[97.66,33.956],[97.522,33.903],[97.395,33.889],[97.373,33.818],[97.418,33.729],[97.45,33.582],[97.552,33.466],[97.754,33.41],[97.608,33.264],[97.498,33.138],[97.543,33.036],[97.438,32.976],[97.376,32.886],[97.429,32.714],[97.535,32.638],[97.617,32.586],[97.796,32.521],[97.88,32.486],[98.107,32.392],[98.209,32.318],[98.26,32.209],[98.405,32.045],[98.433,31.923],[98.415,31.832],[98.517,31.717],[98.619,31.592],[98.715,31.509],[98.887,31.375],[98.773,31.249],[98.616,31.304],[98.603,31.192],[98.712,31.083],[98.806,30.996],[98.797,30.879],[98.958,30.765],[98.922,30.609],[98.932,30.522],[98.987,30.281],[98.981,30.183],[99.037,30.054],[99.024,29.846],[99.015,29.608],[99.067,29.421],[99.114,29.244],[99.118,29.101],[99.124,28.89],[99.134,28.735],[99.184,28.589],[99.187,28.44],[99.23,28.351],[99.306,28.228],[99.393,28.318],[99.427,28.454],[99.464,28.549],[99.541,28.623],[99.615,28.74],[99.677,28.81],[99.755,28.701],[99.834,28.628],[99.919,28.599],[100.074,28.426],[100.176,28.325],[100.153,28.208],[100.062,28.194],[100.057,28.098],[100.197,27.936],[100.309,27.861],[100.305,27.789],[100.35,27.756],[100.504,27.852],[100.609,27.859],[100.719,27.858],[100.775,27.743],[100.828,27.616],[100.901,27.453],[101.022,27.333],[101.072,27.195],[101.168,27.198]]],[[[106.264,30.21],[106.26,30.208],[106.26,30.204],[106.26,30.197],[106.264,30.21]]],[[[106.977,30.088],[106.982,30.085],[106.979,30.088],[106.977,30.088]]],[[[105.559,30.185],[105.556,30.188],[105.551,30.179],[105.561,30.184],[105.559,30.185]]]]}},{"type":"Feature","properties":{"id":"520000","名称":"贵州省","所属省":"贵州"},"geometry":{"type":"MultiPolygon","coordinates":[[[[109.274,28.495],[109.153,28.417],[109.082,28.248],[109.027,28.22],[108.924,28.217],[108.822,28.245],[108.727,28.282],[108.76,28.39],[108.709,28.501],[108.641,28.457],[108.656,28.36],[108.58,28.343],[108.61,28.436],[108.611,28.539],[108.576,28.66],[108.439,28.634],[108.385,28.772],[108.347,28.86],[108.32,28.961],[108.278,29.092],[108.15,29.053],[107.926,29.032],[107.868,28.96],[107.785,29.048],[107.701,29.141],[107.589,29.15],[107.441,29.204],[107.428,29.129],[107.396,29.041],[107.413,28.96],[107.384,28.849],[107.261,28.793],[107.211,28.818],[107.207,28.869],[107.019,28.862],[106.952,28.767],[106.846,28.781],[106.889,28.696],[106.807,28.589],[106.778,28.563],[106.747,28.467],[106.632,28.504],[106.615,28.549],[106.618,28.645],[106.617,28.691],[106.562,28.756],[106.462,28.761],[106.502,28.661],[106.505,28.545],[106.374,28.526],[106.305,28.505],[106.185,28.589],[106.103,28.636],[106.001,28.744],[105.89,28.671],[105.784,28.611],[105.713,28.587],[105.624,28.518],[105.655,28.363],[105.73,28.272],[105.765,28.308],[105.848,28.256],[105.895,28.12],[106.094,28.163],[106.267,28.067],[106.328,27.953],[106.325,27.899],[106.243,27.767],[106.064,27.777],[105.928,27.73],[105.848,27.707],[105.72,27.684],[105.605,27.716],[105.44,27.775],[105.296,27.632],[105.233,27.547],[105.233,27.436],[105.121,27.419],[104.913,27.327],[104.857,27.332],[104.754,27.346],[104.54,27.328],[104.363,27.468],[104.248,27.337],[104.173,27.263],[104.017,27.384],[103.932,27.444],[103.874,27.331],[103.802,27.25],[103.633,27.121],[103.66,27.066],[103.624,27.035],[103.705,27.049],[103.775,26.951],[103.722,26.851],[103.773,26.717],[103.763,26.585],[103.866,26.512],[104.068,26.515],[104.161,26.647],[104.275,26.634],[104.398,26.686],[104.46,26.603],[104.58,26.568],[104.639,26.478],[104.665,26.398],[104.593,26.318],[104.519,26.166],[104.46,26.086],[104.415,25.91],[104.398,25.762],[104.31,25.648],[104.429,25.576],[104.435,25.472],[104.524,25.527],[104.567,25.403],[104.64,25.296],[104.816,25.263],[104.823,25.17],[104.724,25.195],[104.686,25.078],[104.713,24.996],[104.587,24.873],[104.53,24.732],[104.703,24.646],[104.842,24.676],[105.034,24.788],[105.078,24.919],[105.157,24.959],[105.252,24.967],[105.365,24.943],[105.493,24.833],[105.608,24.804],[105.767,24.719],[105.942,24.725],[106.047,24.684],[106.173,24.76],[106.145,24.954],[106.254,24.971],[106.442,25.019],[106.551,25.083],[106.645,25.165],[106.765,25.183],[106.888,25.182],[106.976,25.233],[106.988,25.359],[107.016,25.496],[107.186,25.579],[107.232,25.557],[107.308,25.433],[107.376,25.412],[107.433,25.289],[107.472,25.214],[107.6,25.251],[107.662,25.259],[107.742,25.24],[107.789,25.155],[107.872,25.141],[108.081,25.194],[108.152,25.324],[108.162,25.445],[108.241,25.462],[108.349,25.536],[108.419,25.443],[108.589,25.335],[108.6,25.432],[108.689,25.534],[108.686,25.587],[108.784,25.628],[108.815,25.527],[108.889,25.543],[109.088,25.551],[109.075,25.694],[109.008,25.735],[108.9,25.682],[108.964,25.733],[109.048,25.791],[109.144,25.795],[109.207,25.788],[109.34,25.732],[109.359,25.836],[109.409,25.967],[109.453,26.056],[109.514,26.128],[109.467,26.314],[109.351,26.264],[109.271,26.328],[109.381,26.454],[109.381,26.519],[109.355,26.659],[109.284,26.698],[109.448,26.76],[109.467,26.832],[109.555,26.947],[109.487,27.054],[109.441,27.118],[109.335,27.139],[109.217,27.115],[109.129,27.123],[108.94,27.045],[108.878,27.016],[108.927,27.16],[108.984,27.268],[109.104,27.337],[109.167,27.418],[109.3,27.424],[109.462,27.568],[109.457,27.674],[109.367,27.722],[109.347,27.838],[109.32,27.989],[109.336,28.063],[109.338,28.142],[109.388,28.268],[109.275,28.313],[109.264,28.393],[109.274,28.495]]],[[[109.476,26.83],[109.522,26.749],[109.51,26.878],[109.467,26.832],[109.476,26.83]]],[[[109.529,26.744],[109.568,26.726],[109.597,26.756],[109.555,26.735],[109.529,26.744]]]]}},{"type":"Feature","properties":{"id":"530000","名称":"云南省","所属省":"云南"},"geometry":{"type":"MultiPolygon","coordinates":[[[[105.308,27.705],[105.274,27.795],[105.233,27.895],[105.248,28.009],[105.168,28.021],[105.12,28.072],[104.981,28.063],[104.918,27.939],[104.797,27.901],[104.676,27.881],[104.573,27.84],[104.45,27.928],[104.309,28.036],[104.401,28.092],[104.406,28.173],[104.463,28.241],[104.393,28.291],[104.314,28.307],[104.268,28.499],[104.356,28.555],[104.426,28.627],[104.277,28.632],[104.171,28.643],[104.06,28.628],[103.888,28.62],[103.839,28.587],[103.83,28.46],[103.853,28.357],[103.771,28.233],[103.692,28.233],[103.533,28.169],[103.459,28.021],[103.555,27.979],[103.487,27.795],[103.37,27.709],[103.286,27.562],[103.144,27.45],[103.056,27.409],[102.9,27.317],[102.904,27.228],[102.895,27.002],[102.966,26.838],[103.008,26.711],[103.035,26.557],[103.031,26.486],[102.999,26.372],[102.879,26.364],[102.74,26.269],[102.601,26.251],[102.571,26.363],[102.392,26.297],[102.243,26.191],[102.108,26.069],[101.954,26.085],[101.858,26.049],[101.797,26.115],[101.737,26.22],[101.586,26.28],[101.661,26.347],[101.566,26.454],[101.459,26.496],[101.403,26.605],[101.481,26.673],[101.466,26.787],[101.436,26.741],[101.359,26.772],[101.311,26.903],[101.227,26.959],[101.157,27.095],[101.168,27.198],[101.072,27.195],[101.022,27.333],[100.901,27.453],[100.828,27.616],[100.775,27.743],[100.719,27.858],[100.609,27.859],[100.504,27.852],[100.35,27.756],[100.305,27.789],[100.309,27.861],[100.197,27.936],[100.057,28.098],[100.062,28.194],[100.153,28.208],[100.176,28.325],[100.074,28.426],[99.919,28.599],[99.834,28.628],[99.755,28.701],[99.677,28.81],[99.615,28.74],[99.541,28.623],[99.464,28.549],[99.427,28.454],[99.393,28.318],[99.306,28.228],[99.23,28.351],[99.187,28.44],[99.184,28.589],[99.134,28.735],[99.124,28.89],[99.118,29.101],[99.037,29.208],[98.961,29.166],[99.013,29.037],[98.974,28.865],[98.913,28.801],[98.822,28.921],[98.702,28.964],[98.657,28.91],[98.652,28.817],[98.594,28.668],[98.626,28.489],[98.74,28.348],[98.712,28.229],[98.559,28.183],[98.429,28.105],[98.37,28.184],[98.318,28.325],[98.208,28.331],[98.217,28.213],[98.139,28.142],[98.143,27.949],[98.169,27.851],[98.283,27.655],[98.338,27.509],[98.43,27.654],[98.535,27.621],[98.583,27.571],[98.707,27.553],[98.687,27.425],[98.741,27.33],[98.723,27.221],[98.713,27.076],[98.733,27.002],[98.762,26.799],[98.763,26.66],[98.753,26.559],[98.75,26.424],[98.673,26.24],[98.713,26.156],[98.656,26.14],[98.603,26.055],[98.687,25.926],[98.641,25.799],[98.477,25.777],[98.41,25.664],[98.315,25.543],[98.19,25.569],[98.158,25.457],[98.1,25.354],[98.007,25.279],[97.876,25.257],[97.743,25.078],[97.717,24.978],[97.797,24.846],[97.652,24.791],[97.57,24.708],[97.53,24.443],[97.68,24.401],[97.665,24.297],[97.73,24.227],[97.749,24.161],[97.701,24.093],[97.629,24.005],[97.528,23.927],[97.647,23.841],[97.728,23.896],[97.81,23.943],[97.902,24.014],[98.091,24.086],[98.126,24.093],[98.22,24.114],[98.482,24.122],[98.594,24.08],[98.719,24.128],[98.877,24.151],[98.774,24.022],[98.673,23.961],[98.702,23.834],[98.785,23.782],[98.836,23.684],[98.882,23.595],[98.826,23.47],[98.921,23.361],[98.937,23.31],[98.907,23.186],[99.048,23.115],[99.255,23.078],[99.38,23.1],[99.528,23.066],[99.563,22.926],[99.436,22.914],[99.385,22.762],[99.34,22.709],[99.382,22.493],[99.278,22.346],[99.208,22.232],[99.156,22.16],[99.355,22.096],[99.517,22.1],[99.582,22.103],[99.763,22.068],[99.972,22.053],[99.982,21.919],[99.991,21.704],[100.132,21.7],[100.123,21.565],[100.185,21.516],[100.299,21.478],[100.483,21.459],[100.692,21.511],[100.789,21.571],[100.87,21.673],[100.936,21.694],[101.09,21.774],[101.117,21.691],[101.147,21.56],[101.225,21.499],[101.143,21.409],[101.247,21.276],[101.388,21.226],[101.602,21.233],[101.672,21.195],[101.795,21.208],[101.792,21.286],[101.75,21.409],[101.755,21.538],[101.829,21.617],[101.768,21.716],[101.74,21.846],[101.701,21.939],[101.626,22.006],[101.597,22.161],[101.626,22.283],[101.672,22.475],[101.825,22.457],[101.901,22.384],[102.046,22.458],[102.179,22.43],[102.323,22.554],[102.384,22.68],[102.511,22.775],[102.607,22.731],[102.801,22.62],[102.892,22.533],[103.031,22.441],[103.183,22.559],[103.22,22.644],[103.321,22.778],[103.441,22.753],[103.509,22.601],[103.568,22.701],[103.743,22.698],[103.864,22.584],[103.965,22.502],[104.022,22.593],[104.09,22.768],[104.262,22.842],[104.273,22.738],[104.422,22.735],[104.596,22.846],[104.733,22.852],[104.846,22.926],[104.804,23.11],[104.913,23.176],[105.093,23.261],[105.238,23.264],[105.354,23.362],[105.446,23.293],[105.526,23.235],[105.65,23.346],[105.638,23.404],[105.806,23.468],[105.892,23.525],[105.986,23.489],[106.072,23.495],[106.121,23.605],[106.137,23.795],[106.193,23.879],[106.091,23.999],[106.05,24.09],[105.964,24.111],[105.908,24.069],[105.842,24.031],[105.765,24.074],[105.65,24.033],[105.534,24.13],[105.396,24.066],[105.273,24.093],[105.2,24.105],[105.243,24.209],[105.197,24.326],[105.112,24.372],[104.98,24.413],[104.836,24.447],[104.748,24.436],[104.721,24.34],[104.611,24.377],[104.576,24.425],[104.49,24.653],[104.54,24.814],[104.664,24.965],[104.62,25.061],[104.732,25.168],[104.802,25.163],[104.827,25.236],[104.69,25.296],[104.616,25.365],[104.557,25.525],[104.45,25.495],[104.436,25.52],[104.333,25.599],[104.371,25.73],[104.442,25.869],[104.471,26.009],[104.528,26.114],[104.543,26.253],[104.684,26.377],[104.632,26.452],[104.571,26.524],[104.488,26.58],[104.424,26.709],[104.314,26.613],[104.222,26.62],[104.068,26.573],[103.953,26.521],[103.816,26.552],[103.759,26.689],[103.706,26.795],[103.763,26.906],[103.732,27.019],[103.623,27.007],[103.614,27.079],[103.621,27.097],[103.749,27.21],[103.866,27.282],[103.905,27.386],[104.015,27.429],[104.114,27.338],[104.249,27.292],[104.309,27.407],[104.497,27.415],[104.612,27.307],[104.825,27.353],[104.871,27.291],[105.068,27.419],[105.183,27.367],[105.26,27.515],[105.305,27.612],[105.308,27.705]]]]}},{"type":"Feature","properties":{"id":"540000","名称":"西藏自治区","所属省":"西藏"},"geometry":{"type":"MultiPolygon","coordinates":[[[[89.711,36.093],[89.49,36.151],[89.293,36.231],[89.127,36.255],[89.014,36.315],[88.871,36.348],[88.784,36.292],[88.624,36.39],[88.499,36.447],[88.357,36.477],[88.242,36.469],[88.135,36.427],[87.983,36.438],[87.838,36.384],[87.732,36.385],[87.471,36.355],[87.387,36.413],[87.292,36.359],[87.149,36.298],[86.996,36.309],[86.887,36.263],[86.746,36.292],[86.532,36.227],[86.393,36.207],[86.249,36.142],[86.2,36.048],[86.129,35.942],[86.053,35.843],[85.904,35.785],[85.691,35.751],[85.566,35.64],[85.341,35.754],[85.053,35.752],[84.92,35.696],[84.704,35.617],[84.513,35.564],[84.453,35.473],[84.275,35.404],[84.141,35.379],[84.006,35.423],[83.798,35.355],[83.622,35.335],[83.54,35.364],[83.405,35.381],[83.251,35.418],[83.089,35.425],[82.972,35.548],[82.968,35.667],[82.795,35.688],[82.652,35.673],[82.502,35.701],[82.393,35.656],[82.328,35.559],[82.234,35.521],[82.087,35.468],[82.029,35.426],[81.991,35.306],[81.854,35.259],[81.686,35.236],[81.448,35.318],[81.364,35.355],[81.266,35.323],[81.142,35.365],[81.054,35.403],[81.003,35.335],[80.924,35.331],[80.76,35.335],[80.656,35.394],[80.533,35.405],[80.433,35.449],[80.287,35.353],[80.258,35.203],[80.118,35.066],[80.044,35.022],[80.034,34.902],[79.961,34.863],[79.898,34.732],[79.886,34.643],[79.802,34.479],[79.676,34.451],[79.505,34.455],[79.327,34.443],[79.18,34.423],[79.039,34.422],[79.04,34.335],[78.958,34.231],[78.91,34.143],[78.802,34.137],[78.656,34.03],[78.734,33.919],[78.766,33.823],[78.692,33.676],[78.755,33.623],[78.85,33.42],[78.968,33.334],[79.084,33.245],[79.152,33.184],[79.163,33.012],[79.228,32.89],[79.276,32.779],[79.3,32.637],[79.252,32.517],[79.136,32.472],[79.068,32.381],[78.904,32.375],[78.782,32.48],[78.742,32.655],[78.675,32.658],[78.578,32.615],[78.425,32.566],[78.473,32.435],[78.481,32.329],[78.43,32.212],[78.51,32.147],[78.607,32.024],[78.769,31.926],[78.655,31.819],[78.799,31.676],[78.834,31.585],[78.73,31.478],[78.76,31.392],[78.859,31.289],[78.924,31.247],[78.974,31.116],[79.097,30.992],[79.228,30.949],[79.358,31.031],[79.427,31.018],[79.598,30.926],[79.73,30.941],[79.891,30.855],[79.961,30.771],[80.014,30.662],[80.214,30.586],[80.358,30.521],[80.505,30.483],[80.633,30.459],[80.817,30.321],[80.996,30.268],[81.082,30.151],[81.096,30.053],[81.256,30.012],[81.293,30.095],[81.394,30.199],[81.406,30.292],[81.406,30.369],[81.418,30.421],[81.556,30.369],[81.63,30.447],[81.872,30.373],[81.991,30.323],[82.105,30.346],[82.114,30.227],[82.207,30.143],[82.247,30.072],[82.368,30.014],[82.475,29.974],[82.609,29.887],[82.704,29.848],[82.757,29.762],[82.831,29.688],[82.967,29.659],[83.129,29.624],[83.218,29.6],[83.325,29.503],[83.423,29.361],[83.492,29.28],[83.596,29.174],[83.728,29.245],[83.851,29.295],[83.987,29.325],[84.117,29.286],[84.198,29.21],[84.207,29.119],[84.225,29.049],[84.234,28.89],[84.34,28.867],[84.434,28.824],[84.557,28.746],[84.669,28.681],[84.773,28.61],[84.982,28.586],[85.126,28.676],[85.184,28.587],[85.109,28.461],[85.18,28.324],[85.35,28.298],[85.459,28.333],[85.601,28.254],[85.721,28.372],[85.854,28.172],[85.901,28.054],[86.002,27.907],[86.083,28.018],[86.14,28.115],[86.206,28.084],[86.309,27.951],[86.45,27.909],[86.513,27.997],[86.569,28.103],[86.648,28.069],[86.748,28.09],[86.828,28.012],[86.927,27.986],[87.081,27.911],[87.228,27.813],[87.317,27.827],[87.418,27.826],[87.598,27.815],[87.728,27.803],[87.827,27.928],[88.037,27.902],[88.138,27.879],[88.204,27.943],[88.358,27.986],[88.469,28.01],[88.565,28.083],[88.676,28.068],[88.843,28.006],[88.888,27.847],[88.85,27.711],[88.813,27.607],[88.783,27.467],[88.868,27.382],[88.912,27.273],[89.068,27.24],[89.183,27.374],[89.109,27.538],[89.132,27.633],[89.296,27.848],[89.462,28.032],[89.606,28.162],[89.79,28.241],[89.976,28.189],[90.073,28.155],[90.167,28.188],[90.297,28.154],[90.437,28.063],[90.569,28.044],[90.741,28.053],[90.853,27.969],[90.977,27.936],[91.113,27.846],[91.163,27.968],[91.31,28.058],[91.487,27.937],[91.619,27.857],[91.61,27.819],[91.571,27.651],[91.565,27.582],[91.663,27.507],[91.84,27.49],[92.022,27.445],[92.091,27.264],[92.032,27.168],[92.076,27.041],[92.198,26.87],[92.497,26.922],[92.682,26.948],[93.05,26.884],[93.568,26.938],[93.817,27.025],[93.971,27.305],[94.221,27.536],[94.4,27.589],[94.525,27.596],[94.781,27.699],[94.948,27.792],[95.286,27.94],[95.372,28.11],[95.528,28.183],[95.788,28.27],[95.9,28.278],[95.989,28.198],[96.194,28.213],[96.367,28.119],[96.426,28.162],[96.538,28.075],[96.691,27.949],[96.81,27.89],[96.973,27.861],[97.063,27.743],[97.168,27.812],[97.324,27.881],[97.379,27.97],[97.376,28.063],[97.34,28.105],[97.363,28.199],[97.402,28.28],[97.469,28.303],[97.485,28.386],[97.508,28.465],[97.604,28.515],[97.737,28.466],[97.801,28.327],[97.908,28.363],[98.033,28.187],[98.097,28.166],[98.169,28.206],[98.232,28.315],[98.301,28.384],[98.378,28.246],[98.389,28.115],[98.494,28.141],[98.65,28.2],[98.747,28.321],[98.674,28.479],[98.638,28.552],[98.684,28.74],[98.644,28.895],[98.656,28.977],[98.786,28.999],[98.853,28.798],[98.973,28.832],[98.926,28.979],[98.967,29.128],[99.024,29.189],[99.114,29.244],[99.067,29.421],[99.015,29.608],[99.024,29.846],[99.037,30.054],[98.981,30.183],[98.987,30.281],[98.932,30.522],[98.922,30.609],[98.958,30.765],[98.797,30.879],[98.806,30.996],[98.712,31.083],[98.603,31.192],[98.616,31.304],[98.773,31.249],[98.887,31.375],[98.715,31.509],[98.619,31.592],[98.517,31.717],[98.415,31.832],[98.433,31.923],[98.405,32.045],[98.26,32.209],[98.209,32.318],[98.107,32.392],[97.88,32.486],[97.796,32.521],[97.671,32.517],[97.464,32.555],[97.374,32.547],[97.335,32.514],[97.388,32.427],[97.371,32.273],[97.264,32.182],[97.293,32.097],[97.22,32.109],[97.215,32.043],[97.127,32.044],[96.936,32.048],[96.894,32.014],[96.824,32.008],[96.753,31.944],[96.795,31.869],[96.799,31.792],[96.779,31.676],[96.661,31.706],[96.519,31.749],[96.408,31.846],[96.253,31.93],[96.215,31.877],[96.178,31.775],[96.252,31.698],[96.208,31.599],[96.136,31.702],[95.984,31.817],[95.854,31.714],[95.634,31.782],[95.512,31.75],[95.406,31.897],[95.361,31.959],[95.421,32.034],[95.406,32.182],[95.315,32.149],[95.24,32.287],[95.207,32.297],[95.097,32.322],[95.228,32.364],[95.082,32.385],[95.057,32.395],[94.912,32.416],[94.807,32.486],[94.737,32.587],[94.591,32.641],[94.463,32.572],[94.372,32.525],[94.292,32.503],[94.177,32.454],[94.049,32.47],[93.96,32.485],[93.851,32.51],[93.722,32.578],[93.517,32.476],[93.463,32.556],[93.339,32.571],[93.26,32.627],[93.177,32.67],[93.07,32.626],[93.001,32.741],[92.867,32.698],[92.757,32.743],[92.635,32.721],[92.484,32.745],[92.356,32.765],[92.255,32.721],[92.194,32.802],[92.146,32.886],[92.019,32.83],[91.858,32.902],[91.753,32.969],[91.583,33.038],[91.496,33.109],[91.312,33.108],[91.188,33.106],[91.072,33.113],[90.928,33.12],[90.803,33.114],[90.627,33.18],[90.406,33.261],[90.247,33.424],[90.089,33.479],[89.984,33.612],[89.984,33.726],[89.942,33.801],[89.795,33.865],[89.688,33.96],[89.657,34.058],[89.757,34.125],[89.817,34.169],[89.867,34.325],[89.799,34.396],[89.815,34.549],[89.748,34.642],[89.799,34.744],[89.839,34.866],[89.788,34.922],[89.67,34.888],[89.591,35.058],[89.519,35.134],[89.486,35.257],[89.516,35.331],[89.62,35.412],[89.739,35.468],[89.72,35.502],[89.751,35.581],[89.749,35.663],[89.767,35.799],[89.708,35.849],[89.551,35.857],[89.428,35.917],[89.418,36.045],[89.689,36.091],[89.711,36.093]]]]}},{"type":"Feature","properties":{"id":"610000","名称":"陕西省","所属省":"陕西"},"geometry":{"type":"MultiPolygon","coordinates":[[[[110.379,34.601],[110.23,34.693],[110.231,34.881],[110.374,35.134],[110.375,35.252],[110.531,35.511],[110.61,35.632],[110.55,35.838],[110.517,35.919],[110.493,35.994],[110.447,36.164],[110.474,36.307],[110.49,36.43],[110.489,36.557],[110.427,36.657],[110.438,36.686],[110.424,36.818],[110.376,36.882],[110.382,37.002],[110.417,37.027],[110.536,37.115],[110.651,37.257],[110.679,37.318],[110.631,37.373],[110.759,37.475],[110.772,37.595],[110.775,37.681],[110.751,37.736],[110.594,37.922],[110.508,38.013],[110.509,38.192],[110.578,38.297],[110.701,38.353],[110.797,38.454],[110.871,38.51],[110.898,38.587],[110.915,38.704],[110.996,38.868],[110.98,38.97],[111.094,39.03],[111.174,39.135],[111.213,39.257],[111.179,39.327],[111.159,39.363],[111.098,39.402],[111.106,39.473],[111.155,39.569],[111.017,39.552],[110.87,39.494],[110.732,39.307],[110.597,39.283],[110.524,39.383],[110.43,39.341],[110.244,39.424],[110.137,39.392],[110.218,39.281],[109.962,39.212],[109.961,39.192],[109.891,39.104],[109.762,39.057],[109.685,38.968],[109.55,38.806],[109.404,38.721],[109.367,38.628],[109.197,38.553],[109.054,38.434],[108.962,38.265],[108.964,38.155],[109.07,38.023],[108.983,37.964],[108.894,37.978],[108.797,38.048],[108.792,37.873],[108.792,37.7],[108.7,37.669],[108.485,37.678],[108.293,37.657],[108.194,37.638],[108.025,37.65],[107.993,37.735],[107.843,37.829],[107.65,37.864],[107.621,37.776],[107.499,37.766],[107.387,37.691],[107.361,37.613],[107.369,37.587],[107.283,37.437],[107.309,37.239],[107.337,37.166],[107.281,37.127],[107.288,37.008],[107.292,36.98],[107.365,36.905],[107.54,36.829],[107.67,36.833],[107.768,36.793],[107.914,36.721],[108.007,36.683],[108.061,36.592],[108.164,36.564],[108.205,36.607],[108.246,36.571],[108.365,36.52],[108.461,36.423],[108.51,36.474],[108.651,36.385],[108.713,36.139],[108.66,35.991],[108.563,35.921],[108.528,35.824],[108.539,35.606],[108.606,35.503],[108.615,35.329],[108.489,35.275],[108.297,35.268],[108.175,35.305],[107.95,35.245],[107.842,35.277],[107.667,35.257],[107.716,35.168],[107.769,35.064],[107.814,35.025],[107.842,34.979],[107.639,34.935],[107.524,34.91],[107.369,34.918],[107.253,34.881],[107.12,34.95],[107.013,35.029],[106.902,35.095],[106.706,35.082],[106.542,35.084],[106.495,35.006],[106.528,34.877],[106.575,34.77],[106.487,34.715],[106.471,34.634],[106.341,34.568],[106.514,34.512],[106.611,34.454],[106.691,34.338],[106.653,34.244],[106.577,34.281],[106.532,34.254],[106.56,34.109],[106.472,34.024],[106.428,33.866],[106.462,33.79],[106.535,33.695],[106.54,33.513],[106.385,33.612],[106.238,33.564],[106.118,33.603],[105.972,33.613],[105.871,33.511],[105.838,33.411],[105.755,33.329],[105.799,33.258],[105.965,33.204],[105.897,33.147],[105.915,33.066],[105.862,32.939],[105.657,32.895],[105.566,32.907],[105.496,32.873],[105.555,32.794],[105.597,32.699],[105.769,32.768],[105.825,32.825],[105.932,32.826],[106.044,32.865],[106.073,32.764],[106.071,32.758],[106.255,32.694],[106.348,32.671],[106.451,32.66],[106.586,32.688],[106.734,32.739],[106.823,32.705],[106.913,32.704],[107.06,32.686],[107.08,32.542],[107.212,32.429],[107.314,32.49],[107.436,32.53],[107.457,32.418],[107.598,32.412],[107.708,32.332],[107.864,32.201],[107.98,32.146],[108.087,32.233],[108.18,32.221],[108.39,32.264],[108.507,32.246],[108.585,32.172],[108.751,32.076],[108.902,31.985],[109.123,31.893],[109.276,31.799],[109.283,31.743],[109.446,31.723],[109.586,31.727],[109.634,31.825],[109.62,31.928],[109.591,32.048],[109.604,32.199],[109.529,32.27],[109.503,32.389],[109.576,32.507],[109.632,32.6],[109.817,32.577],[110.018,32.547],[110.124,32.617],[110.157,32.683],[110.142,32.803],[109.989,32.886],[109.857,32.91],[109.764,32.91],[109.704,33.102],[109.522,33.139],[109.499,33.207],[109.62,33.276],[109.733,33.231],[109.917,33.23],[110.031,33.192],[110.286,33.171],[110.398,33.177],[110.541,33.255],[110.624,33.144],[110.753,33.15],[110.865,33.214],[110.985,33.255],[110.996,33.436],[111.022,33.476],[111.004,33.579],[110.824,33.686],[110.782,33.796],[110.663,33.853],[110.629,33.91],[110.671,33.966],[110.592,34.102],[110.622,34.177],[110.508,34.218],[110.452,34.293],[110.403,34.433],[110.373,34.544],[110.379,34.601]]],[[[111.027,33.478],[111.022,33.476],[111.021,33.471],[111.027,33.468],[111.027,33.478]]],[[[106.077,32.764],[106.073,32.764],[106.071,32.758],[106.076,32.759],[106.077,32.764]]]]}},{"type":"Feature","properties":{"id":"620000","名称":"甘肃省","所属省":"甘肃"},"geometry":{"type":"MultiPolygon","coordinates":[[[[106.506,35.737],[106.493,35.733],[106.479,35.575],[106.466,35.481],[106.504,35.415],[106.416,35.276],[106.32,35.265],[106.196,35.41],[106.113,35.362],[106.068,35.436],[106.07,35.458],[106.034,35.469],[105.898,35.451],[106.023,35.494],[105.869,35.54],[105.8,35.565],[105.713,35.651],[105.724,35.726],[105.702,35.733],[105.482,35.727],[105.429,35.819],[105.371,35.844],[105.325,35.942],[105.431,36.104],[105.479,36.213],[105.476,36.293],[105.401,36.37],[105.362,36.496],[105.252,36.553],[105.22,36.631],[105.218,36.73],[105.32,36.743],[105.303,36.821],[105.179,36.892],[105.129,36.996],[105.005,37.035],[104.915,37.098],[104.856,37.212],[104.638,37.202],[104.651,37.291],[104.662,37.368],[104.499,37.421],[104.365,37.418],[104.238,37.412],[103.936,37.573],[103.683,37.778],[103.362,38.038],[103.508,38.281],[103.859,38.645],[104.173,38.944],[104.207,39.084],[104.073,39.352],[103.853,39.462],[103.429,39.353],[103.188,39.215],[102.884,39.121],[102.453,39.255],[102.05,39.141],[101.834,39.089],[102.046,38.905],[101.874,38.734],[101.602,38.655],[101.331,38.777],[101.335,38.847],[101.199,38.943],[100.97,38.947],[100.875,39.003],[100.864,39.107],[100.708,39.405],[100.501,39.481],[100.301,39.572],[100.128,39.702],[99.905,39.786],[99.469,39.875],[99.491,39.884],[99.751,40.007],[99.956,40.151],[100.169,40.541],[100.225,40.727],[99.986,40.91],[99.175,40.858],[99.102,40.676],[98.791,40.706],[98.763,40.64],[98.668,40.773],[98.344,40.568],[98.185,40.988],[97.903,41.168],[97.847,41.656],[97.371,42.457],[96.742,42.757],[96.104,42.604],[96.017,42.482],[96.042,42.353],[96.077,42.15],[96.117,41.986],[95.855,41.85],[95.656,41.826],[95.394,41.694],[95.248,41.613],[95.165,41.736],[95.012,41.727],[94.809,41.619],[94.184,41.268],[93.81,40.88],[93.506,40.648],[92.907,40.311],[92.688,39.657],[92.378,39.258],[92.366,39.096],[92.459,39.043],[92.546,39.111],[92.867,39.139],[92.978,39.143],[93.142,39.161],[93.198,39.046],[93.274,38.896],[93.835,38.868],[93.77,38.821],[93.8,38.751],[93.973,38.725],[94.511,38.445],[94.561,38.352],[94.813,38.386],[94.974,38.43],[95.122,38.417],[95.21,38.328],[95.316,38.319],[95.456,38.292],[95.585,38.343],[95.704,38.4],[95.837,38.344],[95.932,38.259],[96.066,38.173],[96.253,38.168],[96.302,38.183],[96.463,38.278],[96.639,38.307],[96.708,38.459],[96.781,38.504],[96.809,38.582],[96.877,38.581],[97.047,38.654],[97.023,38.756],[96.994,38.835],[96.939,38.956],[96.97,39.098],[97.018,39.208],[97.221,39.193],[97.371,39.141],[97.505,39.077],[97.701,38.963],[98.009,38.859],[98.092,38.786],[98.235,38.919],[98.281,39.027],[98.401,39.002],[98.458,38.953],[98.624,38.959],[98.705,39.044],[98.817,39.086],[98.903,39.012],[99.108,38.952],[99.141,38.853],[99.362,38.718],[99.451,38.604],[99.585,38.499],[99.727,38.416],[99.96,38.321],[100.072,38.285],[100.183,38.222],[100.137,38.334],[100.001,38.467],[100.087,38.493],[100.24,38.442],[100.331,38.337],[100.424,38.307],[100.475,38.289],[100.595,38.242],[100.752,38.239],[100.913,38.179],[100.922,38.085],[100.918,37.999],[101.103,37.947],[101.159,37.868],[101.362,37.791],[101.552,37.836],[101.659,37.733],[101.855,37.665],[101.999,37.725],[102.035,37.628],[102.103,37.483],[102.197,37.42],[102.368,37.328],[102.453,37.272],[102.533,37.217],[102.642,37.1],[102.506,37.019],[102.526,36.928],[102.639,36.853],[102.639,36.733],[102.631,36.651],[102.715,36.599],[102.753,36.526],[102.83,36.365],[102.837,36.345],[102.923,36.298],[103.067,36.217],[102.966,36.152],[102.882,36.083],[102.952,36.022],[102.955,35.859],[102.817,35.85],[102.715,35.816],[102.744,35.658],[102.809,35.56],[102.783,35.528],[102.571,35.548],[102.499,35.545],[102.408,35.409],[102.288,35.365],[102.281,35.303],[102.366,35.236],[102.311,35.129],[102.218,35.057],[102.158,35.011],[102.048,34.911],[101.917,34.874],[101.92,34.622],[101.974,34.549],[102.14,34.504],[102.206,34.408],[102.237,34.343],[102.068,34.294],[102.031,34.191],[101.955,34.109],[101.852,34.153],[101.764,34.123],[101.703,34.119],[101.539,34.212],[101.418,34.228],[101.326,34.268],[101.235,34.325],[101.098,34.329],[100.951,34.384],[100.822,34.317],[100.764,34.179],[100.87,34.084],[100.928,33.975],[101.023,33.896],[101.153,33.823],[101.163,33.72],[101.218,33.67],[101.385,33.645],[101.502,33.703],[101.617,33.599],[101.719,33.495],[101.783,33.557],[101.884,33.578],[101.946,33.443],[101.877,33.315],[101.83,33.214],[101.866,33.103],[101.935,33.187],[102.089,33.205],[102.145,33.274],[102.217,33.248],[102.258,33.41],[102.369,33.413],[102.463,33.449],[102.478,33.543],[102.315,33.665],[102.325,33.755],[102.261,33.821],[102.168,33.983],[102.287,33.978],[102.392,33.972],[102.471,34.073],[102.649,34.08],[102.651,34.166],[102.729,34.236],[102.857,34.271],[102.949,34.292],[103.006,34.185],[103.124,34.162],[103.13,34.066],[103.157,33.999],[103.165,33.929],[103.165,33.806],[103.285,33.802],[103.434,33.753],[103.545,33.72],[103.564,33.7],[103.668,33.686],[103.861,33.682],[104.103,33.663],[104.18,33.473],[104.272,33.392],[104.42,33.327],[104.304,33.304],[104.351,33.159],[104.392,33.035],[104.378,32.953],[104.277,32.902],[104.459,32.749],[104.583,32.722],[104.697,32.673],[104.82,32.663],[104.925,32.608],[105.111,32.594],[105.219,32.666],[105.347,32.683],[105.454,32.767],[105.396,32.851],[105.414,32.922],[105.528,32.919],[105.638,32.879],[105.827,32.951],[105.927,33.042],[105.924,33.148],[105.969,33.154],[105.863,33.234],[105.753,33.292],[105.828,33.38],[105.842,33.49],[105.94,33.571],[106.087,33.617],[106.187,33.547],[106.352,33.587],[106.457,33.533],[106.576,33.632],[106.488,33.758],[106.475,33.876],[106.474,33.971],[106.502,34.105],[106.558,34.23],[106.527,34.292],[106.634,34.26],[106.705,34.3],[106.638,34.392],[106.514,34.498],[106.334,34.518],[106.419,34.644],[106.457,34.704],[106.54,34.746],[106.556,34.861],[106.485,34.984],[106.522,35.028],[106.615,35.071],[106.838,35.08],[106.991,35.068],[107.09,34.977],[107.189,34.893],[107.35,34.934],[107.455,34.917],[107.62,34.965],[107.742,34.954],[107.847,35.025],[107.773,35.061],[107.728,35.12],[107.653,35.245],[107.746,35.312],[107.96,35.264],[108.095,35.28],[108.24,35.256],[108.361,35.28],[108.583,35.295],[108.631,35.419],[108.618,35.557],[108.534,35.746],[108.519,35.905],[108.652,35.948],[108.682,36.062],[108.642,36.359],[108.563,36.439],[108.495,36.422],[108.392,36.506],[108.262,36.549],[108.205,36.607],[108.198,36.63],[108.08,36.614],[108.023,36.648],[107.941,36.695],[107.867,36.767],[107.722,36.802],[107.591,36.836],[107.478,36.908],[107.31,36.913],[107.288,37.008],[107.269,37.099],[107.134,37.135],[107.031,37.108],[106.912,37.11],[106.776,37.158],[106.729,37.121],[106.617,37.135],[106.667,37.017],[106.595,36.968],[106.549,36.942],[106.61,36.879],[106.637,36.867],[106.645,36.723],[106.52,36.709],[106.491,36.686],[106.466,36.583],[106.392,36.557],[106.397,36.548],[106.523,36.469],[106.498,36.313],[106.541,36.254],[106.686,36.273],[106.773,36.213],[106.859,36.207],[106.874,36.178],[106.958,36.091],[106.948,35.988],[106.941,35.931],[106.927,35.81],[106.867,35.739],[106.751,35.725],[106.663,35.707],[106.596,35.727],[106.506,35.737]]],[[[106.047,35.498],[106.049,35.489],[106.054,35.455],[106.072,35.464],[106.079,35.51],[106.047,35.498]]],[[[102.832,36.365],[102.83,36.365],[102.837,36.345],[102.839,36.346],[102.832,36.365]]],[[[106.073,35.447],[106.068,35.436],[106.073,35.421],[106.083,35.422],[106.073,35.447]]],[[[106.504,35.736],[106.506,35.737],[106.493,35.733],[106.498,35.733],[106.504,35.736]]]]}},{"type":"Feature","properties":{"id":"630000","名称":"青海省","所属省":"青海"},"geometry":{"type":"MultiPolygon","coordinates":[[[[102.83,36.365],[102.753,36.526],[102.715,36.599],[102.631,36.651],[102.639,36.733],[102.639,36.853],[102.526,36.928],[102.506,37.019],[102.642,37.1],[102.533,37.217],[102.453,37.272],[102.368,37.328],[102.197,37.42],[102.103,37.483],[102.035,37.628],[101.999,37.725],[101.855,37.665],[101.659,37.733],[101.552,37.836],[101.362,37.791],[101.159,37.868],[101.103,37.947],[100.918,37.999],[100.922,38.085],[100.913,38.179],[100.752,38.239],[100.595,38.242],[100.475,38.289],[100.424,38.307],[100.331,38.337],[100.24,38.442],[100.087,38.493],[100.001,38.467],[100.137,38.334],[100.183,38.222],[100.072,38.285],[99.96,38.321],[99.727,38.416],[99.585,38.499],[99.451,38.604],[99.362,38.718],[99.141,38.853],[99.108,38.952],[98.903,39.012],[98.817,39.086],[98.705,39.044],[98.624,38.959],[98.458,38.953],[98.401,39.002],[98.281,39.027],[98.235,38.919],[98.092,38.786],[98.009,38.859],[97.701,38.963],[97.505,39.077],[97.371,39.141],[97.221,39.193],[97.018,39.208],[96.97,39.098],[96.939,38.956],[96.994,38.835],[97.023,38.756],[97.047,38.654],[96.877,38.581],[96.809,38.582],[96.781,38.504],[96.708,38.459],[96.639,38.307],[96.463,38.278],[96.302,38.183],[96.253,38.168],[96.066,38.173],[95.932,38.259],[95.837,38.344],[95.704,38.4],[95.585,38.343],[95.456,38.292],[95.316,38.319],[95.21,38.328],[95.122,38.417],[94.974,38.43],[94.813,38.386],[94.561,38.352],[94.511,38.445],[93.973,38.725],[93.8,38.751],[93.77,38.821],[93.835,38.868],[93.274,38.896],[93.198,39.046],[93.142,39.161],[92.978,39.143],[92.867,39.139],[92.546,39.111],[92.459,39.043],[92.38,39],[92.173,38.961],[91.881,38.899],[91.695,38.866],[91.447,38.813],[91.188,38.731],[90.9,38.68],[90.619,38.665],[90.609,38.594],[90.463,38.557],[90.353,38.482],[90.131,38.494],[90.13,38.4],[90.281,38.238],[90.402,38.311],[90.519,37.731],[90.644,37.697],[90.855,37.604],[90.912,37.52],[91.073,37.476],[91.136,37.356],[91.191,37.206],[91.304,37.083],[91.216,37.01],[91.127,36.978],[90.984,36.913],[90.758,36.826],[90.755,36.721],[90.731,36.656],[90.811,36.586],[91.012,36.54],[91.028,36.443],[91.073,36.299],[91.092,36.164],[90.979,36.107],[90.816,36.036],[90.613,36.127],[90.424,36.134],[90.198,36.188],[90.058,36.256],[90.028,36.258],[89.945,36.141],[89.82,36.081],[89.689,36.091],[89.418,36.045],[89.428,35.917],[89.551,35.857],[89.708,35.849],[89.767,35.799],[89.749,35.663],[89.751,35.581],[89.72,35.502],[89.739,35.468],[89.62,35.412],[89.516,35.331],[89.486,35.257],[89.519,35.134],[89.591,35.058],[89.67,34.888],[89.788,34.922],[89.839,34.866],[89.799,34.744],[89.748,34.642],[89.815,34.549],[89.799,34.396],[89.867,34.325],[89.817,34.169],[89.757,34.125],[89.657,34.058],[89.688,33.96],[89.795,33.865],[89.942,33.801],[89.984,33.726],[89.984,33.612],[90.089,33.479],[90.247,33.424],[90.406,33.261],[90.627,33.18],[90.803,33.114],[90.928,33.12],[91.072,33.113],[91.188,33.106],[91.312,33.108],[91.496,33.109],[91.583,33.038],[91.753,32.969],[91.858,32.902],[92.019,32.83],[92.146,32.886],[92.194,32.802],[92.255,32.721],[92.356,32.765],[92.484,32.745],[92.635,32.721],[92.757,32.743],[92.867,32.698],[93.001,32.741],[93.07,32.626],[93.177,32.67],[93.26,32.627],[93.339,32.571],[93.463,32.556],[93.517,32.476],[93.722,32.578],[93.851,32.51],[93.96,32.485],[94.049,32.47],[94.177,32.454],[94.292,32.503],[94.372,32.525],[94.463,32.572],[94.591,32.641],[94.737,32.587],[94.807,32.486],[94.912,32.416],[95.057,32.395],[95.082,32.385],[95.228,32.364],[95.097,32.322],[95.207,32.297],[95.24,32.287],[95.315,32.149],[95.406,32.182],[95.421,32.034],[95.361,31.959],[95.406,31.897],[95.512,31.75],[95.634,31.782],[95.854,31.714],[95.984,31.817],[96.136,31.702],[96.208,31.599],[96.252,31.698],[96.178,31.775],[96.215,31.877],[96.253,31.93],[96.408,31.846],[96.519,31.749],[96.661,31.706],[96.779,31.676],[96.799,31.792],[96.795,31.869],[96.753,31.944],[96.824,32.008],[96.894,32.014],[96.936,32.048],[97.127,32.044],[97.215,32.043],[97.22,32.109],[97.293,32.097],[97.264,32.182],[97.371,32.273],[97.388,32.427],[97.335,32.514],[97.374,32.547],[97.464,32.555],[97.671,32.517],[97.701,32.535],[97.544,32.622],[97.424,32.705],[97.393,32.828],[97.376,32.957],[97.5,33.011],[97.487,33.107],[97.549,33.204],[97.676,33.341],[97.626,33.461],[97.523,33.577],[97.435,33.682],[97.406,33.795],[97.398,33.849],[97.504,33.912],[97.629,33.919],[97.703,34.037],[97.79,34.183],[97.797,34.199],[97.954,34.191],[98.158,34.107],[98.344,34.095],[98.428,34.029],[98.426,33.913],[98.463,33.849],[98.519,33.774],[98.611,33.683],[98.623,33.61],[98.678,33.523],[98.736,33.407],[98.802,33.27],[98.922,33.119],[99.015,33.081],[99.125,33.046],[99.235,32.982],[99.354,32.885],[99.558,32.839],[99.647,32.775],[99.76,32.77],[99.764,32.925],[99.851,32.942],[99.948,32.987],[100.03,32.896],[100.117,32.802],[100.11,32.64],[100.23,32.65],[100.339,32.719],[100.42,32.732],[100.517,32.632],[100.646,32.526],[100.673,32.628],[100.691,32.678],[100.888,32.633],[100.997,32.628],[101.125,32.658],[101.237,32.825],[101.124,32.91],[101.184,32.984],[101.146,33.057],[101.115,33.195],[101.183,33.27],[101.382,33.153],[101.403,33.225],[101.558,33.167],[101.654,33.163],[101.678,33.297],[101.696,33.434],[101.769,33.539],[101.622,33.502],[101.585,33.645],[101.428,33.68],[101.303,33.658],[101.167,33.66],[101.186,33.741],[101.154,33.844],[100.995,33.892],[100.935,33.99],[100.849,34.09],[100.809,34.247],[100.868,34.333],[100.987,34.375],[101.178,34.321],[101.229,34.299],[101.327,34.245],[101.482,34.219],[101.621,34.179],[101.719,34.083],[101.788,34.132],[101.874,34.13],[101.966,34.167],[102.014,34.218],[102.15,34.272],[102.237,34.343],[102.169,34.458],[102.093,34.536],[101.956,34.583],[101.918,34.706],[101.986,34.9],[102.095,34.987],[102.176,35.033],[102.253,35.049],[102.347,35.164],[102.37,35.264],[102.312,35.314],[102.294,35.424],[102.448,35.437],[102.503,35.585],[102.695,35.528],[102.729,35.523],[102.763,35.612],[102.708,35.705],[102.739,35.821],[102.914,35.845],[102.942,35.927],[102.968,36.044],[102.941,36.105],[102.987,36.193],[103.021,36.233],[102.897,36.332],[102.83,36.365]]]]}},{"type":"Feature","properties":{"id":"640000","名称":"宁夏回族自治区","所属省":"宁夏"},"geometry":{"type":"MultiPolygon","coordinates":[[[[107.269,37.099],[107.335,37.139],[107.271,37.229],[107.258,37.337],[107.346,37.519],[107.311,37.61],[107.389,37.671],[107.485,37.706],[107.6,37.791],[107.659,37.844],[107.492,37.945],[107.441,37.996],[107.24,38.112],[107.119,38.134],[107.01,38.12],[106.779,38.172],[106.628,38.233],[106.6,38.39],[106.71,38.719],[106.954,38.941],[106.934,39.077],[106.825,39.194],[106.806,39.277],[106.751,39.382],[106.602,39.376],[106.512,39.272],[106.296,39.168],[106.193,39.143],[106.097,39.085],[106.061,38.969],[105.993,38.857],[105.886,38.717],[105.874,38.593],[105.837,38.476],[105.835,38.388],[105.842,38.241],[105.768,38.121],[105.8,37.94],[105.677,37.772],[105.599,37.699],[105.315,37.702],[105.111,37.634],[104.805,37.539],[104.419,37.512],[104.287,37.428],[104.438,37.446],[104.521,37.435],[104.714,37.33],[104.624,37.299],[104.718,37.209],[104.865,37.173],[104.954,37.077],[105.04,37.007],[105.165,36.995],[105.245,36.895],[105.335,36.801],[105.276,36.752],[105.201,36.701],[105.261,36.603],[105.282,36.523],[105.363,36.443],[105.426,36.33],[105.46,36.268],[105.515,36.147],[105.406,36.074],[105.35,35.876],[105.381,35.793],[105.432,35.788],[105.596,35.716],[105.759,35.725],[105.691,35.699],[105.759,35.635],[105.816,35.575],[105.9,35.547],[106.047,35.498],[106.07,35.458],[106.071,35.449],[106.113,35.362],[106.196,35.41],[106.32,35.265],[106.416,35.276],[106.504,35.415],[106.466,35.481],[106.479,35.575],[106.493,35.733],[106.596,35.727],[106.663,35.707],[106.751,35.725],[106.867,35.739],[106.927,35.81],[106.941,35.931],[106.948,35.988],[106.958,36.091],[106.874,36.178],[106.859,36.207],[106.773,36.213],[106.686,36.273],[106.541,36.254],[106.498,36.313],[106.523,36.469],[106.397,36.548],[106.392,36.557],[106.466,36.583],[106.491,36.686],[106.52,36.709],[106.645,36.723],[106.637,36.867],[106.61,36.879],[106.549,36.942],[106.595,36.968],[106.667,37.017],[106.617,37.135],[106.729,37.121],[106.776,37.158],[106.912,37.11],[107.031,37.108],[107.134,37.135],[107.269,37.099]]],[[[106.049,35.489],[105.898,35.451],[105.895,35.414],[106.002,35.439],[106.034,35.469],[106.054,35.455],[106.049,35.489]]],[[[106.074,35.455],[106.07,35.458],[106.071,35.449],[106.073,35.45],[106.074,35.455]]]]}},{"type":"Feature","properties":{"id":"650000","名称":"新疆维吾尔自治区","所属省":"新疆"},"geometry":{"type":"MultiPolygon","coordinates":[[[[96.386,42.728],[95.88,43.28],[95.706,43.671],[95.527,44.008],[95.327,44.029],[95.376,44.227],[95.414,44.299],[94.999,44.253],[94.768,44.341],[94.606,44.448],[94.391,44.522],[94.28,44.604],[94.152,44.685],[93.716,44.894],[93.435,44.955],[93.314,44.98],[93.1,45.007],[92.933,45.018],[92.848,45.039],[92.548,45.018],[92.349,45.014],[92.1,45.081],[91.803,45.083],[91.5,45.104],[91.377,45.111],[91.231,45.154],[91.13,45.216],[90.962,45.201],[90.898,45.25],[90.805,45.295],[90.773,45.432],[90.677,45.583],[90.891,45.922],[91.022,46.121],[90.956,46.234],[90.996,46.419],[91.061,46.517],[91.018,46.582],[91.019,46.766],[90.943,46.826],[90.922,46.939],[90.767,46.993],[90.58,47.198],[90.488,47.317],[90.468,47.405],[90.468,47.498],[90.346,47.637],[90.216,47.705],[90.076,47.778],[90.066,47.883],[89.958,47.843],[89.735,47.898],[89.596,47.973],[89.498,48.028],[89.309,48.022],[89.156,47.997],[89.027,48.051],[88.825,48.107],[88.701,48.181],[88.602,48.222],[88.606,48.338],[88.536,48.369],[88.462,48.392],[88.363,48.461],[88.197,48.494],[88.109,48.546],[87.962,48.599],[88.09,48.695],[88.029,48.75],[87.872,48.8],[87.829,48.826],[87.742,48.881],[87.814,48.945],[87.912,48.98],[87.835,49.054],[87.867,49.109],[87.821,49.174],[87.7,49.176],[87.563,49.143],[87.512,49.102],[87.305,49.112],[87.113,49.156],[86.954,49.131],[86.85,49.067],[86.732,48.995],[86.782,48.887],[86.77,48.81],[86.772,48.717],[86.641,48.629],[86.58,48.539],[86.305,48.492],[86.054,48.441],[85.758,48.403],[85.678,48.266],[85.587,48.192],[85.552,48.081],[85.618,47.551],[85.702,47.384],[85.683,47.25],[85.583,47.143],[85.441,47.063],[85.277,47.069],[85.103,46.969],[84.98,46.883],[84.867,46.928],[84.748,47.01],[84.563,46.992],[84.371,46.993],[84.195,47.004],[84.039,46.973],[83.933,46.97],[83.699,47.016],[83.567,47.081],[83.419,47.119],[83.306,47.18],[83.207,47.214],[83.109,47.222],[82.993,47.065],[82.876,46.824],[82.789,46.678],[82.609,46.295],[82.401,45.972],[82.35,45.823],[82.289,45.655],[82.448,45.461],[82.588,45.224],[82.345,45.219],[82.109,45.211],[82.053,45.256],[81.88,45.284],[81.677,45.355],[81.576,45.308],[81.463,45.264],[81.382,45.258],[81.237,45.247],[81.112,45.218],[80.966,45.168],[80.862,45.127],[80.686,45.129],[80.494,45.127],[80.405,45.049],[80.292,45.066],[80.145,45.059],[80.061,45.026],[79.952,44.958],[79.969,44.878],[79.999,44.794],[80.17,44.845],[80.201,44.757],[80.4,44.629],[80.383,44.401],[80.401,44.199],[80.45,44.078],[80.485,43.956],[80.522,43.816],[80.746,43.439],[80.693,43.32],[80.789,43.242],[80.794,43.137],[80.707,43.144],[80.556,43.105],[80.379,43.032],[80.591,42.923],[80.451,42.862],[80.28,42.838],[80.226,42.713],[80.164,42.63],[80.265,42.502],[80.24,42.39],[80.272,42.282],[80.233,42.21],[80.14,42.151],[80.142,42.035],[79.853,42.015],[79.776,41.892],[79.617,41.856],[79.457,41.848],[79.326,41.81],[79.217,41.726],[79.043,41.681],[78.958,41.651],[78.825,41.56],[78.707,41.522],[78.581,41.482],[78.392,41.408],[78.325,41.384],[78.15,41.368],[78.129,41.228],[77.905,41.185],[77.807,41.092],[77.781,41.023],[77.654,41.016],[77.54,41.007],[77.415,41.039],[77.237,41.028],[77.091,41.063],[76.941,41.029],[76.818,40.975],[76.732,40.819],[76.647,40.737],[76.657,40.62],[76.557,40.542],[76.509,40.43],[76.391,40.378],[76.328,40.391],[76.224,40.402],[76.081,40.396],[76.026,40.355],[75.922,40.291],[75.831,40.328],[75.709,40.281],[75.686,40.418],[75.646,40.517],[75.637,40.624],[75.468,40.6],[75.292,40.484],[75.207,40.448],[75.051,40.45],[74.963,40.465],[74.819,40.506],[74.909,40.339],[74.7,40.346],[74.618,40.28],[74.485,40.182],[74.317,40.107],[74.126,40.105],[74.008,40.051],[73.911,39.934],[73.842,39.756],[73.954,39.6],[73.884,39.541],[73.836,39.472],[73.611,39.466],[73.554,39.35],[73.565,39.266],[73.64,39.22],[73.72,39.108],[73.78,39.027],[73.847,38.962],[73.743,38.934],[73.73,38.837],[73.809,38.634],[73.899,38.579],[74.034,38.542],[74.088,38.611],[74.23,38.656],[74.456,38.633],[74.614,38.593],[74.785,38.538],[74.868,38.404],[74.807,38.286],[74.805,38.167],[74.926,38.017],[74.937,37.876],[75.007,37.771],[74.921,37.685],[75.001,37.531],[75.079,37.511],[75.153,37.414],[75.126,37.322],[74.927,37.278],[74.8,37.248],[74.666,37.236],[74.578,37.231],[74.477,37.2],[74.496,37.116],[74.568,37.032],[74.709,37.085],[74.807,37.054],[74.87,36.99],[74.928,36.978],[75.063,37.006],[75.245,36.963],[75.414,36.955],[75.435,36.833],[75.505,36.743],[75.588,36.763],[75.807,36.708],[75.924,36.566],[75.991,36.352],[76.061,36.225],[75.968,36.159],[75.983,36.031],[76.097,36.023],[76.147,35.84],[76.228,35.837],[76.37,35.863],[76.516,35.881],[76.58,35.867],[76.594,35.772],[76.849,35.668],[76.998,35.611],[77.195,35.519],[77.355,35.494],[77.519,35.482],[77.64,35.455],[77.736,35.462],[77.816,35.519],[77.915,35.465],[78.01,35.492],[78.14,35.495],[78.047,35.384],[78.017,35.228],[78.079,35.1],[78.123,35.037],[78.182,34.937],[78.231,34.776],[78.267,34.706],[78.346,34.604],[78.436,34.544],[78.56,34.557],[78.635,34.538],[78.759,34.482],[78.878,34.392],[78.973,34.363],[79.011,34.4],[79.162,34.441],[79.274,34.436],[79.435,34.448],[79.581,34.456],[79.736,34.471],[79.844,34.557],[79.907,34.684],[79.927,34.849],[80.004,34.895],[80.024,34.971],[80.078,35.077],[80.224,35.177],[80.268,35.296],[80.375,35.388],[80.515,35.392],[80.6,35.409],[80.689,35.339],[80.894,35.324],[81.026,35.311],[81.032,35.381],[81.104,35.386],[81.219,35.319],[81.314,35.337],[81.441,35.333],[81.513,35.235],[81.805,35.271],[81.956,35.307],[82.053,35.35],[82.071,35.45],[82.19,35.513],[82.299,35.545],[82.336,35.651],[82.469,35.718],[82.629,35.692],[82.78,35.666],[82.895,35.674],[82.982,35.6],[83.068,35.463],[83.178,35.389],[83.334,35.397],[83.503,35.361],[83.599,35.351],[83.785,35.363],[83.906,35.403],[84.096,35.363],[84.201,35.381],[84.424,35.467],[84.449,35.55],[84.628,35.595],[84.798,35.648],[84.995,35.737],[85.271,35.789],[85.519,35.681],[85.653,35.731],[85.835,35.772],[86.035,35.847],[86.093,35.907],[86.174,36.008],[86.188,36.131],[86.358,36.169],[86.515,36.205],[86.7,36.245],[86.863,36.3],[86.944,36.284],[87.086,36.311],[87.194,36.349],[87.364,36.42],[87.46,36.41],[87.62,36.36],[87.826,36.392],[87.958,36.408],[88.092,36.435],[88.223,36.447],[88.366,36.458],[88.471,36.482],[88.618,36.428],[88.767,36.292],[88.839,36.353],[88.964,36.319],[89.102,36.281],[89.232,36.296],[89.376,36.228],[89.615,36.11],[89.82,36.081],[89.945,36.141],[90.028,36.258],[90.058,36.256],[90.198,36.188],[90.424,36.134],[90.613,36.127],[90.816,36.036],[90.979,36.107],[91.092,36.164],[91.073,36.299],[91.028,36.443],[91.012,36.54],[90.811,36.586],[90.731,36.656],[90.755,36.721],[90.758,36.826],[90.984,36.913],[91.127,36.978],[91.216,37.01],[91.304,37.083],[91.191,37.206],[91.136,37.356],[91.073,37.476],[90.912,37.52],[90.855,37.604],[90.644,37.697],[90.519,37.731],[90.402,38.311],[90.281,38.238],[90.13,38.4],[90.131,38.494],[90.353,38.482],[90.463,38.557],[90.609,38.594],[90.619,38.665],[90.9,38.68],[91.188,38.731],[91.447,38.813],[91.695,38.866],[91.881,38.899],[92.173,38.961],[92.38,39],[92.367,39.059],[92.339,39.237],[92.64,39.514],[92.797,40.154],[92.928,40.572],[93.821,40.794],[94.011,41.115],[94.75,41.538],[94.969,41.719],[95.136,41.773],[95.195,41.695],[95.336,41.644],[95.572,41.796],[95.801,41.848],[96.055,41.936],[96.139,42.054],[96.041,42.327],[95.979,42.437],[96.072,42.57],[96.386,42.728]]]]}},{"type":"Feature","properties":{"id":"710000","名称":"台湾省","所属省":"台湾"},"geometry":{"type":"MultiPolygon","coordinates":[[[[120.444,22.441],[120.641,22.242],[120.651,22.033],[120.743,21.916],[120.873,21.897],[120.912,22.086],[120.981,22.528],[121.079,22.67],[121.238,22.836],[121.355,23.01],[121.43,23.137],[121.48,23.323],[121.523,23.539],[121.66,24.007],[121.678,24.134],[121.826,24.424],[121.892,24.618],[121.845,24.837],[121.981,25.031],[121.842,25.135],[121.708,25.192],[121.623,25.295],[121.445,25.271],[121.32,25.141],[121.102,25.075],[120.961,24.94],[120.824,24.688],[120.643,24.49],[120.521,24.312],[120.392,24.118],[120.246,23.84],[120.095,23.588],[120.082,23.292],[120.133,23.001],[120.274,22.56],[120.444,22.441]]],[[[124.543,25.904],[124.585,25.909],[124.567,25.942],[124.543,25.904]]],[[[123.445,25.726],[123.47,25.713],[123.509,25.723],[123.512,25.755],[123.479,25.769],[123.446,25.75],[123.445,25.726]]],[[[119.646,23.551],[119.61,23.604],[119.562,23.531],[119.646,23.551]]],[[[123.667,25.914],[123.707,25.915],[123.69,25.94],[123.667,25.914]]],[[[119.506,23.625],[119.506,23.577],[119.472,23.557],[119.519,23.56],[119.525,23.625],[119.506,23.625]]],[[[119.498,23.387],[119.495,23.35],[119.517,23.35],[119.498,23.387]]],[[[119.557,23.667],[119.609,23.62],[119.615,23.661],[119.586,23.676],[119.557,23.667]]],[[[122.067,25.625],[122.087,25.611],[122.093,25.639],[122.067,25.625]]],[[[121.468,22.677],[121.475,22.644],[121.514,22.632],[121.515,22.676],[121.468,22.677]]],[[[121.51,22.087],[121.594,21.995],[121.576,22.084],[121.51,22.087]]],[[[122.097,25.5],[122.11,25.466],[122.122,25.496],[122.097,25.5]]],[[[119.421,23.217],[119.436,23.186],[119.453,23.216],[119.421,23.217]]],[[[120.355,22.327],[120.396,22.342],[120.383,22.356],[120.355,22.327]]]]}},{"type":"Feature","properties":{"id":"810000","名称":"香港特别行政区","所属省":"香港"},"geometry":{"type":"MultiPolygon","coordinates":[[[[114.032,22.504],[113.918,22.418],[113.957,22.36],[113.955,22.299],[113.889,22.271],[113.899,22.216],[113.997,22.206],[114.03,22.263],[114.121,22.321],[114.165,22.227],[114.266,22.201],[114.285,22.264],[114.316,22.3],[114.323,22.386],[114.324,22.384],[114.385,22.412],[114.376,22.436],[114.22,22.428],[114.253,22.445],[114.289,22.523],[114.26,22.548],[114.223,22.553],[114.095,22.534],[114.032,22.504]]],[[[114.143,22.214],[114.124,22.239],[114.121,22.178],[114.155,22.178],[114.167,22.205],[114.143,22.214]]],[[[114.306,22.372],[114.314,22.341],[114.333,22.354],[114.305,22.373],[114.306,22.372]]],[[[114.32,22.381],[114.323,22.386],[114.32,22.382],[114.32,22.381]]],[[[114.306,22.369],[114.306,22.372],[114.305,22.373],[114.306,22.369]]],[[[114.316,22.299],[114.317,22.299],[114.316,22.3],[114.316,22.3],[114.316,22.299]]],[[[114.319,22.382],[114.32,22.381],[114.32,22.382],[114.319,22.382]]],[[[114.372,22.323],[114.373,22.324],[114.372,22.324],[114.372,22.323]]],[[[114.324,22.297],[114.324,22.297],[114.324,22.298],[114.324,22.297]]]]}},{"type":"Feature","properties":{"id":"820000","名称":"澳门特别行政区","所属省":"澳门"},"geometry":{"type":"MultiPolygon","coordinates":[[[[113.554,22.108],[113.559,22.212],[113.554,22.142],[113.554,22.108]]],[[[113.587,22.201],[113.576,22.201],[113.576,22.195],[113.587,22.201]]]]}}]}